[RUN] power-on bootstrap: title -> START -> new diary -> Spring D1
[RUN] power-on ready after 5755 frames: normal_map S0D1
[RUN] D1 handoff: talks + truck + outdoor intro + shed + sleep → D2
[MULTI_NAV] Start: 5 waypoints, tilemap=0x04
[MULTI_NAV] Settle done, pos=(688,430) tilemap=0x04
[MULTI_NAV] Waypoint 2/5 tilemap=0x04 target=(688, 700)
[MULTI_NAV] Waypoint 3/5 tilemap=0x04 target=(688, 924)
[MULTI_NAV] Waypoint 4/5 tilemap=0x04 target=(500, 924)
[MULTI_NAV] Waypoint 5/5 tilemap=0x04 target=(392, 914)
[MULTI_NAV] Start: 4 waypoints, tilemap=0x04
[MULTI_NAV] Settle done, pos=(389,946) tilemap=0x04
[MULTI_NAV] Waypoint 2/4 tilemap=0x04 target=(300, 950)
[MULTI_NAV] Waypoint 3/4 tilemap=0x04 target=(152, 950)
[MULTI_NAV] Waypoint 4/4 tilemap=0x04 target=(152, 896)
[MULTI_NAV] Start: 5 waypoints, tilemap=0x04
[MULTI_NAV] Settle done, pos=(196,885) tilemap=0x04
[MULTI_NAV] Waypoint 2/5 tilemap=0x04 target=(601, 950)
[MULTI_NAV] Waypoint 3/5 tilemap=0x04 target=(601, 888)
[MULTI_NAV] No BFS path from (586,894), fallback walk (frame 1 stuck=0)
[MULTI_NAV] Reached exit waypoint, walking up
[MULTI_NAV] Exited map 0x04 → 0x24 after 27 frames
[MULTI_NAV] Settled on tilemap 0x24 pos=(598,874)
[MULTI_NAV] Waypoint 4/5 tilemap=0x24 target=(128, 200)
[MULTI_NAV] Waypoint 5/5 tilemap=0x24 target=(201, 154)
[MULTI_NAV] Start: 3 waypoints, tilemap=0x24
[MULTI_NAV] Settle done, pos=(230,135) tilemap=0x24
[MULTI_NAV] Waypoint 2/3 tilemap=0x24 target=(137, 212)
[MULTI_NAV] Reached exit waypoint, walking down
[MULTI_NAV] Exited map 0x24 → 0x04 after 12 frames
[MULTI_NAV] Settled on tilemap 0x04 pos=(137,212)
[MULTI_NAV] Waypoint 3/3 tilemap=0x04 target=(601, 940)
[MULTI_NAV] Start: 4 waypoints, tilemap=0x04
[MULTI_NAV] Settle done, pos=(600,905) tilemap=0x04
[MULTI_NAV] Waypoint 2/4 tilemap=0x04 target=(600, 280)
[MULTI_NAV] Waypoint 3/4 tilemap=0x04 target=(600, 262)
[MULTI_NAV] No BFS path from (586,270), fallback walk (frame 1 stuck=0)
[MULTI_NAV] Reached exit waypoint, walking up
[MULTI_NAV] Exited map 0x04 → 0x1C after 45 frames
[MULTI_NAV] Settled on tilemap 0x1C pos=(598,218)
[MULTI_NAV] Waypoint 4/4 tilemap=0x1C target=(598, 218)
[MULTI_NAV] Start: 3 waypoints, tilemap=0x1D
[MULTI_NAV] Settle done, pos=(103,184) tilemap=0x1D
[MULTI_NAV] Waypoint 2/3 tilemap=0x1D target=(104, 120)
[MULTI_NAV] Waypoint 3/3 tilemap=0x1D target=(101, 102)
[MULTI_NAV] Start: 5 waypoints, tilemap=0x1D
[MULTI_NAV] Settle done, pos=(103,113) tilemap=0x1D
[MULTI_NAV] Waypoint 2/5 tilemap=0x1D target=(104, 210)
[MULTI_NAV] No BFS path from (105,193), fallback walk (frame 1 stuck=0)
[MULTI_NAV] Relocalized from waypoint 2 to 3 on tilemap=0x1C
[MULTI_NAV] Waypoint 4/5 tilemap=0x1C target=(144, 480)
[MULTI_NAV] Reached exit waypoint, walking down
[MULTI_NAV] Exited map 0x1C → 0x04 after 2 frames
[MULTI_NAV] Settled on tilemap 0x04 pos=(150,468)
[MULTI_NAV] Waypoint 5/5 tilemap=0x04 target=(600, 280)
[MULTI_NAV] Start: 4 waypoints, tilemap=0x04
[MULTI_NAV] Settle done, pos=(617,264) tilemap=0x04
[MULTI_NAV] Waypoint 2/4 tilemap=0x04 target=(600, 280)
[MULTI_NAV] Waypoint 3/4 tilemap=0x04 target=(600, 262)
[MULTI_NAV] No BFS path from (586,270), fallback walk (frame 1 stuck=0)
[MULTI_NAV] Reached exit waypoint, walking up
[MULTI_NAV] Exited map 0x04 → 0x1C after 45 frames
[MULTI_NAV] Settled on tilemap 0x1C pos=(598,218)
[MULTI_NAV] Waypoint 4/4 tilemap=0x1C target=(144, 456)
[MULTI_NAV] Start: 3 waypoints, tilemap=0x1C
[MULTI_NAV] Settle done, pos=(132,457) tilemap=0x1C
[MULTI_NAV] Waypoint 2/3 tilemap=0x1C target=(144, 480)
[MULTI_NAV] Reached exit waypoint, walking down
[MULTI_NAV] Exited map 0x1C → 0x04 after 3 frames
[MULTI_NAV] Settled on tilemap 0x04 pos=(150,469)
[MULTI_NAV] Waypoint 3/3 tilemap=0x04 target=(600, 280)
[MULTI_NAV] Start: 6 waypoints, tilemap=0x04
[MULTI_NAV] Settle done, pos=(617,264) tilemap=0x04
[MULTI_NAV] Waypoint 2/6 tilemap=0x04 target=(600, 280)
[MULTI_NAV] Waypoint 3/6 tilemap=0x04 target=(500, 280)
[MULTI_NAV] Waypoint 4/6 tilemap=0x04 target=(376, 280)
[MULTI_NAV] Waypoint 5/6 tilemap=0x04 target=(376, 200)
[MULTI_NAV] Waypoint 6/6 tilemap=0x04 target=(358, 150)
[MULTI_NAV] Start: 2 waypoints, tilemap=0x1B
[MULTI_NAV] Settle done, pos=(365,138) tilemap=0x1B
[MULTI_NAV] Waypoint 2/2 tilemap=0x1B target=(103, 405)
[MULTI_NAV] Start: 3 waypoints, tilemap=0x1B
[MULTI_NAV] Settle done, pos=(108,435) tilemap=0x1B
[MULTI_NAV] Waypoint 2/3 tilemap=0x1B target=(128, 470)
[MULTI_NAV] Reached exit waypoint, walking down
[MULTI_NAV] Exited map 0x1B → 0x04 after 10 frames
[MULTI_NAV] Settled on tilemap 0x04 pos=(134,468)
[MULTI_NAV] Waypoint 3/3 tilemap=0x04 target=(376, 200)
[MULTI_NAV] Start: 3 waypoints, tilemap=0x04
[MULTI_NAV] Settle done, pos=(404,184) tilemap=0x04
[MULTI_NAV] Waypoint 2/3 tilemap=0x04 target=(688, 280)
[MULTI_NAV] Waypoint 3/3 tilemap=0x04 target=(688, 360)
[MULTI_NAV] Start: 1 waypoints, tilemap=0x0C
[MULTI_NAV] Settle done, pos=(136,296) tilemap=0x0C
[SLEEP] Inside house tilemap=0x15; navigating to bed
[SLEEP] Attempt 1/12 at bed pos=(71,86) tm=0x15
[MULTI_NAV] Start: 5 waypoints, tilemap=0x00
[MULTI_NAV] Waypoint 2/5 tilemap=0x00 target=(244, 375)
[MULTI_NAV] Waypoint 3/5 tilemap=0x00 target=(354, 377)
[MULTI_NAV] Waypoint 4/5 tilemap=0x00 target=(354, 489)
[MULTI_NAV] Waypoint 5/5 tilemap=0x00 target=(424, 489)
[RUN] D1 handoff OK after 20073 frames: S0D2 grass=True can=True
[RUN] state=power_on plan=d1_handoff+end_of_spring start=S0D1 days=None until=(None,None) end_of_spring=True max_frames=1500000
[MULTI_DAY] Plan 0:2 seed=potato phases=BUY_SEEDS_WINDOW, NAV_FARM_EXIT, BUY_SEEDS, CLEAR_FIELD
[MULTI_DAY] Start plan_day date=0:2
[DAY_PLAN] Starting phase 1/4: BUY_SEEDS_WINDOW (deadline)
[DAY_PLAN] BUY_SEEDS_WINDOW -> before cutoff at 06:08
[DAY_PLAN] Starting phase 2/4: NAV_FARM_EXIT (farm_exit)
[RUN] f=26000 date=S0D2 06:08 $300 phase=PLAN_DAY date=0:2 completed=0/40
[RUN] f=28000 date=S0D2 06:08 $300 phase=PLAN_DAY date=0:2 completed=0/40
[DAY_PLAN] Phase NAV_FARM_EXIT FAILURE: farm_exit timeout
[DAY_PLAN] Deferred NAV_FARM_EXIT until tomorrow: farm_exit timeout
[DAY_PLAN] Deferred BUY_SEEDS until tomorrow: farm_exit timeout
[DAY_PLAN] Skipping optional route after failure (farm_exit timeout): NAV_FARM_EXIT, BUY_SEEDS
[DAY_PLAN] Starting phase 4/4: CLEAR_FIELD (clear_field)
[CLEARER] Tool inventory: 0x10
[CLEARER] Startup missing tools: 0x03, 0x04; continuing with lift-only weeds/stones
[CLEARER] Startup complete
[CLEARER] Phase: WEED
[CLEARER] Target: WEED at (29, 30) (SICKLE)
[CLEARER] Lifting WEED
[CLEARER] Target: WEED at (30, 29) (SICKLE)
[CLEARER] Target: WEED at (30, 29) (SICKLE)
[CLEARER] Lifting WEED
[CLEARER] Debug @ 300f pos=Point(x=473, y=473) tool=0x10 stamina=100 state=clearing targets=858 cleared=1 failed=0
[CLEARER] Target: WEED at (31, 29) (SICKLE)
[CLEARER] Adjacent WEED at (31, 29) -> clear now
[CLEARER] Lifting WEED
[CLEARER] Target: WEED at (31, 28) (SICKLE)
[CLEARER] Adjacent WEED at (31, 28) -> clear now
[CLEARER] Lifting WEED
[CLEARER] Target: WEED at (31, 25) (SICKLE)
[CLEARER] Target: WEED at (31, 25) (SICKLE)
[CLEARER] Lifting WEED
[CLEARER] Target: WEED at (31, 24) (SICKLE)
[CLEARER] Debug @ 600f pos=Point(x=503, y=414) tool=0x10 stamina=100 state=clearing targets=855 cleared=5 failed=0
[CLEARER] Target: WEED at (31, 24) (SICKLE)
[CLEARER] Lifting WEED
[CLEARER] Target: WEED at (30, 24) (SICKLE)
[CLEARER] Target: WEED at (30, 24) (SICKLE)
[CLEARER] Lifting WEED
[CLEARER] Target: WEED at (34, 23) (SICKLE)
[CLEARER] Target: WEED at (35, 22) (SICKLE)
[CLEARER] Target: WEED at (35, 21) (SICKLE)
[CLEARER] Target: WEED at (36, 22) (SICKLE)
[CLEARER] Target: WEED at (36, 20) (SICKLE)
[CLEARER] Target: WEED at (37, 21) (SICKLE)
[CLEARER] Target: WEED at (35, 16) (SICKLE)
[CLEARER] Target: WEED at (35, 15) (SICKLE)
[CLEARER] Target: WEED at (36, 16) (SICKLE)
[CLEARER] Target: WEED at (31, 9) (SICKLE)
[CLEARER] Target: WEED at (30, 8) (SICKLE)
[CLEARER] Target: WEED at (32, 10) (SICKLE)
[CLEARER] Target: WEED at (54, 20) (SICKLE)
[CLEARER] Debug @ 900f pos=Point(x=502, y=249) tool=0x10 stamina=100 state=navigating targets=853 cleared=7 failed=12
[CLEARER] Target: WEED at (37, 24) (SICKLE)
[CLEARER] Target: WEED at (36, 25) (SICKLE)
[CLEARER] Target: WEED at (38, 24) (SICKLE)
[CLEARER] Target: WEED at (37, 25) (SICKLE)
[CLEARER] Target: WEED at (38, 26) (SICKLE)
[CLEARER] Target: WEED at (38, 25) (SICKLE)
[CLEARER] Target: WEED at (37, 26) (SICKLE)
[CLEARER] Target: WEED at (29, 32) (SICKLE)
[NAV] Stuck at (29, 26), trying alternate path
[RUN] f=30000 date=S0D2 07:11 $300 phase=PLAN_DAY date=0:2 completed=0/40
[CLEARER] Debug @ 1200f pos=Point(x=470, y=438) tool=0x10 stamina=100 state=navigating targets=853 cleared=7 failed=20
[NAV] Stuck at (29, 27), trying alternate path
[NAV] Stuck at (29, 28), trying alternate path
[CLEARER] Debug @ 1500f pos=Point(x=470, y=470) tool=0x10 stamina=100 state=navigating targets=853 cleared=7 failed=20
[NAV] Stuck at (29, 29), trying alternate path
[CLEARER] Target: WEED at (23, 32) (SICKLE)
[NAV] Stuck at (27, 30), trying alternate path
[CLEARER] Target: WEED at (20, 27) (SICKLE)
[CLEARER] Debug @ 1800f pos=Point(x=345, y=409) tool=0x10 stamina=100 state=navigating targets=853 cleared=7 failed=22
[CLEARER] Adjacent WEED at (20, 27) -> clear now
[CLEARER] Lifting WEED
[CLEARER] Target: WEED at (20, 26) (SICKLE)
[CLEARER] Adjacent WEED at (20, 26) -> clear now
[CLEARER] Lifting WEED
[CLEARER] Target: WEED at (22, 26) (SICKLE)
[CLEARER] Target: WEED at (22, 26) (SICKLE)
[CLEARER] Lifting WEED
[CLEARER] Target: WEED at (21, 32) (SICKLE)
[CLEARER] Debug @ 2100f pos=Point(x=357, y=425) tool=0x10 stamina=100 state=navigating targets=850 cleared=10 failed=22
[CLEARER] Target: WEED at (22, 32) (SICKLE)
[CLEARER] Target: WEED at (15, 28) (SICKLE)
[CLEARER] Target: WEED at (15, 28) (SICKLE)
[CLEARER] Lifting WEED
[CLEARER] Target: WEED at (14, 27) (SICKLE)
[CLEARER] Adjacent WEED at (13, 28) -> clear now
[CLEARER] Lifting WEED
[CLEARER] Adjacent WEED at (14, 27) -> clear now
[CLEARER] Debug @ 2400f pos=Point(x=230, y=459) tool=0x10 stamina=100 state=scanning targets=848 cleared=12 failed=24
[CLEARER] Adjacent WEED at (14, 27) -> clear now
[CLEARER] Lifting WEED
[CLEARER] Target: WEED at (12, 25) (SICKLE)
[CLEARER] Target: WEED at (12, 25) (SICKLE)
[CLEARER] Lifting WEED
[CLEARER] Target: WEED at (13, 32) (SICKLE)
[CLEARER] Adjacent STONE at (11, 29) -> clear now
[CLEARER] Adjacent STONE at (11, 29) -> clear now
[CLEARER] Lifting STONE
[CLEARER] Debug @ 2700f pos=Point(x=198, y=471) tool=0x10 stamina=100 state=clearing targets=845 cleared=14 failed=25
[CLEARER] Adjacent STONE at (12, 30) -> clear now
[CLEARER] Adjacent STONE at (12, 30) -> clear now
[CLEARER] Lifting STONE
[CLEARER] Lift did not clear (12, 30)
[CLEARER] Target: WEED at (8, 32) (SICKLE)
[CLEARER] Target: WEED at (5, 23) (SICKLE)
[CLEARER] Lifting WEED
[CLEARER] Lift did not clear (5, 23)
[CLEARER] Target: WEED at (4, 23) (SICKLE)
[CLEARER] Debug @ 3000f pos=Point(x=102, y=377) tool=0x10 stamina=100 state=navigating targets=845 cleared=15 failed=28
[NAV] Stuck at (6, 23), trying alternate path
[CLEARER] Target: WEED at (3, 18) (SICKLE)
[RUN] f=32000 date=S0D2 09:14 $300 phase=PLAN_DAY date=0:2 completed=0/40
[CLEARER] Lifting WEED
[CLEARER] Lift did not clear (3, 18)
[CLEARER] Target: WEED at (4, 16) (SICKLE)
[CLEARER] Lifting WEED
[CLEARER] Lift did not clear (4, 16)
[CLEARER] Target: WEED at (4, 15) (SICKLE)
[CLEARER] Debug @ 3300f pos=Point(x=71, y=278) tool=0x10 stamina=100 state=navigating targets=845 cleared=15 failed=31
[NAV] Stuck at (4, 17), trying alternate path
[CLEARER] Target: WEED at (4, 14) (SICKLE)
[CLEAR] Dropping held item before done (1/6 held=0x0D)
[CLEAR] Dropping held item before done (2/6 held=0x0D)
[DAY_PLAN] CLEAR_FIELD -> clear_budget cleared=15 remaining=765 lift_only
[MULTI_DAY] Start return_home date=0:2
[RETURN_HOME] House approach from (73,278) → (136,424) wps=1 deep_south=False south_of_fence=False
[MULTI_NAV] Start: 1 waypoints, tilemap=0x00
[RUN] f=34000 date=S0D2 12:02 $300 phase=RETURN_HOME date=0:2 completed=0/40
[MULTI_DAY] Start sleep date=0:2
[SLEEP] Attempt 1/12 at bed pos=(70,87) tm=0x15
[RUN] f=36000 date=S0D2 13:10 $300 phase=SLEEP date=0:2 completed=0/40
[RUN] day change S0D2 -> S0D3 at frame=36024
[MULTI_DAY] Day journal 0:2 -> 0:3 ok=['BUY_SEEDS_WINDOW', 'CLEAR_FIELD'] skipped=['(none)'] no_work=['(none)'] money=300
[MULTI_DAY] Completed sleep 1: now date=0:3 (day advanced; morning house ready)
[MULTI_DAY] Settling morning scene before next day plan
[MULTI_DAY] Morning settled: normal_map@house/base/size22 tilemap=0x15 pos=(136,120)
[MULTI_DAY] Plan 0:3 seed=potato phases=EXIT_TO_FARM, DYNAMIC_OUTDOOR_PLAN
[MULTI_DAY] Start plan_day date=0:3
[DAY_PLAN] Starting phase 1/2: EXIT_TO_FARM (farm_building_exit)
[DAY_PLAN] EXIT_TO_FARM -> tilemap=0x00
[DAY_PLAN] DYNAMIC_OUTDOOR_PLAN expanded to: BUY_SEEDS_WINDOW, NAV_FARM_EXIT, BUY_SEEDS, CLEAR_FIELD
[DAY_PLAN] Starting phase 2/5: BUY_SEEDS_WINDOW (deadline)
[DAY_PLAN] BUY_SEEDS_WINDOW -> before cutoff at 06:00
[DAY_PLAN] Starting phase 3/5: NAV_FARM_EXIT (farm_exit)
[DAY_PLAN] NAV_FARM_EXIT -> arrived
[DAY_PLAN] Starting phase 4/5: BUY_SEEDS (cross_map)
[CROSS_MAP] Exited to tilemap 0x0C
[RUN] f=38000 date=S0D3 07:06 $300 phase=PLAN_DAY date=0:3 completed=1/40
[DAY_PLAN] BUY_SEEDS -> returned to origin map
[DAY_PLAN] Ready to go home (from BUY_SEEDS)
[DAY_PLAN] Starting phase 5/5: CLEAR_FIELD (clear_field)
[CLEARER] Tool inventory: 0x0C
[CLEARER] Startup missing tools: 0x03, 0x04; continuing with lift-only weeds/stones
[CLEARER] Startup complete
[CLEARER] Phase: WEED
[CLEARER] Target: WEED at (4, 23) (SICKLE)
[CLEARER] Lifting WEED
[CLEARER] Target: WEED at (5, 23) (SICKLE)
[CLEARER] Debug @ 300f pos=Point(x=61, y=377) tool=0x10 stamina=100 state=navigating targets=844 cleared=1 failed=0
[CLEARER] Adjacent WEED at (5, 23) -> clear now
[CLEARER] Lifting WEED
[CLEARER] Target: WEED at (4, 16) (SICKLE)
[CLEARER] Adjacent STONE at (4, 19) -> clear now
[CLEARER] Lifting STONE
[CLEARER] Target: WEED at (4, 16) (SICKLE)
[CLEARER] Adjacent STONE at (4, 19) -> clear now
[CLEARER] Lifting STONE
[CLEARER] Debug @ 600f pos=Point(x=71, y=297) tool=0x10 stamina=100 state=clearing targets=843 cleared=3 failed=0
[CLEARER] Target: WEED at (4, 16) (SICKLE)
[CLEARER] Adjacent STONE at (4, 19) -> clear now
[CLEARER] Lifting STONE
[CLEARER] Target: WEED at (4, 16) (SICKLE)
[CLEARER] Adjacent STONE at (4, 19) -> clear now
[CLEARER] Lifting STONE
[RUN] f=40000 date=S0D3 09:08 $100 phase=PLAN_DAY date=0:3 completed=1/40
[CLEARER] Target: WEED at (4, 16) (SICKLE)
[CLEARER] Adjacent STONE at (4, 19) -> clear now
[CLEARER] Lifting STONE
[CLEARER] Debug @ 900f pos=Point(x=71, y=297) tool=0x10 stamina=100 state=clearing targets=842 cleared=3 failed=0
[CLEARER] Target: WEED at (4, 16) (SICKLE)
[CLEARER] Adjacent STONE at (4, 19) -> clear now
[CLEARER] Lifting STONE
[CLEARER] Target: WEED at (4, 16) (SICKLE)
[CLEARER] Adjacent STONE at (4, 19) -> clear now
[CLEARER] Lifting STONE
[CLEARER] Target: WEED at (4, 16) (SICKLE)
[CLEARER] Adjacent STONE at (4, 19) -> clear now
[CLEARER] Lifting STONE
[CLEARER] Debug @ 1200f pos=Point(x=71, y=297) tool=0x10 stamina=100 state=scanning targets=842 cleared=3 failed=0
[CLEARER] Target: WEED at (4, 16) (SICKLE)
[CLEARER] Adjacent STONE at (4, 19) -> clear now
[CLEARER] Lifting STONE
[CLEARER] Target: WEED at (4, 16) (SICKLE)
[CLEARER] Adjacent STONE at (4, 19) -> clear now
[CLEARER] Lifting STONE
[CLEARER] Target: WEED at (4, 16) (SICKLE)
[CLEARER] Adjacent STONE at (4, 19) -> clear now
[CLEARER] Lifting STONE
[CLEARER] Target: WEED at (4, 16) (SICKLE)
[CLEARER] Debug @ 1500f pos=Point(x=71, y=289) tool=0x10 stamina=100 state=scanning targets=842 cleared=3 failed=0
[CLEARER] Adjacent STONE at (4, 19) -> clear now
[CLEARER] Lifting STONE
[CLEARER] Target: WEED at (4, 16) (SICKLE)
[CLEARER] Adjacent STONE at (4, 19) -> clear now
[CLEARER] Lifting STONE
[CLEARER] Target: WEED at (4, 16) (SICKLE)
[CLEARER] Adjacent STONE at (4, 19) -> clear now
[CLEARER] Lifting STONE
[CLEARER] Target: WEED at (4, 16) (SICKLE)
[CLEARER] Adjacent STONE at (4, 19) -> clear now
[CLEARER] Debug @ 1800f pos=Point(x=71, y=290) tool=0x10 stamina=100 state=clearing targets=843 cleared=3 failed=0
[CLEARER] Lifting STONE
[CLEARER] Target: WEED at (4, 16) (SICKLE)
[CLEARER] Adjacent STONE at (4, 19) -> clear now
[CLEARER] Lifting STONE
[CLEARER] Target: WEED at (4, 16) (SICKLE)
[CLEARER] Adjacent STONE at (4, 19) -> clear now
[CLEARER] Lifting STONE
[CLEARER] Target: WEED at (4, 16) (SICKLE)
[CLEARER] Adjacent STONE at (4, 19) -> clear now
[CLEARER] Lifting STONE
[CLEARER] Debug @ 2100f pos=Point(x=71, y=297) tool=0x10 stamina=100 state=clearing targets=842 cleared=3 failed=0
[CLEARER] Target: WEED at (4, 16) (SICKLE)
[CLEARER] Adjacent STONE at (4, 19) -> clear now
[CLEARER] Lifting STONE
[CLEARER] Target: WEED at (4, 16) (SICKLE)
[CLEARER] Adjacent STONE at (4, 19) -> clear now
[CLEARER] Lifting STONE
[CLEARER] Target: WEED at (4, 16) (SICKLE)
[CLEARER] Adjacent STONE at (4, 19) -> clear now
[CLEARER] Lifting STONE
[CLEARER] Debug @ 2400f pos=Point(x=71, y=297) tool=0x10 stamina=100 state=clearing targets=842 cleared=3 failed=0
[CLEARER] Target: WEED at (4, 16) (SICKLE)
[CLEARER] Adjacent STONE at (4, 19) -> clear now
[CLEARER] Lifting STONE
[CLEARER] Target: WEED at (4, 16) (SICKLE)
[CLEARER] Adjacent STONE at (4, 19) -> clear now
[CLEARER] Lifting STONE
[CLEARER] Target: WEED at (4, 16) (SICKLE)
[CLEARER] Adjacent STONE at (4, 19) -> clear now
[CLEARER] Lifting STONE
[CLEARER] Target: WEED at (4, 16) (SICKLE)
[CLEARER] Debug @ 2700f pos=Point(x=71, y=289) tool=0x10 stamina=100 state=scanning targets=842 cleared=3 failed=0
[CLEARER] Adjacent STONE at (4, 19) -> clear now
[CLEARER] Lifting STONE
[CLEARER] Target: WEED at (4, 16) (SICKLE)
[CLEARER] Adjacent STONE at (4, 19) -> clear now
[RUN] f=42000 date=S0D3 11:11 $100 phase=PLAN_DAY date=0:3 completed=1/40
[CLEARER] Lifting STONE
[CLEARER] Target: WEED at (4, 16) (SICKLE)
[CLEARER] Adjacent STONE at (4, 19) -> clear now
[CLEARER] Lifting STONE
[CLEARER] Target: WEED at (4, 16) (SICKLE)
[CLEARER] Debug @ 3000f pos=Point(x=71, y=289) tool=0x10 stamina=100 state=scanning targets=843 cleared=3 failed=0
[CLEARER] Adjacent STONE at (4, 19) -> clear now
[CLEARER] Lifting STONE
[CLEARER] Target: WEED at (4, 16) (SICKLE)
[CLEARER] Adjacent STONE at (4, 19) -> clear now
[CLEARER] Lifting STONE
[CLEARER] Target: WEED at (4, 16) (SICKLE)
[CLEARER] Adjacent STONE at (4, 19) -> clear now
[CLEARER] Lifting STONE
[CLEARER] Debug @ 3300f pos=Point(x=71, y=297) tool=0x10 stamina=100 state=clearing targets=843 cleared=3 failed=0
[CLEARER] Target: WEED at (4, 16) (SICKLE)
[CLEARER] Adjacent STONE at (4, 19) -> clear now
[CLEARER] Lifting STONE
[CLEARER] Target: WEED at (4, 16) (SICKLE)
[CLEARER] Adjacent STONE at (4, 19) -> clear now
[CLEARER] Lifting STONE
[CLEAR] Dropping held item before done (1/6 held=0x0D)
[DAY_PLAN] CLEAR_FIELD -> clear_budget cleared=3 remaining=762 lift_only
[MULTI_DAY] Start return_home date=0:3
[RETURN_HOME] House approach from (73,301) → (136,424) wps=1 deep_south=False south_of_fence=False
[MULTI_NAV] Start: 1 waypoints, tilemap=0x00
[RETURN_HOME] Nav finished off-stand pos=(136,412); correcting to (136,424) (1/6)
[MULTI_DAY] Start sleep date=0:3
[SLEEP] Attempt 1/12 at bed pos=(70,87) tm=0x15
[RUN] f=44000 date=S0D3 13:09 $100 phase=SLEEP date=0:3 completed=1/40
[RUN] day change S0D3 -> S0D4 at frame=44341
[MULTI_DAY] Day journal 0:3 -> 0:4 ok=['EXIT_TO_FARM', 'BUY_SEEDS_WINDOW', 'NAV_FARM_EXIT', 'BUY_SEEDS', 'CLEAR_FIELD'] skipped=['(none)'] no_work=['(none)'] money=100
[MULTI_DAY] Completed sleep 2: now date=0:4 (day advanced; morning house ready)
[MULTI_DAY] Settling morning scene before next day plan
[MULTI_DAY] Morning settled: normal_map@house/base/size22 tilemap=0x15 pos=(136,120)
[MULTI_DAY] Plan 0:4 seed=potato phases=EXIT_TO_FARM, DYNAMIC_OUTDOOR_PLAN
[MULTI_DAY] Start plan_day date=0:4
[DAY_PLAN] Starting phase 1/2: EXIT_TO_FARM (farm_building_exit)
[DAY_PLAN] EXIT_TO_FARM -> tilemap=0x00
[DAY_PLAN] DYNAMIC_OUTDOOR_PLAN expanded to: CLEAR_FIELD, ENSURE_CROP_SEEDS, NAV_CROP, CROP_ESTABLISH, ENSURE_WATERING_CAN, NAV_CROP, CROP_WATER
[DAY_PLAN] Starting phase 2/8: CLEAR_FIELD (clear_field)
[CLEARER] Tool inventory: 0x0C
[CLEARER] Startup missing tools: 0x03, 0x04; continuing with lift-only weeds/stones
[CLEARER] Startup complete
[CLEARER] Phase: WEED
[CLEARER] Target: WEED at (4, 16) (SICKLE)
[CLEARER] Lifting WEED
[CLEARER] Target: WEED at (4, 15) (SICKLE)
[CLEARER] Debug @ 300f pos=Point(x=65, y=265) tool=0x10 stamina=100 state=scanning targets=848 cleared=1 failed=0
[CLEARER] Adjacent WEED at (4, 15) -> clear now
[CLEARER] Lifting WEED
[CLEARER] Adjacent STONE at (4, 17) -> clear now
[CLEARER] Adjacent STONE at (4, 17) -> clear now
[CLEARER] Lifting STONE
[CLEARER] Target: WEED at (4, 14) (SICKLE)
[CLEARER] Adjacent STONE at (4, 17) -> clear now
[CLEARER] Lifting STONE
[CLEARER] Target: WEED at (4, 14) (SICKLE)
[CLEARER] Adjacent STONE at (4, 17) -> clear now
[CLEARER] Lifting STONE
[CLEARER] Debug @ 600f pos=Point(x=71, y=265) tool=0x10 stamina=100 state=clearing targets=846 cleared=3 failed=0
[CLEARER] Target: WEED at (4, 14) (SICKLE)
[CLEARER] Adjacent STONE at (4, 17) -> clear now
[CLEARER] Lifting STONE
[CLEARER] Target: WEED at (4, 14) (SICKLE)
[CLEARER] Adjacent STONE at (4, 17) -> clear now
[CLEARER] Lifting STONE
[CLEARER] Target: WEED at (4, 14) (SICKLE)
[CLEARER] Adjacent STONE at (4, 17) -> clear now
[CLEARER] Lifting STONE
[CLEARER] Debug @ 900f pos=Point(x=71, y=265) tool=0x10 stamina=100 state=clearing targets=846 cleared=3 failed=0
[CLEARER] Target: WEED at (4, 14) (SICKLE)
[CLEARER] Adjacent STONE at (4, 17) -> clear now
[CLEARER] Lifting STONE
[CLEARER] Target: WEED at (4, 14) (SICKLE)
[CLEARER] Adjacent STONE at (4, 17) -> clear now
[CLEARER] Lifting STONE
[RUN] f=46000 date=S0D4 07:01 $100 phase=PLAN_DAY date=0:4 completed=2/40
[CLEARER] Target: WEED at (4, 14) (SICKLE)
[CLEARER] Adjacent STONE at (4, 17) -> clear now
[CLEARER] Lifting STONE
[CLEARER] Target: WEED at (4, 14) (SICKLE)
[CLEARER] Debug @ 1200f pos=Point(x=71, y=255) tool=0x10 stamina=100 state=navigating targets=846 cleared=3 failed=0
[CLEARER] Adjacent STONE at (4, 17) -> clear now
[CLEARER] Lifting STONE
[CLEARER] Target: WEED at (4, 14) (SICKLE)
[CLEARER] Adjacent STONE at (4, 17) -> clear now
[CLEARER] Lifting STONE
[CLEARER] Target: WEED at (4, 14) (SICKLE)
[CLEARER] Adjacent STONE at (4, 17) -> clear now
[CLEARER] Lifting STONE
[CLEARER] Target: WEED at (4, 14) (SICKLE)
[CLEARER] Debug @ 1500f pos=Point(x=71, y=257) tool=0x10 stamina=100 state=scanning targets=846 cleared=3 failed=0
[CLEARER] Adjacent STONE at (4, 17) -> clear now
[CLEARER] Lifting STONE
[CLEARER] Target: WEED at (4, 14) (SICKLE)
[CLEARER] Adjacent STONE at (4, 17) -> clear now
[CLEARER] Lifting STONE
[CLEARER] Target: WEED at (4, 14) (SICKLE)
[CLEARER] Adjacent STONE at (4, 17) -> clear now
[CLEARER] Lifting STONE
[CLEARER] Target: WEED at (4, 14) (SICKLE)
[CLEARER] Adjacent STONE at (4, 17) -> clear now
[CLEARER] Debug @ 1800f pos=Point(x=71, y=263) tool=0x10 stamina=100 state=clearing targets=847 cleared=3 failed=0
[CLEARER] Lifting STONE
[CLEARER] Target: WEED at (4, 14) (SICKLE)
[CLEARER] Adjacent STONE at (4, 17) -> clear now
[CLEARER] Lifting STONE
[CLEARER] Target: WEED at (4, 14) (SICKLE)
[CLEARER] Adjacent STONE at (4, 17) -> clear now
[CLEARER] Lifting STONE
[CLEARER] Target: WEED at (4, 14) (SICKLE)
[CLEARER] Adjacent STONE at (4, 17) -> clear now
[CLEARER] Lifting STONE
[CLEARER] Debug @ 2100f pos=Point(x=71, y=265) tool=0x10 stamina=100 state=clearing targets=846 cleared=3 failed=0
[CLEARER] Target: WEED at (4, 14) (SICKLE)
[CLEARER] Adjacent STONE at (4, 17) -> clear now
[CLEARER] Lifting STONE
[CLEARER] Target: WEED at (4, 14) (SICKLE)
[CLEARER] Adjacent STONE at (4, 17) -> clear now
[CLEARER] Lifting STONE
[CLEARER] Target: WEED at (4, 14) (SICKLE)
[CLEARER] Adjacent STONE at (4, 17) -> clear now
[CLEARER] Lifting STONE
[CLEARER] Debug @ 2400f pos=Point(x=71, y=265) tool=0x10 stamina=100 state=clearing targets=846 cleared=3 failed=0
[CLEARER] Target: WEED at (4, 14) (SICKLE)
[CLEARER] Adjacent STONE at (4, 17) -> clear now
[CLEARER] Lifting STONE
[CLEARER] Target: WEED at (4, 14) (SICKLE)
[CLEARER] Adjacent STONE at (4, 17) -> clear now
[CLEARER] Lifting STONE
[CLEARER] Target: WEED at (4, 14) (SICKLE)
[CLEARER] Adjacent STONE at (4, 17) -> clear now
[CLEARER] Lifting STONE
[CLEARER] Target: WEED at (4, 14) (SICKLE)
[CLEARER] Debug @ 2700f pos=Point(x=71, y=257) tool=0x10 stamina=100 state=scanning targets=846 cleared=3 failed=0
[CLEARER] Adjacent STONE at (4, 17) -> clear now
[CLEARER] Lifting STONE
[CLEARER] Target: WEED at (4, 14) (SICKLE)
[CLEARER] Adjacent STONE at (4, 17) -> clear now
[CLEARER] Lifting STONE
[CLEARER] Target: WEED at (4, 14) (SICKLE)
[CLEARER] Adjacent STONE at (4, 17) -> clear now
[CLEARER] Lifting STONE
[CLEARER] Target: WEED at (4, 14) (SICKLE)
[CLEARER] Adjacent STONE at (4, 17) -> clear now
[CLEARER] Debug @ 3000f pos=Point(x=71, y=257) tool=0x10 stamina=100 state=clearing targets=847 cleared=3 failed=0
[CLEARER] Lifting STONE
[CLEARER] Target: WEED at (4, 14) (SICKLE)
[RUN] f=48000 date=S0D4 09:04 $100 phase=PLAN_DAY date=0:4 completed=2/40
[CLEARER] Adjacent STONE at (4, 17) -> clear now
[CLEARER] Lifting STONE
[CLEARER] Target: WEED at (4, 14) (SICKLE)
[CLEARER] Adjacent STONE at (4, 17) -> clear now
[CLEARER] Lifting STONE
[CLEARER] Target: WEED at (4, 14) (SICKLE)
[CLEARER] Adjacent STONE at (4, 17) -> clear now
[CLEARER] Lifting STONE
[CLEARER] Debug @ 3300f pos=Point(x=71, y=265) tool=0x10 stamina=100 state=clearing targets=846 cleared=3 failed=0
[CLEARER] Target: WEED at (4, 14) (SICKLE)
[CLEARER] Adjacent STONE at (4, 17) -> clear now
[CLEARER] Lifting STONE
[CLEARER] Target: WEED at (4, 14) (SICKLE)
[CLEARER] Adjacent STONE at (4, 17) -> clear now
[CLEARER] Lifting STONE
[CLEAR] Dropping held item before done (1/6 held=0x0D)
[DAY_PLAN] CLEAR_FIELD -> clear_budget cleared=3 remaining=766 lift_only
[DAY_PLAN] Starting phase 3/8: ENSURE_CROP_SEEDS (ensure_seed)
[MULTI_NAV] Start: 5 waypoints, tilemap=0x00
[RUN] f=50000 date=S0D4 11:07 $100 phase=PLAN_DAY date=0:4 completed=2/40
[RUN] f=52000 date=S0D4 13:10 $100 phase=PLAN_DAY date=0:4 completed=2/40
[DAY_PLAN] Phase ENSURE_CROP_SEEDS FAILURE: ensure_hoe failed: route failed: multi_nav timeout
[DAY_PLAN] Skipping failed phase ENSURE_CROP_SEEDS: ensure_hoe failed: route failed: multi_nav timeout
[DAY_PLAN] Deferred ENSURE_CROP_SEEDS until tomorrow: ensure_hoe failed: route failed: multi_nav timeout
[DAY_PLAN] Starting phase 4/8: NAV_CROP (nav)
[DAY_PLAN] NAV_CROP -> arrived
[DAY_PLAN] Starting phase 5/8: CROP_ESTABLISH (crop)
[CROP] Prefer fallback till (14, 27) (dist=0) over planner (35, 27) (dist=21, zone=full_farm)
[CROP] Detected 1 plots: [(14, 27)] mode=establish 
[CROP] Plot 1/1 center=(14,27) phase=HOE steps=6
[CROP] Hoe 0x02 not found, skipping establish plot at (14, 27)
[CROP] Complete (failure): establish fail: planted=0 with seed stock passes=1
[DAY_PLAN] Phase CROP_ESTABLISH FAILURE: establish fail: planted=0 with seed stock passes=1
[DAY_PLAN] Recovering before aborting required phase CROP_ESTABLISH: establish fail: planted=0 with seed stock passes=1
[DAY_PLAN] Recovery complete for CROP_ESTABLISH: recovered at normal_map@farm/farm tilemap=0x00 pos=(264,456)
[DAY_PLAN] Starting phase 5/8: CROP_ESTABLISH (crop)
[CROP] Prefer fallback till (16, 28) (dist=0) over planner (35, 27) (dist=20, zone=full_farm)
[CROP] Detected 1 plots: [(16, 28)] mode=establish 
[CROP] Plot 1/1 center=(16,28) phase=HOE steps=5
[CROP] SKIP hoe tile 1/5 (no path) target=(17, 28)
[CROP] SKIP hoe tile 2/5 (no path) target=(17, 29)
[CROP] Hoe 0x02 not found, skipping establish plot at (16, 28)
[CROP] Complete (failure): establish fail: planted=0 with seed stock passes=1
[DAY_PLAN] Phase CROP_ESTABLISH FAILURE: establish fail: planted=0 with seed stock passes=1
[MULTI_DAY] Failed day checkpoint date=0:4 phase=plan_day status=failure: required phase CROP_ESTABLISH failed after recovery: establish fail: planted=0 with seed stock passes=1
[MULTI_DAY] Forcing return_home after failed day work
[MULTI_DAY] Start return_home date=0:4
[RETURN_HOME] House approach from (232,456) → (136,424) wps=1 deep_south=False south_of_fence=False
[MULTI_NAV] Start: 1 waypoints, tilemap=0x00
[MULTI_DAY] Start sleep date=0:4
[SLEEP] Attempt 1/12 at bed pos=(70,87) tm=0x15
[RUN] f=54000 date=S0D4 15:07 $100 phase=SLEEP date=0:4 completed=2/40
[RUN] day change S0D4 -> S0D5 at frame=54337
[MULTI_DAY] Day journal 0:4 -> 0:5 ok=['EXIT_TO_FARM', 'CLEAR_FIELD', 'NAV_CROP'] skipped=['ENSURE_CROP_SEEDS'] no_work=['(none)'] money=100
[MULTI_DAY] Completed sleep 3: now date=0:5 (day advanced; morning house ready)
[MULTI_DAY] Settling morning scene before next day plan
[MULTI_DAY] Morning settled: normal_map@house/base/size22 tilemap=0x15 pos=(136,120)
[MULTI_DAY] Plan 0:5 seed=potato phases=EXIT_TO_FARM, DYNAMIC_OUTDOOR_PLAN
[MULTI_DAY] Start plan_day date=0:5
[DAY_PLAN] Starting phase 1/2: EXIT_TO_FARM (farm_building_exit)
[DAY_PLAN] EXIT_TO_FARM -> tilemap=0x00
[DAY_PLAN] DYNAMIC_OUTDOOR_PLAN expanded to: CLEAR_FIELD, ENSURE_CROP_SEEDS, NAV_CROP, CROP_ESTABLISH, ENSURE_WATERING_CAN, NAV_CROP, CROP_WATER
[DAY_PLAN] Starting phase 2/8: CLEAR_FIELD (clear_field)
[CLEARER] Tool inventory: 0x0C
[CLEARER] Startup missing tools: 0x03, 0x04; continuing with lift-only weeds/stones
[CLEARER] Startup complete
[CLEARER] Phase: WEED
[CLEARER] Target: WEED at (9, 12) (SICKLE)
[NAV] Stuck at (9, 21), trying alternate path
[CLEARER] Debug @ 300f pos=Point(x=122, y=342) tool=0x10 stamina=100 state=navigating targets=847 cleared=0 failed=0
[CLEARER] Debug @ 600f pos=Point(x=122, y=342) tool=0x10 stamina=100 state=navigating targets=847 cleared=0 failed=0
[CLEARER] Debug @ 900f pos=Point(x=132, y=342) tool=0x10 stamina=100 state=navigating targets=847 cleared=0 failed=0
[RUN] f=56000 date=S0D5 07:01 $100 phase=PLAN_DAY date=0:5 completed=3/40
[CLEARER] Debug @ 1200f pos=Point(x=127, y=342) tool=0x10 stamina=100 state=navigating targets=847 cleared=0 failed=0
[CLEARER] Debug @ 1500f pos=Point(x=123, y=342) tool=0x10 stamina=100 state=navigating targets=847 cleared=0 failed=0
[CLEARER] Debug @ 1800f pos=Point(x=132, y=342) tool=0x10 stamina=100 state=navigating targets=847 cleared=0 failed=0
[CLEARER] Debug @ 2100f pos=Point(x=134, y=342) tool=0x10 stamina=100 state=navigating targets=847 cleared=0 failed=0
[CLEARER] Debug @ 2400f pos=Point(x=123, y=342) tool=0x10 stamina=100 state=navigating targets=847 cleared=0 failed=0
[CLEARER] Debug @ 2700f pos=Point(x=125, y=342) tool=0x10 stamina=100 state=navigating targets=847 cleared=0 failed=0
[CLEARER] Debug @ 3000f pos=Point(x=133, y=342) tool=0x10 stamina=100 state=navigating targets=847 cleared=0 failed=0
[RUN] f=58000 date=S0D5 09:04 $100 phase=PLAN_DAY date=0:5 completed=3/40
[CLEARER] Debug @ 3300f pos=Point(x=123, y=342) tool=0x10 stamina=100 state=navigating targets=847 cleared=0 failed=0
[DAY_PLAN] CLEAR_FIELD -> clear_budget cleared=0 remaining=767 lift_only
[DAY_PLAN] Starting phase 3/8: ENSURE_CROP_SEEDS (ensure_seed)
[MULTI_NAV] Start: 5 waypoints, tilemap=0x00
[MULTI_NAV] Waypoint 2/5 tilemap=0x00 target=(244, 375)
[MULTI_NAV] Waypoint 3/5 tilemap=0x00 target=(354, 377)
[MULTI_NAV] Waypoint 4/5 tilemap=0x00 target=(354, 489)
[MULTI_NAV] Waypoint 5/5 tilemap=0x00 target=(424, 489)
[DAY_PLAN] Phase ENSURE_CROP_SEEDS FAILURE: swap_preserve_hoe failed: carry slot swap timeout
[DAY_PLAN] Skipping failed phase ENSURE_CROP_SEEDS: swap_preserve_hoe failed: carry slot swap timeout
[DAY_PLAN] Deferred ENSURE_CROP_SEEDS until tomorrow: swap_preserve_hoe failed: carry slot swap timeout
[DAY_PLAN] Starting phase 4/8: NAV_CROP (nav)
[DAY_PLAN] NAV_CROP -> arrived
[DAY_PLAN] Starting phase 5/8: CROP_ESTABLISH (crop)
[CROP] Prefer fallback till (17, 29) (dist=1) over planner (19, 48) (dist=20, zone=full_farm)
[CROP] Detected 1 plots: [(17, 29)] mode=establish 
[CROP] Plot 1/1 center=(17,29) phase=HOE steps=6
[CROP] HOE tile 1/6 target=(18, 30) face=left tid=0x01
[CROP] SKIP hoe tile 2/6 (no path) target=(17, 28)
[CROP] SKIP hoe tile 3/6 (no path) target=(16, 28)
[CROP] HOE tile 4/6 target=(16, 29) face=right tid=0x01
[CROP] HOE tile 5/6 target=(16, 30) face=right tid=0x01
[CROP] SKIP hoe tile 6/6 (no path) target=(17, 30)
[CROP] HOE complete plot 1 tilled=3
[CROP] Partial hoe tilled=3; still attempting plant (seed bag covers tilled tiles)
[CROP] Seed tool 0x07 not found, skipping plant plot at (17, 29)
[CROP] Complete (failure): establish fail: planted=0 with seed stock passes=1
[DAY_PLAN] Phase CROP_ESTABLISH FAILURE: establish fail: planted=0 with seed stock passes=1
[DAY_PLAN] Recovering before aborting required phase CROP_ESTABLISH: establish fail: planted=0 with seed stock passes=1
[DAY_PLAN] Recovery complete for CROP_ESTABLISH: recovered at normal_map@farm/farm tilemap=0x00 pos=(280,472)
[DAY_PLAN] Starting phase 5/8: CROP_ESTABLISH (crop)
[CROP] Prefer fallback till (17, 29) (dist=0) over planner (35, 27) (dist=20, zone=full_farm)
[CROP] Detected 1 plots: [(17, 29)] mode=establish 
[CROP] Plot 1/1 center=(17,29) phase=HOE steps=3
[CROP] SKIP hoe tile 1/3 (no path) target=(17, 28)
[CROP] SKIP hoe tile 2/3 (no path) target=(16, 28)
[CROP] SKIP hoe tile 3/3 (no path) target=(17, 30)
[CROP] HOE complete plot 1 tilled=3
[CROP] Partial hoe tilled=3; still attempting plant (seed bag covers tilled tiles)
[RUN] f=60000 date=S0D5 10:11 $110 phase=PLAN_DAY date=0:5 completed=3/40
[CROP] Seed tool 0x07 not found, skipping plant plot at (17, 29)
[CROP] Complete (failure): establish fail: planted=0 with seed stock passes=1
[DAY_PLAN] Phase CROP_ESTABLISH FAILURE: establish fail: planted=0 with seed stock passes=1
[MULTI_DAY] Failed day checkpoint date=0:5 phase=plan_day status=failure: required phase CROP_ESTABLISH failed after recovery: establish fail: planted=0 with seed stock passes=1
[MULTI_DAY] Forcing return_home after failed day work
[MULTI_DAY] Start return_home date=0:5
[RETURN_HOME] House approach from (280,472) → (136,424) wps=1 deep_south=False south_of_fence=False
[MULTI_NAV] Start: 1 waypoints, tilemap=0x00
[MULTI_DAY] Start sleep date=0:5
[SLEEP] Attempt 1/12 at bed pos=(70,87) tm=0x15
[RUN] day change S0D5 -> S0D6 at frame=60891
[MULTI_DAY] Day journal 0:5 -> 0:6 ok=['EXIT_TO_FARM', 'CLEAR_FIELD', 'NAV_CROP'] skipped=['ENSURE_CROP_SEEDS'] no_work=['(none)'] money=110
[MULTI_DAY] Completed sleep 4: now date=0:6 (day advanced; morning house ready)
[MULTI_DAY] Settling morning scene before next day plan
[MULTI_DAY] Morning settled: normal_map@house/base/size22 tilemap=0x15 pos=(136,120)
[MULTI_DAY] Plan 0:6 seed=potato phases=EXIT_TO_FARM, DYNAMIC_OUTDOOR_PLAN deferred=CROP_WATER:rainy_day_seed_planting
[MULTI_DAY] Start plan_day date=0:6
[DAY_PLAN] Starting phase 1/2: EXIT_TO_FARM (farm_building_exit)
[DAY_PLAN] EXIT_TO_FARM -> tilemap=0x00
[DAY_PLAN] DYNAMIC_OUTDOOR_PLAN expanded to: CLEAR_FIELD, ENSURE_CROP_SEEDS, NAV_CROP, CROP_ESTABLISH
[DAY_PLAN] Starting phase 2/5: CLEAR_FIELD (clear_field)
[CLEARER] Tool inventory: 0x0C
[CLEARER] Startup missing tools: 0x03, 0x04; continuing with lift-only weeds/stones
[CLEARER] Startup complete
[CLEARER] Phase: WEED
[CLEARER] Target: WEED at (9, 12) (SICKLE)
[NAV] Stuck at (9, 21), trying alternate path
[CLEARER] Debug @ 300f pos=Point(x=134, y=342) tool=0x02 stamina=100 state=navigating targets=847 cleared=0 failed=0
[RUN] f=62000 date=S0D6 06:07 $110 phase=PLAN_DAY date=0:6 completed=4/40
[CLEARER] Debug @ 600f pos=Point(x=133, y=342) tool=0x02 stamina=100 state=navigating targets=847 cleared=0 failed=0
[CLEARER] Debug @ 900f pos=Point(x=122, y=342) tool=0x02 stamina=100 state=navigating targets=847 cleared=0 failed=0
[CLEARER] Debug @ 1200f pos=Point(x=128, y=342) tool=0x02 stamina=100 state=navigating targets=847 cleared=0 failed=0
[CLEARER] Debug @ 1500f pos=Point(x=133, y=342) tool=0x02 stamina=100 state=navigating targets=847 cleared=0 failed=0
[CLEARER] Debug @ 1800f pos=Point(x=122, y=342) tool=0x02 stamina=100 state=navigating targets=847 cleared=0 failed=0
[CLEARER] Debug @ 2100f pos=Point(x=122, y=342) tool=0x02 stamina=100 state=navigating targets=847 cleared=0 failed=0
[CLEARER] Debug @ 2400f pos=Point(x=133, y=342) tool=0x02 stamina=100 state=navigating targets=847 cleared=0 failed=0
[RUN] f=64000 date=S0D6 08:10 $110 phase=PLAN_DAY date=0:6 completed=4/40
[CLEARER] Debug @ 2700f pos=Point(x=126, y=342) tool=0x02 stamina=100 state=navigating targets=847 cleared=0 failed=0
[CLEARER] Debug @ 3000f pos=Point(x=122, y=342) tool=0x02 stamina=100 state=navigating targets=847 cleared=0 failed=0
[CLEARER] Debug @ 3300f pos=Point(x=132, y=342) tool=0x02 stamina=100 state=navigating targets=847 cleared=0 failed=0
[DAY_PLAN] CLEAR_FIELD -> clear_budget cleared=0 remaining=768 lift_only
[DAY_PLAN] Starting phase 3/5: ENSURE_CROP_SEEDS (ensure_seed)
[MULTI_NAV] Start: 5 waypoints, tilemap=0x00
[MULTI_NAV] Waypoint 2/5 tilemap=0x00 target=(244, 375)
[MULTI_NAV] Waypoint 3/5 tilemap=0x00 target=(354, 377)
[MULTI_NAV] Waypoint 4/5 tilemap=0x00 target=(354, 489)
[MULTI_NAV] Waypoint 5/5 tilemap=0x00 target=(424, 489)
[RUN] f=66000 date=S0D6 10:02 $110 phase=PLAN_DAY date=0:6 completed=4/40
[DAY_PLAN] ENSURE_CROP_SEEDS -> seed tool 0x07 ready
[DAY_PLAN] Starting phase 4/5: NAV_CROP (nav)
[DAY_PLAN] NAV_CROP -> arrived
[DAY_PLAN] Starting phase 5/5: CROP_ESTABLISH (crop)
[CROP] Prefer fallback till (17, 29) (dist=1) over planner (19, 48) (dist=20, zone=full_farm)
[CROP] Detected 1 plots: [(17, 29)] mode=establish 
[CROP] Plot 1/1 center=(17,29) phase=HOE steps=3
[CROP] SKIP hoe tile 1/3 (no path) target=(17, 28)
[CROP] SKIP hoe tile 2/3 (no path) target=(16, 28)
[CROP] SKIP hoe tile 3/3 (no path) target=(17, 30)
[CROP] HOE complete plot 1 tilled=0
[CROP] Rejecting planned center (17, 29) after failed hoe
[CROP] Establish pass 1 planted=0; retry with rejected=[(17, 29)]
[CROP] Complete (failure): establish fail: planted=0 with seed stock passes=2
[DAY_PLAN] Phase CROP_ESTABLISH FAILURE: establish fail: planted=0 with seed stock passes=2
[DAY_PLAN] Recovering before aborting required phase CROP_ESTABLISH: establish fail: planted=0 with seed stock passes=2
[DAY_PLAN] Recovery complete for CROP_ESTABLISH: recovered at normal_map@farm/farm tilemap=0x00 pos=(278,480)
[DAY_PLAN] Starting phase 5/5: CROP_ESTABLISH (crop)
[CROP] Prefer fallback till (17, 29) (dist=1) over planner (19, 48) (dist=20, zone=full_farm)
[CROP] Detected 1 plots: [(17, 29)] mode=establish 
[CROP] Plot 1/1 center=(17,29) phase=HOE steps=3
[CROP] SKIP hoe tile 1/3 (no path) target=(17, 28)
[CROP] SKIP hoe tile 2/3 (no path) target=(16, 28)
[CROP] SKIP hoe tile 3/3 (no path) target=(17, 30)
[CROP] HOE complete plot 1 tilled=0
[CROP] Rejecting planned center (17, 29) after failed hoe
[CROP] Establish pass 1 planted=0; retry with rejected=[(17, 29)]
[CROP] Complete (failure): establish fail: planted=0 with seed stock passes=2
[DAY_PLAN] Phase CROP_ESTABLISH FAILURE: establish fail: planted=0 with seed stock passes=2
[MULTI_DAY] Failed day checkpoint date=0:6 phase=plan_day status=failure: required phase CROP_ESTABLISH failed after recovery: establish fail: planted=0 with seed stock passes=2
[MULTI_DAY] Forcing return_home after failed day work
[MULTI_DAY] Start return_home date=0:6
[RETURN_HOME] House approach from (278,480) → (136,424) wps=1 deep_south=False south_of_fence=False
[MULTI_NAV] Start: 1 waypoints, tilemap=0x00
[MULTI_DAY] Start sleep date=0:6
[SLEEP] Attempt 1/12 at bed pos=(70,87) tm=0x15
[RUN] day change S0D6 -> S0D7 at frame=67454
[MULTI_DAY] Day journal 0:6 -> 0:7 ok=['EXIT_TO_FARM', 'CLEAR_FIELD', 'ENSURE_CROP_SEEDS', 'NAV_CROP'] skipped=['(none)'] no_work=['(none)'] money=110
[MULTI_DAY] Completed sleep 5: now date=0:7 (day advanced; morning house ready)
[MULTI_DAY] Settling morning scene before next day plan
[MULTI_DAY] Morning settled: normal_map@house/base/size22 tilemap=0x15 pos=(136,120)
[MULTI_DAY] Plan 0:7 seed=potato phases=EXIT_TO_FARM, DYNAMIC_OUTDOOR_PLAN
[MULTI_DAY] Start plan_day date=0:7
[DAY_PLAN] Starting phase 1/2: EXIT_TO_FARM (farm_building_exit)
[RUN] f=68000 date=S0D7 06:00 $110 phase=PLAN_DAY date=0:7 completed=5/40
[DAY_PLAN] EXIT_TO_FARM -> tilemap=0x00
[DAY_PLAN] DYNAMIC_OUTDOOR_PLAN expanded to: CLEAR_FIELD, ENSURE_CROP_SEEDS, NAV_CROP, CROP_ESTABLISH, ENSURE_WATERING_CAN, NAV_CROP, CROP_WATER
[DAY_PLAN] Starting phase 2/8: CLEAR_FIELD (clear_field)
[CLEARER] Tool inventory: 0x02
[CLEARER] Startup missing tools: 0x03, 0x04; continuing with lift-only weeds/stones
[CLEARER] Startup complete
[CLEARER] Phase: WEED
[CLEARER] Target: WEED at (9, 12) (SICKLE)
[NAV] Stuck at (9, 21), trying alternate path
[CLEARER] Debug @ 300f pos=Point(x=122, y=342) tool=0x02 stamina=100 state=navigating targets=847 cleared=0 failed=0
[CLEARER] Debug @ 600f pos=Point(x=122, y=342) tool=0x02 stamina=100 state=navigating targets=847 cleared=0 failed=0
[CLEARER] Debug @ 900f pos=Point(x=132, y=342) tool=0x02 stamina=100 state=navigating targets=847 cleared=0 failed=0
[CLEARER] Debug @ 1200f pos=Point(x=133, y=342) tool=0x02 stamina=100 state=navigating targets=847 cleared=0 failed=0
[CLEARER] Debug @ 1500f pos=Point(x=123, y=342) tool=0x02 stamina=100 state=navigating targets=847 cleared=0 failed=0
[CLEARER] Debug @ 1800f pos=Point(x=134, y=342) tool=0x02 stamina=100 state=navigating targets=847 cleared=0 failed=0
[RUN] f=70000 date=S0D7 08:00 $110 phase=PLAN_DAY date=0:7 completed=5/40
[CLEARER] Debug @ 2100f pos=Point(x=133, y=342) tool=0x02 stamina=100 state=navigating targets=847 cleared=0 failed=0
[CLEARER] Debug @ 2400f pos=Point(x=122, y=342) tool=0x02 stamina=100 state=navigating targets=847 cleared=0 failed=0
[CLEARER] Debug @ 2700f pos=Point(x=124, y=342) tool=0x02 stamina=100 state=navigating targets=847 cleared=0 failed=0
[CLEARER] Debug @ 3000f pos=Point(x=132, y=342) tool=0x02 stamina=100 state=navigating targets=847 cleared=0 failed=0
[CLEARER] Debug @ 3300f pos=Point(x=124, y=342) tool=0x02 stamina=100 state=navigating targets=847 cleared=0 failed=0
[DAY_PLAN] CLEAR_FIELD -> clear_budget cleared=0 remaining=768 lift_only
[DAY_PLAN] Starting phase 3/8: ENSURE_CROP_SEEDS (ensure_seed)
[DAY_PLAN] ENSURE_CROP_SEEDS -> seed tool 0x07 ready
[DAY_PLAN] Starting phase 4/8: NAV_CROP (nav)
[DAY_PLAN] NAV_CROP -> arrived
[DAY_PLAN] Starting phase 5/8: CROP_ESTABLISH (crop)
[CROP] Prefer fallback till (14, 27) (dist=0) over planner (35, 27) (dist=21, zone=full_farm)
[CROP] Detected 1 plots: [(14, 27)] mode=establish 
[CROP] Plot 1/1 center=(14,27) phase=HOE steps=6
[CROP] HOE tile 1/6 target=(15, 28) face=left tid=0x02
[CROP] HOE tile 2/6 target=(14, 26) face=down tid=0x01
[CROP] HOE tile 3/6 target=(13, 26) face=down tid=0x01
[RUN] f=72000 date=S0D7 10:04 $110 phase=PLAN_DAY date=0:7 completed=5/40
[CROP] HOE tile 4/6 target=(13, 27) face=right tid=0x01
[CROP] HOE tile 5/6 target=(13, 28) face=right tid=0x02
[CROP] HOE tile 6/6 target=(14, 28) face=up tid=0x01
[CROP] HOE complete plot 1 tilled=6
[CROP] PLANT at (14,27) player=(14,27) seed=0x07
[CROP]   3x3 tiles: [0x07 0x07 0xA1] [0x07 0x02 0xA1] [0x07 0x07 0x07]
[CROP] PLANT OK plot 1 planted=1
[CROP] Complete (success): planted=1 watered=0 passes=1
[DAY_PLAN] CROP_ESTABLISH -> planted=1 watered=0 passes=1
[DAY_PLAN] Starting phase 6/8: ENSURE_WATERING_CAN (ensure_tool)
[MULTI_NAV] Start: 5 waypoints, tilemap=0x00
[MULTI_NAV] No BFS path from (232,444), fallback walk (frame 1 stuck=0)
[MULTI_NAV] Waypoint 2/5 tilemap=0x00 target=(244, 375)
[MULTI_NAV] Waypoint 3/5 tilemap=0x00 target=(354, 377)
[MULTI_NAV] Waypoint 4/5 tilemap=0x00 target=(354, 489)
[MULTI_NAV] Waypoint 5/5 tilemap=0x00 target=(424, 489)
[DAY_PLAN] ENSURE_WATERING_CAN -> tool 0x10 ready
[DAY_PLAN] Starting phase 7/8: NAV_CROP (nav)
[DAY_PLAN] NAV_CROP -> arrived
[DAY_PLAN] Starting phase 8/8: CROP_WATER (crop)
[CROP] Detected 1 plots: [(14, 27)] mode=water 
[CROP] Plot 1/1 center=(14,27) phase=WATER can=0 mode=dry-only steps=6
[CROP] Empty can (level=0), need refill before watering
[CROP] Staging pond access via (15,29) from (14, 25) (named corridor)
[CROP] Pond stage reached at (15, 29); starting fence clear (wall n=19)
[CROP] Opening pond access: corridor_only clear 2 fences (nearest=(15, 31), wall n=19, from=(15, 29))
[RUN] f=74000 date=S0D7 11:11 $160 phase=PLAN_DAY date=0:7 completed=5/40
[CROP] Pond access open (cleared=2 fences) at (16, 30); multi-hop F0
[CROP] Queue east→south corridor charge from (16, 30) (past fence end x≥31 then south) n=1
[RUN] f=76000 date=S0D7 14:00 $160 phase=PLAN_DAY date=0:7 completed=5/40
[CROP] Corridor charge done at (29, 30); multi-hop F0 (y=still_north)
[CROP] Still north at (29, 30); re-queue east→south (need x≥31 past fence end then y≥32)
[CROP] Queue east→south corridor charge from (29, 30) (past fence end x≥31 then south) n=2
[CROP] Corridor charge done at (29, 30); multi-hop F0 (y=still_north)
[CROP] Still north at (29, 30); re-queue east→south (need x≥31 past fence end then y≥32)
[CROP] Queue east→south corridor charge from (29, 30) (past fence end x≥31 then south) n=3
[CROP] Corridor charge done at (29, 30); multi-hop F0 (y=still_north)
[CROP] East stuck at (29, 30) n=3; gap-south fallback via open corridor
[CROP] Queue gap-south fallback from (29, 30) (west to gap then south wiggle) n=4
[RUN] f=78000 date=S0D7 16:03 $160 phase=PLAN_DAY date=0:7 completed=5/40
[CROP] Corridor charge done at (13, 30); multi-hop F0 (y=still_north)
[CROP] Still north at (13, 30); re-queue east→south (need x≥31 past fence end then y≥32)
[CROP] Queue east→south corridor charge from (13, 30) (past fence end x≥31 then south) n=5
[RUN] f=80000 date=S0D7 18:02 $160 phase=PLAN_DAY date=0:7 completed=5/40
[CROP] Corridor charge done at (29, 30); multi-hop F0 (y=still_north)
[CROP] Still north at (29, 30); re-queue east→south (need x≥31 past fence end then y≥32)
[CROP] Queue east→south corridor charge from (29, 30) (past fence end x≥31 then south) n=6
[RUN] f=82000 date=S0D7 18:05 $160 phase=PLAN_DAY date=0:7 completed=5/40
[CROP] Corridor charge done at (29, 30); multi-hop F0 (y=still_north)
[CROP] Refill at (32,34) facing up water=0xF0 source=main_pond_multihop dist=7 band=0 can=0 multihop=True
[CROP] East-crawl densify (29, 30) → (32, 30) (end=(31, 29), ultimate=(32, 34))
[CROP] Refill densify hop (29, 30) → (32, 30) (ultimate=(32, 34))
[CROP] Past-fence densify force south (31, 29) → (31, 31)
[CROP] Refill densify hop (31, 29) → (31, 31) (ultimate=(32, 34))
[CROP] Past-fence densify force south (31, 29) → (31, 31)
[CROP] Refill repath 1/8 after no path (stand=(32, 34) pos=(31, 29))
[CROP] Refill at (32,34) facing up water=0xF0 source=main_pond_multihop dist=6 band=0 can=0 multihop=True
[CROP] Past-fence densify force south (31, 29) → (31, 31)
[CROP] Refill densify hop (31, 29) → (31, 31) (ultimate=(32, 34))
[CROP] Past-fence densify force south (31, 29) → (31, 31)
[CROP] Refill repath 2/8 after no path (stand=(32, 34) pos=(31, 29))
[CROP] Refill at (32,34) facing up water=0xF0 source=main_pond_multihop dist=6 band=0 can=0 multihop=True
[CROP] Past-fence densify force south (31, 29) → (31, 31)
[CROP] Refill densify hop (31, 29) → (31, 31) (ultimate=(32, 34))
[CROP] Past-fence densify force south (31, 29) → (31, 31)
[CROP] Refill repath 3/8 after no path (stand=(32, 34) pos=(31, 29))
[CROP] Refill at (32,34) facing up water=0xF0 source=main_pond_multihop dist=6 band=0 can=0 multihop=True
[CROP] Past-fence densify force south (31, 29) → (31, 31)
[CROP] Refill densify hop (31, 29) → (31, 31) (ultimate=(32, 34))
[CROP] Past-fence densify force south (31, 29) → (31, 31)
[CROP] Refill repath 4/8 after no path (stand=(32, 34) pos=(31, 29))
[CROP] Refill at (33,34) facing up water=0xF0 source=main_pond_multihop dist=7 band=0 can=0 multihop=True
[CROP] Past-fence densify force south (31, 29) → (31, 31)
[CROP] Refill densify hop (31, 29) → (31, 31) (ultimate=(33, 34))
[CROP] Past-fence densify force south (31, 29) → (31, 31)
[CROP] Refill repath 5/8 after no path (stand=(33, 34) pos=(31, 29))
[CROP] Refill at (33,30) facing down water=0xF0 source=main_pond_multihop dist=3 band=0 can=0 multihop=True
[CROP] Refill repath 6/8 after no path (stand=(33, 30) pos=(31, 29))
[CROP] Refill at (34,30) facing down water=0xF0 source=main_pond_multihop dist=4 band=0 can=0 multihop=True
[CROP] Refill repath 7/8 after no path (stand=(34, 30) pos=(31, 29))
[CROP] Refill at (32,30) facing down water=0xF0 source=main_pond_multihop dist=2 band=0 can=0 multihop=True
[CROP] Refill nav failed 8x (no path); exhausting
[CROP] Empty can, no refill, skipping 6 remaining tiles
[CROP] Plot 1/1 WATER DONE: 0/6 watered (used 0 water, can=0)
[CROP]   3x3 tiles: [0x54 0x54 0xA1] [0x54 0x02 0xA1] [0x54 0x54 0x54]
[CROP] WARNING: Plot 1 incomplete (6 skipped)
[CROP] Pass 1 complete (12 skipped), starting pass 2...
[CROP] Detected 1 plots: [(14, 27)] mode=water (pass 2)
[CROP] Plot 1/1 center=(14,27) phase=WATER can=0 mode=dry-only steps=6
[CROP] Empty can (level=0), need refill before watering
[CROP] Refill at (25,13) facing right water=0xF9 source=preferred_edge dist=23 band=2 can=0 multihop=True
[CROP] Refill nav failed 9x (no path); exhausting
[CROP] Empty can, no refill, skipping 6 remaining tiles
[CROP] Plot 1/1 WATER DONE: 0/6 watered (used 0 water, can=0)
[CROP]   3x3 tiles: [0x54 0x54 0xA1] [0x54 0x02 0xA1] [0x54 0x54 0x54]
[CROP] WARNING: Plot 1 incomplete (6 skipped)
[CROP] Pass 2 complete (24 skipped), starting pass 3...
[CROP] Detected 1 plots: [(14, 27)] mode=water (pass 3)
[CROP] Plot 1/1 center=(14,27) phase=WATER can=0 mode=dry-only steps=6
[CROP] Empty can (level=0), need refill before watering
[CROP] Refill at (14,48) facing down water=0xFC source=preferred_edge dist=23 band=1 can=0 multihop=True
[CROP] East-crawl densify (14, 25) → (18, 25) (end=(18, 25), ultimate=(14, 48))
[CROP] Refill densify hop (14, 25) → (18, 25) (ultimate=(14, 48))
[CROP] East-crawl densify (14, 25) → (18, 25) (end=(18, 25), ultimate=(14, 48))
[CROP] East-crawl densify (14, 25) → (18, 25) (end=(18, 25), ultimate=(14, 48))
[CROP] Refill densify recover → (18, 25) from (14, 25) (no path)
[CROP] East-crawl densify (18, 25) → (22, 25) (end=(22, 25), ultimate=(14, 48))
[CROP] Refill densify hop (18, 25) → (22, 25) (ultimate=(14, 48))
[CROP] East-crawl densify (18, 25) → (22, 25) (end=(22, 25), ultimate=(14, 48))
[CROP] East-crawl densify (18, 25) → (22, 25) (end=(22, 25), ultimate=(14, 48))
[CROP] Refill densify recover → (22, 25) from (18, 25) (no path)
[CROP] East-crawl densify (22, 25) → (26, 25) (end=(26, 25), ultimate=(14, 48))
[CROP] Refill densify hop (22, 25) → (26, 25) (ultimate=(14, 48))
[CROP] East-crawl densify (22, 25) → (26, 25) (end=(26, 25), ultimate=(14, 48))
[CROP] East-crawl densify (22, 25) → (26, 25) (end=(26, 25), ultimate=(14, 48))
[CROP] Refill densify recover → (26, 25) from (22, 25) (no path)
[CROP] East-crawl densify (26, 25) → (30, 25) (end=(30, 25), ultimate=(14, 48))
[CROP] Refill densify hop (26, 25) → (30, 25) (ultimate=(14, 48))
[CROP] East-crawl densify (26, 25) → (30, 25) (end=(30, 25), ultimate=(14, 48))
[CROP] East-crawl densify (26, 25) → (30, 25) (end=(30, 25), ultimate=(14, 48))
[CROP] Refill densify recover → (30, 25) from (26, 25) (no path)
[CROP] East-crawl densify (30, 25) → (32, 25) (end=(31, 25), ultimate=(14, 48))
[CROP] Refill densify hop (30, 25) → (32, 25) (ultimate=(14, 48))
[CROP] East-crawl densify (30, 25) → (32, 25) (end=(31, 25), ultimate=(14, 48))
[CROP] East-crawl densify (30, 25) → (32, 25) (end=(31, 25), ultimate=(14, 48))
[CROP] Refill densify recover → (32, 25) from (30, 25) (no path)
[CROP] Past-fence densify south (31, 25) → (31, 32) (end=(31, 29), ultimate=(14, 48))
[CROP] Refill densify hop (31, 25) → (31, 32) (ultimate=(14, 48))
[CROP] Past-fence densify south (31, 29) → (30, 32) (end=(30, 29), ultimate=(14, 48))
[CROP] Refill densify hop (31, 29) → (30, 32) (ultimate=(14, 48))
[CROP] East-crawl densify (30, 29) → (32, 29) (end=(31, 29), ultimate=(14, 48))
[CROP] Refill densify hop (30, 29) → (32, 29) (ultimate=(14, 48))
[CROP] East-crawl densify (30, 29) → (32, 29) (end=(31, 29), ultimate=(14, 48))
[CROP] East-crawl densify (30, 29) → (32, 29) (end=(31, 29), ultimate=(14, 48))
[CROP] Refill densify recover → (32, 29) from (30, 29) (no path)
[CROP] Past-fence densify south (31, 29) → (30, 32) (end=(30, 29), ultimate=(14, 48))
[CROP] Refill densify hop (31, 29) → (30, 32) (ultimate=(14, 48))
[CROP] East-crawl densify (30, 29) → (32, 29) (end=(31, 29), ultimate=(14, 48))
[CROP] Refill densify hop (30, 29) → (32, 29) (ultimate=(14, 48))
[CROP] East-crawl densify (30, 29) → (32, 29) (end=(31, 29), ultimate=(14, 48))
[CROP] East-crawl densify (30, 29) → (32, 29) (end=(31, 29), ultimate=(14, 48))
[CROP] Refill densify recover → (32, 29) from (30, 29) (no path)
[CROP] Past-fence densify south (31, 29) → (30, 32) (end=(30, 29), ultimate=(14, 48))
[CROP] Refill densify hop (31, 29) → (30, 32) (ultimate=(14, 48))
[CROP] East-crawl densify (30, 29) → (32, 29) (end=(31, 29), ultimate=(14, 48))
[CROP] Refill densify hop (30, 29) → (32, 29) (ultimate=(14, 48))
[CROP] East-crawl densify (30, 29) → (32, 29) (end=(31, 29), ultimate=(14, 48))
[CROP] East-crawl densify (30, 29) → (32, 29) (end=(31, 29), ultimate=(14, 48))
[CROP] Refill densify recover → (32, 29) from (30, 29) (no path)
[CROP] Past-fence densify south (31, 29) → (30, 32) (end=(30, 29), ultimate=(14, 48))
[CROP] Refill densify hop (31, 29) → (30, 32) (ultimate=(14, 48))
[CROP] East-crawl densify (30, 29) → (32, 29) (end=(31, 29), ultimate=(14, 48))
[CROP] Refill densify hop (30, 29) → (32, 29) (ultimate=(14, 48))
[CROP] East-crawl densify (30, 29) → (32, 29) (end=(31, 29), ultimate=(14, 48))
[CROP] East-crawl densify (30, 29) → (32, 29) (end=(31, 29), ultimate=(14, 48))
[CROP] Refill densify recover → (32, 29) from (30, 29) (no path)
[CROP] Past-fence densify south (31, 29) → (30, 32) (end=(30, 29), ultimate=(14, 48))
[CROP] Refill densify hop (31, 29) → (30, 32) (ultimate=(14, 48))
[CROP] East-crawl densify (30, 29) → (32, 29) (end=(31, 29), ultimate=(14, 48))
[CROP] Refill densify hop (30, 29) → (32, 29) (ultimate=(14, 48))
[CROP] East-crawl densify (30, 29) → (32, 29) (end=(31, 29), ultimate=(14, 48))
[CROP] East-crawl densify (30, 29) → (32, 29) (end=(31, 29), ultimate=(14, 48))
[CROP] Refill densify recover → (32, 29) from (30, 29) (no path)
[CROP] Past-fence densify south (31, 29) → (30, 32) (end=(30, 29), ultimate=(14, 48))
[CROP] Refill densify hop (31, 29) → (30, 32) (ultimate=(14, 48))
[CROP] East-crawl densify (30, 29) → (32, 29) (end=(31, 29), ultimate=(14, 48))
[CROP] Refill densify hop (30, 29) → (32, 29) (ultimate=(14, 48))
[CROP] East-crawl densify (30, 29) → (32, 29) (end=(31, 29), ultimate=(14, 48))
[CROP] East-crawl densify (30, 29) → (32, 29) (end=(31, 29), ultimate=(14, 48))
[CROP] Refill densify recover → (32, 29) from (30, 29) (no path)
[CROP] Past-fence densify south (31, 29) → (30, 32) (end=(30, 29), ultimate=(14, 48))
[CROP] Refill densify hop (31, 29) → (30, 32) (ultimate=(14, 48))
[CROP] East-crawl densify (30, 29) → (32, 29) (end=(31, 29), ultimate=(14, 48))
[CROP] Refill densify hop (30, 29) → (32, 29) (ultimate=(14, 48))
[CROP] East-crawl densify (30, 29) → (32, 29) (end=(31, 29), ultimate=(14, 48))
[CROP] East-crawl densify (30, 29) → (32, 29) (end=(31, 29), ultimate=(14, 48))
[CROP] Refill densify recover → (32, 29) from (30, 29) (no path)
[CROP] Past-fence densify south (31, 29) → (30, 32) (end=(30, 29), ultimate=(14, 48))
[CROP] Refill densify hop (31, 29) → (30, 32) (ultimate=(14, 48))
[CROP] East-crawl densify (30, 29) → (32, 29) (end=(31, 29), ultimate=(14, 48))
[CROP] Refill densify hop (30, 29) → (32, 29) (ultimate=(14, 48))
[CROP] East-crawl densify (30, 29) → (32, 29) (end=(31, 29), ultimate=(14, 48))
[CROP] East-crawl densify (30, 29) → (32, 29) (end=(31, 29), ultimate=(14, 48))
[CROP] Refill densify recover → (32, 29) from (30, 29) (no path)
[CROP] Past-fence densify south (31, 29) → (30, 32) (end=(30, 29), ultimate=(14, 48))
[CROP] Refill densify hop (31, 29) → (30, 32) (ultimate=(14, 48))
[CROP] East-crawl densify (30, 29) → (32, 29) (end=(31, 29), ultimate=(14, 48))
[CROP] Refill densify hop (30, 29) → (32, 29) (ultimate=(14, 48))
[CROP] East-crawl densify (30, 29) → (32, 29) (end=(31, 29), ultimate=(14, 48))
[CROP] East-crawl densify (30, 29) → (32, 29) (end=(31, 29), ultimate=(14, 48))
[CROP] Refill densify recover → (32, 29) from (30, 29) (no path)
[CROP] Past-fence densify south (31, 29) → (30, 32) (end=(30, 29), ultimate=(14, 48))
[CROP] Refill densify hop (31, 29) → (30, 32) (ultimate=(14, 48))
[CROP] East-crawl densify (30, 29) → (32, 29) (end=(31, 29), ultimate=(14, 48))
[CROP] Refill densify hop (30, 29) → (32, 29) (ultimate=(14, 48))
[CROP] East-crawl densify (30, 29) → (32, 29) (end=(31, 29), ultimate=(14, 48))
[CROP] East-crawl densify (30, 29) → (32, 29) (end=(31, 29), ultimate=(14, 48))
[CROP] Refill densify recover → (32, 29) from (30, 29) (no path)
[CROP] Past-fence densify south (31, 29) → (30, 32) (end=(30, 29), ultimate=(14, 48))
[CROP] Refill densify hop (31, 29) → (30, 32) (ultimate=(14, 48))
[CROP] East-crawl densify (30, 29) → (32, 29) (end=(31, 29), ultimate=(14, 48))
[CROP] Refill densify hop (30, 29) → (32, 29) (ultimate=(14, 48))
[CROP] East-crawl densify (30, 29) → (32, 29) (end=(31, 29), ultimate=(14, 48))
[CROP] East-crawl densify (30, 29) → (32, 29) (end=(31, 29), ultimate=(14, 48))
[CROP] Refill densify recover → (32, 29) from (30, 29) (no path)
[CROP] Past-fence densify south (31, 29) → (30, 32) (end=(30, 29), ultimate=(14, 48))
[CROP] Refill densify hop (31, 29) → (30, 32) (ultimate=(14, 48))
[CROP] East-crawl densify (30, 29) → (32, 29) (end=(31, 29), ultimate=(14, 48))
[CROP] Refill densify hop (30, 29) → (32, 29) (ultimate=(14, 48))
[CROP] East-crawl densify (30, 29) → (32, 29) (end=(31, 29), ultimate=(14, 48))
[CROP] East-crawl densify (30, 29) → (32, 29) (end=(31, 29), ultimate=(14, 48))
[CROP] Refill densify recover → (32, 29) from (30, 29) (no path)
[CROP] Past-fence densify south (31, 29) → (30, 32) (end=(30, 29), ultimate=(14, 48))
[CROP] Refill densify hop (31, 29) → (30, 32) (ultimate=(14, 48))
[CROP] East-crawl densify (30, 29) → (32, 29) (end=(31, 29), ultimate=(14, 48))
[CROP] Refill densify hop (30, 29) → (32, 29) (ultimate=(14, 48))
[CROP] East-crawl densify (30, 29) → (32, 29) (end=(31, 29), ultimate=(14, 48))
[CROP] East-crawl densify (30, 29) → (32, 29) (end=(31, 29), ultimate=(14, 48))
[CROP] Refill densify recover → (32, 29) from (30, 29) (no path)
[CROP] Past-fence densify south (31, 29) → (30, 32) (end=(30, 29), ultimate=(14, 48))
[CROP] Refill densify hop (31, 29) → (30, 32) (ultimate=(14, 48))
[CROP] East-crawl densify (30, 29) → (32, 29) (end=(31, 29), ultimate=(14, 48))
[CROP] Refill densify hop (30, 29) → (32, 29) (ultimate=(14, 48))
[CROP] East-crawl densify (30, 29) → (32, 29) (end=(31, 29), ultimate=(14, 48))
[CROP] East-crawl densify (30, 29) → (32, 29) (end=(31, 29), ultimate=(14, 48))
[CROP] Refill densify recover → (32, 29) from (30, 29) (no path)
[CROP] Past-fence densify south (31, 29) → (30, 32) (end=(30, 29), ultimate=(14, 48))
[CROP] Refill densify hop (31, 29) → (30, 32) (ultimate=(14, 48))
[CROP] East-crawl densify (30, 29) → (32, 29) (end=(31, 29), ultimate=(14, 48))
[CROP] Refill densify hop (30, 29) → (32, 29) (ultimate=(14, 48))
[CROP] East-crawl densify (30, 29) → (32, 29) (end=(31, 29), ultimate=(14, 48))
[CROP] East-crawl densify (30, 29) → (32, 29) (end=(31, 29), ultimate=(14, 48))
[CROP] Refill densify recover → (32, 29) from (30, 29) (no path)
[CROP] Past-fence densify south (31, 29) → (30, 32) (end=(30, 29), ultimate=(14, 48))
[CROP] Refill densify hop (31, 29) → (30, 32) (ultimate=(14, 48))
[CROP] East-crawl densify (30, 29) → (32, 29) (end=(31, 29), ultimate=(14, 48))
[CROP] Refill densify hop (30, 29) → (32, 29) (ultimate=(14, 48))
[CROP] East-crawl densify (30, 29) → (32, 29) (end=(31, 29), ultimate=(14, 48))
[CROP] East-crawl densify (30, 29) → (32, 29) (end=(31, 29), ultimate=(14, 48))
[CROP] Refill densify recover → (32, 29) from (30, 29) (no path)
[CROP] Past-fence densify south (31, 29) → (30, 32) (end=(30, 29), ultimate=(14, 48))
[CROP] Refill densify hop (31, 29) → (30, 32) (ultimate=(14, 48))
[CROP] East-crawl densify (30, 29) → (32, 29) (end=(31, 29), ultimate=(14, 48))
[CROP] Refill densify hop (30, 29) → (32, 29) (ultimate=(14, 48))
[CROP] East-crawl densify (30, 29) → (32, 29) (end=(31, 29), ultimate=(14, 48))
[CROP] East-crawl densify (30, 29) → (32, 29) (end=(31, 29), ultimate=(14, 48))
[CROP] Refill densify recover → (32, 29) from (30, 29) (no path)
[CROP] Past-fence densify south (31, 29) → (30, 32) (end=(30, 29), ultimate=(14, 48))
[CROP] Refill densify hop (31, 29) → (30, 32) (ultimate=(14, 48))
[CROP] East-crawl densify (30, 29) → (32, 29) (end=(31, 29), ultimate=(14, 48))
[CROP] Refill densify hop (30, 29) → (32, 29) (ultimate=(14, 48))
[CROP] East-crawl densify (30, 29) → (32, 29) (end=(31, 29), ultimate=(14, 48))
[CROP] East-crawl densify (30, 29) → (32, 29) (end=(31, 29), ultimate=(14, 48))
[CROP] Refill densify recover → (32, 29) from (30, 29) (no path)
[CROP] Past-fence densify south (31, 29) → (30, 32) (end=(30, 29), ultimate=(14, 48))
[CROP] Refill densify hop (31, 29) → (30, 32) (ultimate=(14, 48))
[CROP] East-crawl densify (30, 29) → (32, 29) (end=(31, 29), ultimate=(14, 48))
[CROP] Refill densify hop (30, 29) → (32, 29) (ultimate=(14, 48))
[CROP] East-crawl densify (30, 29) → (32, 29) (end=(31, 29), ultimate=(14, 48))
[CROP] East-crawl densify (30, 29) → (32, 29) (end=(31, 29), ultimate=(14, 48))
[CROP] Refill densify recover → (32, 29) from (30, 29) (no path)
[CROP] Past-fence densify south (31, 29) → (30, 32) (end=(30, 29), ultimate=(14, 48))
[CROP] Refill densify hop (31, 29) → (30, 32) (ultimate=(14, 48))
[CROP] East-crawl densify (30, 29) → (32, 29) (end=(31, 29), ultimate=(14, 48))
[CROP] Refill densify hop (30, 29) → (32, 29) (ultimate=(14, 48))
[CROP] East-crawl densify (30, 29) → (32, 29) (end=(31, 29), ultimate=(14, 48))
[CROP] East-crawl densify (30, 29) → (32, 29) (end=(31, 29), ultimate=(14, 48))
[CROP] Refill densify recover → (32, 29) from (30, 29) (no path)
[CROP] Past-fence densify south (31, 29) → (30, 32) (end=(30, 29), ultimate=(14, 48))
[CROP] Refill densify hop (31, 29) → (30, 32) (ultimate=(14, 48))
[CROP] East-crawl densify (30, 29) → (32, 29) (end=(31, 29), ultimate=(14, 48))
[CROP] Refill densify hop (30, 29) → (32, 29) (ultimate=(14, 48))
[CROP] East-crawl densify (30, 29) → (32, 29) (end=(31, 29), ultimate=(14, 48))
[CROP] East-crawl densify (30, 29) → (32, 29) (end=(31, 29), ultimate=(14, 48))
[CROP] Refill densify recover → (32, 29) from (30, 29) (no path)
[CROP] Past-fence densify south (31, 29) → (30, 32) (end=(30, 29), ultimate=(14, 48))
[CROP] Refill densify hop (31, 29) → (30, 32) (ultimate=(14, 48))
[CROP] East-crawl densify (30, 29) → (32, 29) (end=(31, 29), ultimate=(14, 48))
[CROP] Refill densify hop (30, 29) → (32, 29) (ultimate=(14, 48))
[CROP] East-crawl densify (30, 29) → (32, 29) (end=(31, 29), ultimate=(14, 48))
[CROP] East-crawl densify (30, 29) → (32, 29) (end=(31, 29), ultimate=(14, 48))
[CROP] Refill densify recover → (32, 29) from (30, 29) (no path)
[CROP] Past-fence densify south (31, 29) → (30, 32) (end=(30, 29), ultimate=(14, 48))
[CROP] Refill densify hop (31, 29) → (30, 32) (ultimate=(14, 48))
[CROP] East-crawl densify (30, 29) → (32, 29) (end=(31, 29), ultimate=(14, 48))
[CROP] Refill densify hop (30, 29) → (32, 29) (ultimate=(14, 48))
[CROP] East-crawl densify (30, 29) → (32, 29) (end=(31, 29), ultimate=(14, 48))
[CROP] East-crawl densify (30, 29) → (32, 29) (end=(31, 29), ultimate=(14, 48))
[CROP] Refill densify recover → (32, 29) from (30, 29) (no path)
[CROP] Past-fence densify south (31, 29) → (30, 32) (end=(30, 29), ultimate=(14, 48))
[CROP] Refill densify hop (31, 29) → (30, 32) (ultimate=(14, 48))
[CROP] East-crawl densify (30, 29) → (32, 29) (end=(31, 29), ultimate=(14, 48))
[CROP] Refill densify hop (30, 29) → (32, 29) (ultimate=(14, 48))
[CROP] East-crawl densify (30, 29) → (32, 29) (end=(31, 29), ultimate=(14, 48))
[CROP] East-crawl densify (30, 29) → (32, 29) (end=(31, 29), ultimate=(14, 48))
[CROP] Refill densify recover → (32, 29) from (30, 29) (no path)
[CROP] Past-fence densify south (31, 29) → (30, 32) (end=(30, 29), ultimate=(14, 48))
[CROP] Refill densify hop (31, 29) → (30, 32) (ultimate=(14, 48))
[CROP] East-crawl densify (30, 29) → (32, 29) (end=(31, 29), ultimate=(14, 48))
[CROP] Refill densify hop (30, 29) → (32, 29) (ultimate=(14, 48))
[CROP] East-crawl densify (30, 29) → (32, 29) (end=(31, 29), ultimate=(14, 48))
[CROP] East-crawl densify (30, 29) → (32, 29) (end=(31, 29), ultimate=(14, 48))
[CROP] Refill densify recover → (32, 29) from (30, 29) (no path)
[CROP] Past-fence densify south (31, 29) → (30, 32) (end=(30, 29), ultimate=(14, 48))
[CROP] Refill densify hop (31, 29) → (30, 32) (ultimate=(14, 48))
[CROP] East-crawl densify (30, 29) → (32, 29) (end=(31, 29), ultimate=(14, 48))
[CROP] Refill densify hop (30, 29) → (32, 29) (ultimate=(14, 48))
[CROP] East-crawl densify (30, 29) → (32, 29) (end=(31, 29), ultimate=(14, 48))
[CROP] East-crawl densify (30, 29) → (32, 29) (end=(31, 29), ultimate=(14, 48))
[CROP] Refill densify recover → (32, 29) from (30, 29) (no path)
[CROP] Past-fence densify south (31, 29) → (30, 32) (end=(30, 29), ultimate=(14, 48))
[CROP] Refill densify hop (31, 29) → (30, 32) (ultimate=(14, 48))
[CROP] East-crawl densify (30, 29) → (32, 29) (end=(31, 29), ultimate=(14, 48))
[CROP] Refill densify hop (30, 29) → (32, 29) (ultimate=(14, 48))
[CROP] East-crawl densify (30, 29) → (32, 29) (end=(31, 29), ultimate=(14, 48))
[CROP] East-crawl densify (30, 29) → (32, 29) (end=(31, 29), ultimate=(14, 48))
[CROP] Refill densify recover → (32, 29) from (30, 29) (no path)
[CROP] Past-fence densify south (31, 29) → (30, 32) (end=(30, 29), ultimate=(14, 48))
[CROP] Refill densify hop (31, 29) → (30, 32) (ultimate=(14, 48))
[CROP] East-crawl densify (30, 29) → (32, 29) (end=(31, 29), ultimate=(14, 48))
[CROP] Refill densify hop (30, 29) → (32, 29) (ultimate=(14, 48))
[CROP] East-crawl densify (30, 29) → (32, 29) (end=(31, 29), ultimate=(14, 48))
[CROP] East-crawl densify (30, 29) → (32, 29) (end=(31, 29), ultimate=(14, 48))
[CROP] Refill densify recover → (32, 29) from (30, 29) (no path)
[CROP] Past-fence densify south (31, 29) → (30, 32) (end=(30, 29), ultimate=(14, 48))
[CROP] Refill densify hop (31, 29) → (30, 32) (ultimate=(14, 48))
[CROP] East-crawl densify (30, 29) → (32, 29) (end=(31, 29), ultimate=(14, 48))
[CROP] Refill densify hop (30, 29) → (32, 29) (ultimate=(14, 48))
[CROP] East-crawl densify (30, 29) → (32, 29) (end=(31, 29), ultimate=(14, 48))
[CROP] East-crawl densify (30, 29) → (32, 29) (end=(31, 29), ultimate=(14, 48))
[CROP] Refill densify recover → (32, 29) from (30, 29) (no path)
[CROP] Past-fence densify south (31, 29) → (30, 32) (end=(30, 29), ultimate=(14, 48))
[CROP] Refill densify hop (31, 29) → (30, 32) (ultimate=(14, 48))
[CROP] East-crawl densify (30, 29) → (32, 29) (end=(31, 29), ultimate=(14, 48))
[CROP] Refill densify hop (30, 29) → (32, 29) (ultimate=(14, 48))
[CROP] East-crawl densify (30, 29) → (32, 29) (end=(31, 29), ultimate=(14, 48))
[CROP] East-crawl densify (30, 29) → (32, 29) (end=(31, 29), ultimate=(14, 48))
[CROP] Refill densify recover → (32, 29) from (30, 29) (no path)
[CROP] Past-fence densify south (31, 29) → (30, 32) (end=(30, 29), ultimate=(14, 48))
[CROP] Refill densify hop (31, 29) → (30, 32) (ultimate=(14, 48))
[CROP] East-crawl densify (30, 29) → (32, 29) (end=(31, 29), ultimate=(14, 48))
[CROP] Refill densify hop (30, 29) → (32, 29) (ultimate=(14, 48))
[CROP] East-crawl densify (30, 29) → (32, 29) (end=(31, 29), ultimate=(14, 48))
[CROP] East-crawl densify (30, 29) → (32, 29) (end=(31, 29), ultimate=(14, 48))
[CROP] Refill densify recover → (32, 29) from (30, 29) (no path)
[CROP] Past-fence densify south (31, 29) → (30, 32) (end=(30, 29), ultimate=(14, 48))
[CROP] Refill densify hop (31, 29) → (30, 32) (ultimate=(14, 48))
[CROP] East-crawl densify (30, 29) → (32, 29) (end=(31, 29), ultimate=(14, 48))
[CROP] Refill densify hop (30, 29) → (32, 29) (ultimate=(14, 48))
[CROP] East-crawl densify (30, 29) → (32, 29) (end=(31, 29), ultimate=(14, 48))
[CROP] East-crawl densify (30, 29) → (32, 29) (end=(31, 29), ultimate=(14, 48))
[CROP] Refill densify recover → (32, 29) from (30, 29) (no path)
[CROP] Past-fence densify south (31, 29) → (30, 32) (end=(30, 29), ultimate=(14, 48))
[CROP] Refill densify hop (31, 29) → (30, 32) (ultimate=(14, 48))
[CROP] East-crawl densify (30, 29) → (32, 29) (end=(31, 29), ultimate=(14, 48))
[CROP] Refill densify hop (30, 29) → (32, 29) (ultimate=(14, 48))
[CROP] East-crawl densify (30, 29) → (32, 29) (end=(31, 29), ultimate=(14, 48))
[CROP] East-crawl densify (30, 29) → (32, 29) (end=(31, 29), ultimate=(14, 48))
[CROP] Refill densify recover → (32, 29) from (30, 29) (no path)
[CROP] Past-fence densify south (31, 29) → (30, 32) (end=(30, 29), ultimate=(14, 48))
[CROP] Refill densify hop (31, 29) → (30, 32) (ultimate=(14, 48))
[CROP] East-crawl densify (30, 29) → (32, 29) (end=(31, 29), ultimate=(14, 48))
[CROP] Refill densify hop (30, 29) → (32, 29) (ultimate=(14, 48))
[CROP] East-crawl densify (30, 29) → (32, 29) (end=(31, 29), ultimate=(14, 48))
[CROP] East-crawl densify (30, 29) → (32, 29) (end=(31, 29), ultimate=(14, 48))
[CROP] Refill densify recover → (32, 29) from (30, 29) (no path)
[CROP] Past-fence densify south (31, 29) → (30, 32) (end=(30, 29), ultimate=(14, 48))
[CROP] Refill densify hop (31, 29) → (30, 32) (ultimate=(14, 48))
[CROP] East-crawl densify (30, 29) → (32, 29) (end=(31, 29), ultimate=(14, 48))
[CROP] Refill densify hop (30, 29) → (32, 29) (ultimate=(14, 48))
[CROP] East-crawl densify (30, 29) → (32, 29) (end=(31, 29), ultimate=(14, 48))
[CROP] East-crawl densify (30, 29) → (32, 29) (end=(31, 29), ultimate=(14, 48))
[CROP] Refill densify recover → (32, 29) from (30, 29) (no path)
[CROP] Past-fence densify south (31, 29) → (30, 32) (end=(30, 29), ultimate=(14, 48))
[CROP] Refill densify hop (31, 29) → (30, 32) (ultimate=(14, 48))
[CROP] East-crawl densify (30, 29) → (32, 29) (end=(31, 29), ultimate=(14, 48))
[CROP] Refill densify hop (30, 29) → (32, 29) (ultimate=(14, 48))
[CROP] East-crawl densify (30, 29) → (32, 29) (end=(31, 29), ultimate=(14, 48))
[CROP] East-crawl densify (30, 29) → (32, 29) (end=(31, 29), ultimate=(14, 48))
[CROP] Refill densify recover → (32, 29) from (30, 29) (no path)
[CROP] Past-fence densify south (31, 29) → (30, 32) (end=(30, 29), ultimate=(14, 48))
[CROP] Refill densify hop (31, 29) → (30, 32) (ultimate=(14, 48))
[CROP] East-crawl densify (30, 29) → (32, 29) (end=(31, 29), ultimate=(14, 48))
[CROP] Refill densify hop (30, 29) → (32, 29) (ultimate=(14, 48))
[CROP] East-crawl densify (30, 29) → (32, 29) (end=(31, 29), ultimate=(14, 48))
[CROP] East-crawl densify (30, 29) → (32, 29) (end=(31, 29), ultimate=(14, 48))
[CROP] Refill densify recover → (32, 29) from (30, 29) (no path)
[CROP] Past-fence densify south (31, 29) → (30, 32) (end=(30, 29), ultimate=(14, 48))
[CROP] Refill densify hop (31, 29) → (30, 32) (ultimate=(14, 48))
[CROP] East-crawl densify (30, 29) → (32, 29) (end=(31, 29), ultimate=(14, 48))
[CROP] Refill densify hop (30, 29) → (32, 29) (ultimate=(14, 48))
[CROP] East-crawl densify (30, 29) → (32, 29) (end=(31, 29), ultimate=(14, 48))
[CROP] East-crawl densify (30, 29) → (32, 29) (end=(31, 29), ultimate=(14, 48))
[CROP] Refill densify recover → (32, 29) from (30, 29) (no path)
[CROP] Past-fence densify south (31, 29) → (30, 32) (end=(30, 29), ultimate=(14, 48))
[CROP] Refill densify hop (31, 29) → (30, 32) (ultimate=(14, 48))
[CROP] East-crawl densify (30, 29) → (32, 29) (end=(31, 29), ultimate=(14, 48))
[CROP] Refill densify hop (30, 29) → (32, 29) (ultimate=(14, 48))
[CROP] East-crawl densify (30, 29) → (32, 29) (end=(31, 29), ultimate=(14, 48))
[CROP] East-crawl densify (30, 29) → (32, 29) (end=(31, 29), ultimate=(14, 48))
[CROP] Refill densify recover → (32, 29) from (30, 29) (no path)
[CROP] Past-fence densify south (31, 29) → (30, 32) (end=(30, 29), ultimate=(14, 48))
[CROP] Refill densify hop (31, 29) → (30, 32) (ultimate=(14, 48))
[CROP] East-crawl densify (30, 29) → (32, 29) (end=(31, 29), ultimate=(14, 48))
[CROP] Refill densify hop (30, 29) → (32, 29) (ultimate=(14, 48))
[CROP] East-crawl densify (30, 29) → (32, 29) (end=(31, 29), ultimate=(14, 48))
[CROP] East-crawl densify (30, 29) → (32, 29) (end=(31, 29), ultimate=(14, 48))
[CROP] Refill densify recover → (32, 29) from (30, 29) (no path)
[CROP] Past-fence densify south (31, 29) → (30, 32) (end=(30, 29), ultimate=(14, 48))
[CROP] Refill densify hop (31, 29) → (30, 32) (ultimate=(14, 48))
[CROP] East-crawl densify (30, 29) → (32, 29) (end=(31, 29), ultimate=(14, 48))
[CROP] Refill densify hop (30, 29) → (32, 29) (ultimate=(14, 48))
[CROP] East-crawl densify (30, 29) → (32, 29) (end=(31, 29), ultimate=(14, 48))
[CROP] East-crawl densify (30, 29) → (32, 29) (end=(31, 29), ultimate=(14, 48))
[CROP] Refill densify recover → (32, 29) from (30, 29) (no path)
[CROP] Past-fence densify south (31, 29) → (30, 32) (end=(30, 29), ultimate=(14, 48))
[CROP] Refill densify hop (31, 29) → (30, 32) (ultimate=(14, 48))
[CROP] East-crawl densify (30, 29) → (32, 29) (end=(31, 29), ultimate=(14, 48))
[CROP] Refill densify hop (30, 29) → (32, 29) (ultimate=(14, 48))
[CROP] East-crawl densify (30, 29) → (32, 29) (end=(31, 29), ultimate=(14, 48))
[CROP] East-crawl densify (30, 29) → (32, 29) (end=(31, 29), ultimate=(14, 48))
[CROP] Refill densify recover → (32, 29) from (30, 29) (no path)
[CROP] Past-fence densify south (31, 29) → (30, 32) (end=(30, 29), ultimate=(14, 48))
[CROP] Refill densify hop (31, 29) → (30, 32) (ultimate=(14, 48))
[CROP] East-crawl densify (30, 29) → (32, 29) (end=(31, 29), ultimate=(14, 48))
[CROP] Refill densify hop (30, 29) → (32, 29) (ultimate=(14, 48))
[CROP] East-crawl densify (30, 29) → (32, 29) (end=(31, 29), ultimate=(14, 48))
[CROP] East-crawl densify (30, 29) → (32, 29) (end=(31, 29), ultimate=(14, 48))
[CROP] Refill densify recover → (32, 29) from (30, 29) (no path)
[CROP] Past-fence densify south (31, 29) → (30, 32) (end=(30, 29), ultimate=(14, 48))
[CROP] Refill densify hop (31, 29) → (30, 32) (ultimate=(14, 48))
[CROP] East-crawl densify (30, 29) → (32, 29) (end=(31, 29), ultimate=(14, 48))
[CROP] Refill densify hop (30, 29) → (32, 29) (ultimate=(14, 48))
[CROP] East-crawl densify (30, 29) → (32, 29) (end=(31, 29), ultimate=(14, 48))
[CROP] East-crawl densify (30, 29) → (32, 29) (end=(31, 29), ultimate=(14, 48))
[CROP] Refill densify recover → (32, 29) from (30, 29) (no path)
[CROP] Past-fence densify south (31, 29) → (30, 32) (end=(30, 29), ultimate=(14, 48))
[CROP] Refill densify hop (31, 29) → (30, 32) (ultimate=(14, 48))
[CROP] East-crawl densify (30, 29) → (32, 29) (end=(31, 29), ultimate=(14, 48))
[CROP] Refill densify hop (30, 29) → (32, 29) (ultimate=(14, 48))
[CROP] East-crawl densify (30, 29) → (32, 29) (end=(31, 29), ultimate=(14, 48))
[CROP] East-crawl densify (30, 29) → (32, 29) (end=(31, 29), ultimate=(14, 48))
[CROP] Refill densify recover → (32, 29) from (30, 29) (no path)
[CROP] Past-fence densify south (31, 29) → (30, 32) (end=(30, 29), ultimate=(14, 48))
[CROP] Refill densify hop (31, 29) → (30, 32) (ultimate=(14, 48))
[CROP] East-crawl densify (30, 29) → (32, 29) (end=(31, 29), ultimate=(14, 48))
[CROP] Refill densify hop (30, 29) → (32, 29) (ultimate=(14, 48))
[CROP] East-crawl densify (30, 29) → (32, 29) (end=(31, 29), ultimate=(14, 48))
[CROP] East-crawl densify (30, 29) → (32, 29) (end=(31, 29), ultimate=(14, 48))
[CROP] Refill densify recover → (32, 29) from (30, 29) (no path)
[CROP] Past-fence densify south (31, 29) → (30, 32) (end=(30, 29), ultimate=(14, 48))
[CROP] Refill densify hop (31, 29) → (30, 32) (ultimate=(14, 48))
[CROP] East-crawl densify (30, 29) → (32, 29) (end=(31, 29), ultimate=(14, 48))
[CROP] Refill densify hop (30, 29) → (32, 29) (ultimate=(14, 48))
[CROP] East-crawl densify (30, 29) → (32, 29) (end=(31, 29), ultimate=(14, 48))
[CROP] East-crawl densify (30, 29) → (32, 29) (end=(31, 29), ultimate=(14, 48))
[CROP] Refill densify recover → (32, 29) from (30, 29) (no path)
[CROP] Past-fence densify south (31, 29) → (30, 32) (end=(30, 29), ultimate=(14, 48))
[CROP] Refill densify hop (31, 29) → (30, 32) (ultimate=(14, 48))
[CROP] East-crawl densify (30, 29) → (32, 29) (end=(31, 29), ultimate=(14, 48))
[CROP] Refill densify hop (30, 29) → (32, 29) (ultimate=(14, 48))
[CROP] East-crawl densify (30, 29) → (32, 29) (end=(31, 29), ultimate=(14, 48))
[CROP] East-crawl densify (30, 29) → (32, 29) (end=(31, 29), ultimate=(14, 48))
[CROP] Refill densify recover → (32, 29) from (30, 29) (no path)
[CROP] Past-fence densify south (31, 29) → (30, 32) (end=(30, 29), ultimate=(14, 48))
[CROP] Refill densify hop (31, 29) → (30, 32) (ultimate=(14, 48))
[CROP] East-crawl densify (30, 29) → (32, 29) (end=(31, 29), ultimate=(14, 48))
[CROP] Refill densify hop (30, 29) → (32, 29) (ultimate=(14, 48))
[CROP] East-crawl densify (30, 29) → (32, 29) (end=(31, 29), ultimate=(14, 48))
[CROP] East-crawl densify (30, 29) → (32, 29) (end=(31, 29), ultimate=(14, 48))
[CROP] Refill densify recover → (32, 29) from (30, 29) (no path)
[CROP] Past-fence densify south (31, 29) → (30, 32) (end=(30, 29), ultimate=(14, 48))
[CROP] Refill densify hop (31, 29) → (30, 32) (ultimate=(14, 48))
[CROP] East-crawl densify (30, 29) → (32, 29) (end=(31, 29), ultimate=(14, 48))
[CROP] Refill densify hop (30, 29) → (32, 29) (ultimate=(14, 48))
[CROP] East-crawl densify (30, 29) → (32, 29) (end=(31, 29), ultimate=(14, 48))
[CROP] East-crawl densify (30, 29) → (32, 29) (end=(31, 29), ultimate=(14, 48))
[CROP] Refill densify recover → (32, 29) from (30, 29) (no path)
[CROP] Past-fence densify south (31, 29) → (30, 32) (end=(30, 29), ultimate=(14, 48))
[CROP] Refill densify hop (31, 29) → (30, 32) (ultimate=(14, 48))
[CROP] East-crawl densify (30, 29) → (32, 29) (end=(31, 29), ultimate=(14, 48))
[CROP] Refill densify hop (30, 29) → (32, 29) (ultimate=(14, 48))
[CROP] East-crawl densify (30, 29) → (32, 29) (end=(31, 29), ultimate=(14, 48))
[CROP] East-crawl densify (30, 29) → (32, 29) (end=(31, 29), ultimate=(14, 48))
[CROP] Refill densify recover → (32, 29) from (30, 29) (no path)
[CROP] Past-fence densify south (31, 29) → (30, 32) (end=(30, 29), ultimate=(14, 48))
[CROP] Refill densify hop (31, 29) → (30, 32) (ultimate=(14, 48))
[CROP] East-crawl densify (30, 29) → (32, 29) (end=(31, 29), ultimate=(14, 48))
[CROP] Refill densify hop (30, 29) → (32, 29) (ultimate=(14, 48))
[CROP] East-crawl densify (30, 29) → (32, 29) (end=(31, 29), ultimate=(14, 48))
[CROP] East-crawl densify (30, 29) → (32, 29) (end=(31, 29), ultimate=(14, 48))
[CROP] Refill densify recover → (32, 29) from (30, 29) (no path)
[CROP] Past-fence densify south (31, 29) → (30, 32) (end=(30, 29), ultimate=(14, 48))
[CROP] Refill densify hop (31, 29) → (30, 32) (ultimate=(14, 48))
[CROP] East-crawl densify (30, 29) → (32, 29) (end=(31, 29), ultimate=(14, 48))
[CROP] Refill densify hop (30, 29) → (32, 29) (ultimate=(14, 48))
[CROP] East-crawl densify (30, 29) → (32, 29) (end=(31, 29), ultimate=(14, 48))
[CROP] East-crawl densify (30, 29) → (32, 29) (end=(31, 29), ultimate=(14, 48))
[CROP] Refill densify recover → (32, 29) from (30, 29) (no path)
[RUN] f=84000 date=S0D7 18:09 $160 phase=PLAN_DAY date=0:7 completed=5/40
[CROP] Past-fence densify south (31, 29) → (30, 32) (end=(30, 29), ultimate=(14, 48))
[CROP] Refill densify hop (31, 29) → (30, 32) (ultimate=(14, 48))
[CROP] East-crawl densify (30, 29) → (32, 29) (end=(31, 29), ultimate=(14, 48))
[CROP] Refill densify hop (30, 29) → (32, 29) (ultimate=(14, 48))
[CROP] East-crawl densify (30, 29) → (32, 29) (end=(31, 29), ultimate=(14, 48))
[CROP] East-crawl densify (30, 29) → (32, 29) (end=(31, 29), ultimate=(14, 48))
[CROP] Refill densify recover → (32, 29) from (30, 29) (no path)
[CROP] Past-fence densify south (31, 29) → (30, 32) (end=(30, 29), ultimate=(14, 48))
[CROP] Refill densify hop (31, 29) → (30, 32) (ultimate=(14, 48))
[CROP] East-crawl densify (30, 29) → (32, 29) (end=(31, 29), ultimate=(14, 48))
[CROP] Refill densify hop (30, 29) → (32, 29) (ultimate=(14, 48))
[CROP] East-crawl densify (30, 29) → (32, 29) (end=(31, 29), ultimate=(14, 48))
[CROP] East-crawl densify (30, 29) → (32, 29) (end=(31, 29), ultimate=(14, 48))
[CROP] Refill densify recover → (32, 29) from (30, 29) (no path)
[CROP] Past-fence densify south (31, 29) → (30, 32) (end=(30, 29), ultimate=(14, 48))
[CROP] Refill densify hop (31, 29) → (30, 32) (ultimate=(14, 48))
[CROP] East-crawl densify (30, 29) → (32, 29) (end=(31, 29), ultimate=(14, 48))
[CROP] Refill densify hop (30, 29) → (32, 29) (ultimate=(14, 48))
[CROP] East-crawl densify (30, 29) → (32, 29) (end=(31, 29), ultimate=(14, 48))
[CROP] East-crawl densify (30, 29) → (32, 29) (end=(31, 29), ultimate=(14, 48))
[CROP] Refill densify recover → (32, 29) from (30, 29) (no path)
[CROP] Past-fence densify south (31, 29) → (30, 32) (end=(30, 29), ultimate=(14, 48))
[CROP] Refill densify hop (31, 29) → (30, 32) (ultimate=(14, 48))
[CROP] East-crawl densify (30, 29) → (32, 29) (end=(31, 29), ultimate=(14, 48))
[CROP] Refill densify hop (30, 29) → (32, 29) (ultimate=(14, 48))
[CROP] East-crawl densify (30, 29) → (32, 29) (end=(31, 29), ultimate=(14, 48))
[CROP] East-crawl densify (30, 29) → (32, 29) (end=(31, 29), ultimate=(14, 48))
[CROP] Refill densify recover → (32, 29) from (30, 29) (no path)
[CROP] Past-fence densify south (31, 29) → (30, 32) (end=(30, 29), ultimate=(14, 48))
[CROP] Refill densify hop (31, 29) → (30, 32) (ultimate=(14, 48))
[CROP] East-crawl densify (30, 29) → (32, 29) (end=(31, 29), ultimate=(14, 48))
[CROP] Refill densify hop (30, 29) → (32, 29) (ultimate=(14, 48))
[CROP] East-crawl densify (30, 29) → (32, 29) (end=(31, 29), ultimate=(14, 48))
[CROP] East-crawl densify (30, 29) → (32, 29) (end=(31, 29), ultimate=(14, 48))
[CROP] Refill densify recover → (32, 29) from (30, 29) (no path)
[CROP] Past-fence densify south (31, 29) → (30, 32) (end=(30, 29), ultimate=(14, 48))
[CROP] Refill densify hop (31, 29) → (30, 32) (ultimate=(14, 48))
[CROP] East-crawl densify (30, 29) → (32, 29) (end=(31, 29), ultimate=(14, 48))
[CROP] Refill densify hop (30, 29) → (32, 29) (ultimate=(14, 48))
[CROP] East-crawl densify (30, 29) → (32, 29) (end=(31, 29), ultimate=(14, 48))
[CROP] East-crawl densify (30, 29) → (32, 29) (end=(31, 29), ultimate=(14, 48))
[CROP] Refill densify recover → (32, 29) from (30, 29) (no path)
[CROP] Past-fence densify south (31, 29) → (30, 32) (end=(30, 29), ultimate=(14, 48))
[CROP] Refill densify hop (31, 29) → (30, 32) (ultimate=(14, 48))
[CROP] East-crawl densify (30, 29) → (32, 29) (end=(31, 29), ultimate=(14, 48))
[CROP] Refill densify hop (30, 29) → (32, 29) (ultimate=(14, 48))
[CROP] East-crawl densify (30, 29) → (32, 29) (end=(31, 29), ultimate=(14, 48))
[CROP] East-crawl densify (30, 29) → (32, 29) (end=(31, 29), ultimate=(14, 48))
[CROP] Refill densify recover → (32, 29) from (30, 29) (no path)
[CROP] Past-fence densify south (31, 29) → (30, 32) (end=(30, 29), ultimate=(14, 48))
[CROP] Refill densify hop (31, 29) → (30, 32) (ultimate=(14, 48))
[CROP] East-crawl densify (30, 29) → (32, 29) (end=(31, 29), ultimate=(14, 48))
[CROP] Refill densify hop (30, 29) → (32, 29) (ultimate=(14, 48))
[CROP] East-crawl densify (30, 29) → (32, 29) (end=(31, 29), ultimate=(14, 48))
[CROP] East-crawl densify (30, 29) → (32, 29) (end=(31, 29), ultimate=(14, 48))
[CROP] Refill densify recover → (32, 29) from (30, 29) (no path)
[CROP] Past-fence densify south (31, 29) → (30, 32) (end=(30, 29), ultimate=(14, 48))
[CROP] Refill densify hop (31, 29) → (30, 32) (ultimate=(14, 48))
[CROP] East-crawl densify (30, 29) → (32, 29) (end=(31, 29), ultimate=(14, 48))
[CROP] Refill densify hop (30, 29) → (32, 29) (ultimate=(14, 48))
[CROP] East-crawl densify (30, 29) → (32, 29) (end=(31, 29), ultimate=(14, 48))
[CROP] East-crawl densify (30, 29) → (32, 29) (end=(31, 29), ultimate=(14, 48))
[CROP] Refill densify recover → (32, 29) from (30, 29) (no path)
[CROP] Past-fence densify south (31, 29) → (30, 32) (end=(30, 29), ultimate=(14, 48))
[CROP] Refill densify hop (31, 29) → (30, 32) (ultimate=(14, 48))
[CROP] East-crawl densify (30, 29) → (32, 29) (end=(31, 29), ultimate=(14, 48))
[CROP] Refill densify hop (30, 29) → (32, 29) (ultimate=(14, 48))
[CROP] East-crawl densify (30, 29) → (32, 29) (end=(31, 29), ultimate=(14, 48))
[CROP] East-crawl densify (30, 29) → (32, 29) (end=(31, 29), ultimate=(14, 48))
[CROP] Refill densify recover → (32, 29) from (30, 29) (no path)
[CROP] Past-fence densify south (31, 29) → (30, 32) (end=(30, 29), ultimate=(14, 48))
[CROP] Refill densify hop (31, 29) → (30, 32) (ultimate=(14, 48))
[CROP] East-crawl densify (30, 29) → (32, 29) (end=(31, 29), ultimate=(14, 48))
[CROP] Refill densify hop (30, 29) → (32, 29) (ultimate=(14, 48))
[CROP] East-crawl densify (30, 29) → (32, 29) (end=(31, 29), ultimate=(14, 48))
[CROP] East-crawl densify (30, 29) → (32, 29) (end=(31, 29), ultimate=(14, 48))
[CROP] Refill densify recover → (32, 29) from (30, 29) (no path)
[CROP] Past-fence densify south (31, 29) → (30, 32) (end=(30, 29), ultimate=(14, 48))
[CROP] Refill densify hop (31, 29) → (30, 32) (ultimate=(14, 48))
[CROP] East-crawl densify (30, 29) → (32, 29) (end=(31, 29), ultimate=(14, 48))
[CROP] Refill densify hop (30, 29) → (32, 29) (ultimate=(14, 48))
[CROP] East-crawl densify (30, 29) → (32, 29) (end=(31, 29), ultimate=(14, 48))
[CROP] East-crawl densify (30, 29) → (32, 29) (end=(31, 29), ultimate=(14, 48))
[CROP] Refill densify recover → (32, 29) from (30, 29) (no path)
[CROP] Past-fence densify south (31, 29) → (30, 32) (end=(30, 29), ultimate=(14, 48))
[CROP] Refill densify hop (31, 29) → (30, 32) (ultimate=(14, 48))
[CROP] East-crawl densify (30, 29) → (32, 29) (end=(31, 29), ultimate=(14, 48))
[CROP] Refill densify hop (30, 29) → (32, 29) (ultimate=(14, 48))
[CROP] East-crawl densify (30, 29) → (32, 29) (end=(31, 29), ultimate=(14, 48))
[CROP] East-crawl densify (30, 29) → (32, 29) (end=(31, 29), ultimate=(14, 48))
[CROP] Refill densify recover → (32, 29) from (30, 29) (no path)
[CROP] Past-fence densify south (31, 29) → (30, 32) (end=(30, 29), ultimate=(14, 48))
[CROP] Refill densify hop (31, 29) → (30, 32) (ultimate=(14, 48))
[CROP] East-crawl densify (30, 29) → (32, 29) (end=(31, 29), ultimate=(14, 48))
[CROP] Refill densify hop (30, 29) → (32, 29) (ultimate=(14, 48))
[CROP] East-crawl densify (30, 29) → (32, 29) (end=(31, 29), ultimate=(14, 48))
[CROP] East-crawl densify (30, 29) → (32, 29) (end=(31, 29), ultimate=(14, 48))
[CROP] Refill densify recover → (32, 29) from (30, 29) (no path)
[CROP] Past-fence densify south (31, 29) → (30, 32) (end=(30, 29), ultimate=(14, 48))
[CROP] Refill densify hop (31, 29) → (30, 32) (ultimate=(14, 48))
[CROP] East-crawl densify (30, 29) → (32, 29) (end=(31, 29), ultimate=(14, 48))
[CROP] Refill densify hop (30, 29) → (32, 29) (ultimate=(14, 48))
[CROP] East-crawl densify (30, 29) → (32, 29) (end=(31, 29), ultimate=(14, 48))
[CROP] East-crawl densify (30, 29) → (32, 29) (end=(31, 29), ultimate=(14, 48))
[CROP] Refill densify recover → (32, 29) from (30, 29) (no path)
[CROP] Past-fence densify south (31, 29) → (30, 32) (end=(30, 29), ultimate=(14, 48))
[CROP] Refill densify hop (31, 29) → (30, 32) (ultimate=(14, 48))
[CROP] East-crawl densify (30, 29) → (32, 29) (end=(31, 29), ultimate=(14, 48))
[CROP] Refill densify hop (30, 29) → (32, 29) (ultimate=(14, 48))
[CROP] East-crawl densify (30, 29) → (32, 29) (end=(31, 29), ultimate=(14, 48))
[CROP] East-crawl densify (30, 29) → (32, 29) (end=(31, 29), ultimate=(14, 48))
[CROP] Refill densify recover → (32, 29) from (30, 29) (no path)
[CROP] Past-fence densify south (31, 29) → (30, 32) (end=(30, 29), ultimate=(14, 48))
[CROP] Refill densify hop (31, 29) → (30, 32) (ultimate=(14, 48))
[CROP] East-crawl densify (30, 29) → (32, 29) (end=(31, 29), ultimate=(14, 48))
[CROP] Refill densify hop (30, 29) → (32, 29) (ultimate=(14, 48))
[CROP] East-crawl densify (30, 29) → (32, 29) (end=(31, 29), ultimate=(14, 48))
[CROP] East-crawl densify (30, 29) → (32, 29) (end=(31, 29), ultimate=(14, 48))
[CROP] Refill densify recover → (32, 29) from (30, 29) (no path)
[CROP] Past-fence densify south (31, 29) → (30, 32) (end=(30, 29), ultimate=(14, 48))
[CROP] Refill densify hop (31, 29) → (30, 32) (ultimate=(14, 48))
[CROP] East-crawl densify (30, 29) → (32, 29) (end=(31, 29), ultimate=(14, 48))
[CROP] Refill densify hop (30, 29) → (32, 29) (ultimate=(14, 48))
[CROP] East-crawl densify (30, 29) → (32, 29) (end=(31, 29), ultimate=(14, 48))
[CROP] East-crawl densify (30, 29) → (32, 29) (end=(31, 29), ultimate=(14, 48))
[CROP] Refill densify recover → (32, 29) from (30, 29) (no path)
[CROP] Past-fence densify south (31, 29) → (30, 32) (end=(30, 29), ultimate=(14, 48))
[CROP] Refill densify hop (31, 29) → (30, 32) (ultimate=(14, 48))
[CROP] East-crawl densify (30, 29) → (32, 29) (end=(31, 29), ultimate=(14, 48))
[CROP] Refill densify hop (30, 29) → (32, 29) (ultimate=(14, 48))
[CROP] East-crawl densify (30, 29) → (32, 29) (end=(31, 29), ultimate=(14, 48))
[CROP] East-crawl densify (30, 29) → (32, 29) (end=(31, 29), ultimate=(14, 48))
[CROP] Refill densify recover → (32, 29) from (30, 29) (no path)
[CROP] Past-fence densify south (31, 29) → (30, 32) (end=(30, 29), ultimate=(14, 48))
[CROP] Refill densify hop (31, 29) → (30, 32) (ultimate=(14, 48))
[CROP] East-crawl densify (30, 29) → (32, 29) (end=(31, 29), ultimate=(14, 48))
[CROP] Refill densify hop (30, 29) → (32, 29) (ultimate=(14, 48))
[CROP] East-crawl densify (30, 29) → (32, 29) (end=(31, 29), ultimate=(14, 48))
[CROP] East-crawl densify (30, 29) → (32, 29) (end=(31, 29), ultimate=(14, 48))
[CROP] Refill densify recover → (32, 29) from (30, 29) (no path)
[CROP] Past-fence densify south (31, 29) → (30, 32) (end=(30, 29), ultimate=(14, 48))
[CROP] Refill densify hop (31, 29) → (30, 32) (ultimate=(14, 48))
[CROP] East-crawl densify (30, 29) → (32, 29) (end=(31, 29), ultimate=(14, 48))
[CROP] Refill densify hop (30, 29) → (32, 29) (ultimate=(14, 48))
[CROP] East-crawl densify (30, 29) → (32, 29) (end=(31, 29), ultimate=(14, 48))
[CROP] East-crawl densify (30, 29) → (32, 29) (end=(31, 29), ultimate=(14, 48))
[CROP] Refill densify recover → (32, 29) from (30, 29) (no path)
[CROP] Past-fence densify south (31, 29) → (30, 32) (end=(30, 29), ultimate=(14, 48))
[CROP] Refill densify hop (31, 29) → (30, 32) (ultimate=(14, 48))
[CROP] East-crawl densify (30, 29) → (32, 29) (end=(31, 29), ultimate=(14, 48))
[CROP] Refill densify hop (30, 29) → (32, 29) (ultimate=(14, 48))
[CROP] East-crawl densify (30, 29) → (32, 29) (end=(31, 29), ultimate=(14, 48))
[CROP] East-crawl densify (30, 29) → (32, 29) (end=(31, 29), ultimate=(14, 48))
[CROP] Refill densify recover → (32, 29) from (30, 29) (no path)
[CROP] Past-fence densify south (31, 29) → (30, 32) (end=(30, 29), ultimate=(14, 48))
[CROP] Refill densify hop (31, 29) → (30, 32) (ultimate=(14, 48))
[CROP] East-crawl densify (30, 29) → (32, 29) (end=(31, 29), ultimate=(14, 48))
[CROP] Refill densify hop (30, 29) → (32, 29) (ultimate=(14, 48))
[CROP] East-crawl densify (30, 29) → (32, 29) (end=(31, 29), ultimate=(14, 48))
[CROP] East-crawl densify (30, 29) → (32, 29) (end=(31, 29), ultimate=(14, 48))
[CROP] Refill densify recover → (32, 29) from (30, 29) (no path)
[CROP] Past-fence densify south (31, 29) → (30, 32) (end=(30, 29), ultimate=(14, 48))
[CROP] Refill densify hop (31, 29) → (30, 32) (ultimate=(14, 48))
[CROP] East-crawl densify (30, 29) → (32, 29) (end=(31, 29), ultimate=(14, 48))
[CROP] Refill densify hop (30, 29) → (32, 29) (ultimate=(14, 48))
[CROP] East-crawl densify (30, 29) → (32, 29) (end=(31, 29), ultimate=(14, 48))
[CROP] East-crawl densify (30, 29) → (32, 29) (end=(31, 29), ultimate=(14, 48))
[CROP] Refill densify recover → (32, 29) from (30, 29) (no path)
[CROP] Past-fence densify south (31, 29) → (30, 32) (end=(30, 29), ultimate=(14, 48))
[CROP] Refill densify hop (31, 29) → (30, 32) (ultimate=(14, 48))
[CROP] East-crawl densify (30, 29) → (32, 29) (end=(31, 29), ultimate=(14, 48))
[CROP] Refill densify hop (30, 29) → (32, 29) (ultimate=(14, 48))
[CROP] East-crawl densify (30, 29) → (32, 29) (end=(31, 29), ultimate=(14, 48))
[CROP] East-crawl densify (30, 29) → (32, 29) (end=(31, 29), ultimate=(14, 48))
[CROP] Refill densify recover → (32, 29) from (30, 29) (no path)
[CROP] Past-fence densify south (31, 29) → (30, 32) (end=(30, 29), ultimate=(14, 48))
[CROP] Refill densify hop (31, 29) → (30, 32) (ultimate=(14, 48))
[CROP] East-crawl densify (30, 29) → (32, 29) (end=(31, 29), ultimate=(14, 48))
[CROP] Refill densify hop (30, 29) → (32, 29) (ultimate=(14, 48))
[CROP] East-crawl densify (30, 29) → (32, 29) (end=(31, 29), ultimate=(14, 48))
[CROP] East-crawl densify (30, 29) → (32, 29) (end=(31, 29), ultimate=(14, 48))
[CROP] Refill densify recover → (32, 29) from (30, 29) (no path)
[CROP] Past-fence densify south (31, 29) → (30, 32) (end=(30, 29), ultimate=(14, 48))
[CROP] Refill densify hop (31, 29) → (30, 32) (ultimate=(14, 48))
[CROP] East-crawl densify (30, 29) → (32, 29) (end=(31, 29), ultimate=(14, 48))
[CROP] Refill densify hop (30, 29) → (32, 29) (ultimate=(14, 48))
[CROP] East-crawl densify (30, 29) → (32, 29) (end=(31, 29), ultimate=(14, 48))
[CROP] East-crawl densify (30, 29) → (32, 29) (end=(31, 29), ultimate=(14, 48))
[CROP] Refill densify recover → (32, 29) from (30, 29) (no path)
[CROP] Past-fence densify south (31, 29) → (30, 32) (end=(30, 29), ultimate=(14, 48))
[CROP] Refill densify hop (31, 29) → (30, 32) (ultimate=(14, 48))
[CROP] East-crawl densify (30, 29) → (32, 29) (end=(31, 29), ultimate=(14, 48))
[CROP] Refill densify hop (30, 29) → (32, 29) (ultimate=(14, 48))
[CROP] East-crawl densify (30, 29) → (32, 29) (end=(31, 29), ultimate=(14, 48))
[CROP] East-crawl densify (30, 29) → (32, 29) (end=(31, 29), ultimate=(14, 48))
[CROP] Refill densify recover → (32, 29) from (30, 29) (no path)
[CROP] Past-fence densify south (31, 29) → (30, 32) (end=(30, 29), ultimate=(14, 48))
[CROP] Refill densify hop (31, 29) → (30, 32) (ultimate=(14, 48))
[CROP] East-crawl densify (30, 29) → (32, 29) (end=(31, 29), ultimate=(14, 48))
[CROP] Refill densify hop (30, 29) → (32, 29) (ultimate=(14, 48))
[CROP] East-crawl densify (30, 29) → (32, 29) (end=(31, 29), ultimate=(14, 48))
[CROP] East-crawl densify (30, 29) → (32, 29) (end=(31, 29), ultimate=(14, 48))
[CROP] Refill densify recover → (32, 29) from (30, 29) (no path)
[CROP] Past-fence densify south (31, 29) → (30, 32) (end=(30, 29), ultimate=(14, 48))
[CROP] Refill densify hop (31, 29) → (30, 32) (ultimate=(14, 48))
[CROP] East-crawl densify (30, 29) → (32, 29) (end=(31, 29), ultimate=(14, 48))
[CROP] Refill densify hop (30, 29) → (32, 29) (ultimate=(14, 48))
[CROP] East-crawl densify (30, 29) → (32, 29) (end=(31, 29), ultimate=(14, 48))
[CROP] East-crawl densify (30, 29) → (32, 29) (end=(31, 29), ultimate=(14, 48))
[CROP] Refill densify recover → (32, 29) from (30, 29) (no path)
[CROP] Past-fence densify south (31, 29) → (30, 32) (end=(30, 29), ultimate=(14, 48))
[CROP] Refill densify hop (31, 29) → (30, 32) (ultimate=(14, 48))
[CROP] East-crawl densify (30, 29) → (32, 29) (end=(31, 29), ultimate=(14, 48))
[CROP] Refill densify hop (30, 29) → (32, 29) (ultimate=(14, 48))
[CROP] East-crawl densify (30, 29) → (32, 29) (end=(31, 29), ultimate=(14, 48))
[CROP] East-crawl densify (30, 29) → (32, 29) (end=(31, 29), ultimate=(14, 48))
[CROP] Refill densify recover → (32, 29) from (30, 29) (no path)
[CROP] Past-fence densify south (31, 29) → (30, 32) (end=(30, 29), ultimate=(14, 48))
[CROP] Refill densify hop (31, 29) → (30, 32) (ultimate=(14, 48))
[CROP] East-crawl densify (30, 29) → (32, 29) (end=(31, 29), ultimate=(14, 48))
[CROP] Refill densify hop (30, 29) → (32, 29) (ultimate=(14, 48))
[CROP] East-crawl densify (30, 29) → (32, 29) (end=(31, 29), ultimate=(14, 48))
[CROP] East-crawl densify (30, 29) → (32, 29) (end=(31, 29), ultimate=(14, 48))
[CROP] Refill densify recover → (32, 29) from (30, 29) (no path)
[CROP] Past-fence densify south (31, 29) → (30, 32) (end=(30, 29), ultimate=(14, 48))
[CROP] Refill densify hop (31, 29) → (30, 32) (ultimate=(14, 48))
[CROP] East-crawl densify (30, 29) → (32, 29) (end=(31, 29), ultimate=(14, 48))
[CROP] Refill densify hop (30, 29) → (32, 29) (ultimate=(14, 48))
[CROP] East-crawl densify (30, 29) → (32, 29) (end=(31, 29), ultimate=(14, 48))
[CROP] East-crawl densify (30, 29) → (32, 29) (end=(31, 29), ultimate=(14, 48))
[CROP] Refill densify recover → (32, 29) from (30, 29) (no path)
[CROP] Past-fence densify south (31, 29) → (30, 32) (end=(30, 29), ultimate=(14, 48))
[CROP] Refill densify hop (31, 29) → (30, 32) (ultimate=(14, 48))
[CROP] East-crawl densify (30, 29) → (32, 29) (end=(31, 29), ultimate=(14, 48))
[CROP] Refill densify hop (30, 29) → (32, 29) (ultimate=(14, 48))
[CROP] East-crawl densify (30, 29) → (32, 29) (end=(31, 29), ultimate=(14, 48))
[CROP] East-crawl densify (30, 29) → (32, 29) (end=(31, 29), ultimate=(14, 48))
[CROP] Refill densify recover → (32, 29) from (30, 29) (no path)
[CROP] Past-fence densify south (31, 29) → (30, 32) (end=(30, 29), ultimate=(14, 48))
[CROP] Refill densify hop (31, 29) → (30, 32) (ultimate=(14, 48))
[CROP] East-crawl densify (30, 29) → (32, 29) (end=(31, 29), ultimate=(14, 48))
[CROP] Refill densify hop (30, 29) → (32, 29) (ultimate=(14, 48))
[CROP] East-crawl densify (30, 29) → (32, 29) (end=(31, 29), ultimate=(14, 48))
[CROP] East-crawl densify (30, 29) → (32, 29) (end=(31, 29), ultimate=(14, 48))
[CROP] Refill densify recover → (32, 29) from (30, 29) (no path)
[CROP] Past-fence densify south (31, 29) → (30, 32) (end=(30, 29), ultimate=(14, 48))
[CROP] Refill densify hop (31, 29) → (30, 32) (ultimate=(14, 48))
[CROP] East-crawl densify (30, 29) → (32, 29) (end=(31, 29), ultimate=(14, 48))
[CROP] Refill densify hop (30, 29) → (32, 29) (ultimate=(14, 48))
[CROP] East-crawl densify (30, 29) → (32, 29) (end=(31, 29), ultimate=(14, 48))
[CROP] East-crawl densify (30, 29) → (32, 29) (end=(31, 29), ultimate=(14, 48))
[CROP] Refill densify recover → (32, 29) from (30, 29) (no path)
[CROP] Past-fence densify south (31, 29) → (30, 32) (end=(30, 29), ultimate=(14, 48))
[CROP] Refill densify hop (31, 29) → (30, 32) (ultimate=(14, 48))
[CROP] East-crawl densify (30, 29) → (32, 29) (end=(31, 29), ultimate=(14, 48))
[CROP] Refill densify hop (30, 29) → (32, 29) (ultimate=(14, 48))
[CROP] East-crawl densify (30, 29) → (32, 29) (end=(31, 29), ultimate=(14, 48))
[CROP] East-crawl densify (30, 29) → (32, 29) (end=(31, 29), ultimate=(14, 48))
[CROP] Refill densify recover → (32, 29) from (30, 29) (no path)
[CROP] Past-fence densify south (31, 29) → (30, 32) (end=(30, 29), ultimate=(14, 48))
[CROP] Refill densify hop (31, 29) → (30, 32) (ultimate=(14, 48))
[CROP] East-crawl densify (30, 29) → (32, 29) (end=(31, 29), ultimate=(14, 48))
[CROP] Refill densify hop (30, 29) → (32, 29) (ultimate=(14, 48))
[CROP] East-crawl densify (30, 29) → (32, 29) (end=(31, 29), ultimate=(14, 48))
[CROP] East-crawl densify (30, 29) → (32, 29) (end=(31, 29), ultimate=(14, 48))
[CROP] Refill densify recover → (32, 29) from (30, 29) (no path)
[CROP] Past-fence densify south (31, 29) → (30, 32) (end=(30, 29), ultimate=(14, 48))
[CROP] Refill densify hop (31, 29) → (30, 32) (ultimate=(14, 48))
[CROP] East-crawl densify (30, 29) → (32, 29) (end=(31, 29), ultimate=(14, 48))
[CROP] Refill densify hop (30, 29) → (32, 29) (ultimate=(14, 48))
[CROP] East-crawl densify (30, 29) → (32, 29) (end=(31, 29), ultimate=(14, 48))
[CROP] East-crawl densify (30, 29) → (32, 29) (end=(31, 29), ultimate=(14, 48))
[CROP] Refill densify recover → (32, 29) from (30, 29) (no path)
[CROP] Past-fence densify south (31, 29) → (30, 32) (end=(30, 29), ultimate=(14, 48))
[CROP] Refill densify hop (31, 29) → (30, 32) (ultimate=(14, 48))
[CROP] East-crawl densify (30, 29) → (32, 29) (end=(31, 29), ultimate=(14, 48))
[CROP] Refill densify hop (30, 29) → (32, 29) (ultimate=(14, 48))
[CROP] East-crawl densify (30, 29) → (32, 29) (end=(31, 29), ultimate=(14, 48))
[CROP] East-crawl densify (30, 29) → (32, 29) (end=(31, 29), ultimate=(14, 48))
[CROP] Refill densify recover → (32, 29) from (30, 29) (no path)
[CROP] Past-fence densify south (31, 29) → (30, 32) (end=(30, 29), ultimate=(14, 48))
[CROP] Refill densify hop (31, 29) → (30, 32) (ultimate=(14, 48))
[CROP] East-crawl densify (30, 29) → (32, 29) (end=(31, 29), ultimate=(14, 48))
[CROP] Refill densify hop (30, 29) → (32, 29) (ultimate=(14, 48))
[CROP] East-crawl densify (30, 29) → (32, 29) (end=(31, 29), ultimate=(14, 48))
[CROP] East-crawl densify (30, 29) → (32, 29) (end=(31, 29), ultimate=(14, 48))
[CROP] Refill densify recover → (32, 29) from (30, 29) (no path)
[CROP] Past-fence densify south (31, 29) → (30, 32) (end=(30, 29), ultimate=(14, 48))
[CROP] Refill densify hop (31, 29) → (30, 32) (ultimate=(14, 48))
[CROP] East-crawl densify (30, 29) → (32, 29) (end=(31, 29), ultimate=(14, 48))
[CROP] Refill densify hop (30, 29) → (32, 29) (ultimate=(14, 48))
[CROP] East-crawl densify (30, 29) → (32, 29) (end=(31, 29), ultimate=(14, 48))
[CROP] East-crawl densify (30, 29) → (32, 29) (end=(31, 29), ultimate=(14, 48))
[CROP] Refill densify recover → (32, 29) from (30, 29) (no path)
[CROP] Past-fence densify south (31, 29) → (30, 32) (end=(30, 29), ultimate=(14, 48))
[CROP] Refill densify hop (31, 29) → (30, 32) (ultimate=(14, 48))
[CROP] East-crawl densify (30, 29) → (32, 29) (end=(31, 29), ultimate=(14, 48))
[CROP] Refill densify hop (30, 29) → (32, 29) (ultimate=(14, 48))
[CROP] East-crawl densify (30, 29) → (32, 29) (end=(31, 29), ultimate=(14, 48))
[CROP] East-crawl densify (30, 29) → (32, 29) (end=(31, 29), ultimate=(14, 48))
[CROP] Refill densify recover → (32, 29) from (30, 29) (no path)
[CROP] Past-fence densify south (31, 29) → (30, 32) (end=(30, 29), ultimate=(14, 48))
[CROP] Refill densify hop (31, 29) → (30, 32) (ultimate=(14, 48))
[CROP] East-crawl densify (30, 29) → (32, 29) (end=(31, 29), ultimate=(14, 48))
[CROP] Refill densify hop (30, 29) → (32, 29) (ultimate=(14, 48))
[CROP] East-crawl densify (30, 29) → (32, 29) (end=(31, 29), ultimate=(14, 48))
[CROP] East-crawl densify (30, 29) → (32, 29) (end=(31, 29), ultimate=(14, 48))
[CROP] Refill densify recover → (32, 29) from (30, 29) (no path)
[CROP] Past-fence densify south (31, 29) → (30, 32) (end=(30, 29), ultimate=(14, 48))
[CROP] Refill densify hop (31, 29) → (30, 32) (ultimate=(14, 48))
[CROP] East-crawl densify (30, 29) → (32, 29) (end=(31, 29), ultimate=(14, 48))
[CROP] Refill densify hop (30, 29) → (32, 29) (ultimate=(14, 48))
[CROP] East-crawl densify (30, 29) → (32, 29) (end=(31, 29), ultimate=(14, 48))
[CROP] East-crawl densify (30, 29) → (32, 29) (end=(31, 29), ultimate=(14, 48))
[CROP] Refill densify recover → (32, 29) from (30, 29) (no path)
[CROP] Past-fence densify south (31, 29) → (30, 32) (end=(30, 29), ultimate=(14, 48))
[CROP] Refill densify hop (31, 29) → (30, 32) (ultimate=(14, 48))
[CROP] East-crawl densify (30, 29) → (32, 29) (end=(31, 29), ultimate=(14, 48))
[CROP] Refill densify hop (30, 29) → (32, 29) (ultimate=(14, 48))
[CROP] East-crawl densify (30, 29) → (32, 29) (end=(31, 29), ultimate=(14, 48))
[CROP] East-crawl densify (30, 29) → (32, 29) (end=(31, 29), ultimate=(14, 48))
[CROP] Refill densify recover → (32, 29) from (30, 29) (no path)
[CROP] Past-fence densify south (31, 29) → (30, 32) (end=(30, 29), ultimate=(14, 48))
[CROP] Refill densify hop (31, 29) → (30, 32) (ultimate=(14, 48))
[CROP] East-crawl densify (30, 29) → (32, 29) (end=(31, 29), ultimate=(14, 48))
[CROP] Refill densify hop (30, 29) → (32, 29) (ultimate=(14, 48))
[CROP] East-crawl densify (30, 29) → (32, 29) (end=(31, 29), ultimate=(14, 48))
[CROP] East-crawl densify (30, 29) → (32, 29) (end=(31, 29), ultimate=(14, 48))
[CROP] Refill densify recover → (32, 29) from (30, 29) (no path)
[CROP] Past-fence densify south (31, 29) → (30, 32) (end=(30, 29), ultimate=(14, 48))
[CROP] Refill densify hop (31, 29) → (30, 32) (ultimate=(14, 48))
[CROP] East-crawl densify (30, 29) → (32, 29) (end=(31, 29), ultimate=(14, 48))
[CROP] Refill densify hop (30, 29) → (32, 29) (ultimate=(14, 48))
[CROP] East-crawl densify (30, 29) → (32, 29) (end=(31, 29), ultimate=(14, 48))
[CROP] East-crawl densify (30, 29) → (32, 29) (end=(31, 29), ultimate=(14, 48))
[CROP] Refill densify recover → (32, 29) from (30, 29) (no path)
[CROP] Past-fence densify south (31, 29) → (30, 32) (end=(30, 29), ultimate=(14, 48))
[CROP] Refill densify hop (31, 29) → (30, 32) (ultimate=(14, 48))
[CROP] East-crawl densify (30, 29) → (32, 29) (end=(31, 29), ultimate=(14, 48))
[CROP] Refill densify hop (30, 29) → (32, 29) (ultimate=(14, 48))
[CROP] East-crawl densify (30, 29) → (32, 29) (end=(31, 29), ultimate=(14, 48))
[CROP] East-crawl densify (30, 29) → (32, 29) (end=(31, 29), ultimate=(14, 48))
[CROP] Refill densify recover → (32, 29) from (30, 29) (no path)
[CROP] Past-fence densify south (31, 29) → (30, 32) (end=(30, 29), ultimate=(14, 48))
[CROP] Refill densify hop (31, 29) → (30, 32) (ultimate=(14, 48))
[CROP] East-crawl densify (30, 29) → (32, 29) (end=(31, 29), ultimate=(14, 48))
[CROP] Refill densify hop (30, 29) → (32, 29) (ultimate=(14, 48))
[CROP] East-crawl densify (30, 29) → (32, 29) (end=(31, 29), ultimate=(14, 48))
[CROP] East-crawl densify (30, 29) → (32, 29) (end=(31, 29), ultimate=(14, 48))
[CROP] Refill densify recover → (32, 29) from (30, 29) (no path)
[CROP] Past-fence densify south (31, 29) → (30, 32) (end=(30, 29), ultimate=(14, 48))
[CROP] Refill densify hop (31, 29) → (30, 32) (ultimate=(14, 48))
[CROP] East-crawl densify (30, 29) → (32, 29) (end=(31, 29), ultimate=(14, 48))
[CROP] Refill densify hop (30, 29) → (32, 29) (ultimate=(14, 48))
[CROP] East-crawl densify (30, 29) → (32, 29) (end=(31, 29), ultimate=(14, 48))
[CROP] East-crawl densify (30, 29) → (32, 29) (end=(31, 29), ultimate=(14, 48))
[CROP] Refill densify recover → (32, 29) from (30, 29) (no path)
[CROP] Past-fence densify south (31, 29) → (30, 32) (end=(30, 29), ultimate=(14, 48))
[CROP] Refill densify hop (31, 29) → (30, 32) (ultimate=(14, 48))
[CROP] East-crawl densify (30, 29) → (32, 29) (end=(31, 29), ultimate=(14, 48))
[CROP] Refill densify hop (30, 29) → (32, 29) (ultimate=(14, 48))
[CROP] East-crawl densify (30, 29) → (32, 29) (end=(31, 29), ultimate=(14, 48))
[CROP] East-crawl densify (30, 29) → (32, 29) (end=(31, 29), ultimate=(14, 48))
[CROP] Refill densify recover → (32, 29) from (30, 29) (no path)
[CROP] Past-fence densify south (31, 29) → (30, 32) (end=(30, 29), ultimate=(14, 48))
[CROP] Refill densify hop (31, 29) → (30, 32) (ultimate=(14, 48))
[CROP] East-crawl densify (30, 29) → (32, 29) (end=(31, 29), ultimate=(14, 48))
[CROP] Refill densify hop (30, 29) → (32, 29) (ultimate=(14, 48))
[CROP] East-crawl densify (30, 29) → (32, 29) (end=(31, 29), ultimate=(14, 48))
[CROP] East-crawl densify (30, 29) → (32, 29) (end=(31, 29), ultimate=(14, 48))
[CROP] Refill densify recover → (32, 29) from (30, 29) (no path)
[CROP] Past-fence densify south (31, 29) → (30, 32) (end=(30, 29), ultimate=(14, 48))
[CROP] Refill densify hop (31, 29) → (30, 32) (ultimate=(14, 48))
[CROP] East-crawl densify (30, 29) → (32, 29) (end=(31, 29), ultimate=(14, 48))
[CROP] Refill densify hop (30, 29) → (32, 29) (ultimate=(14, 48))
[CROP] East-crawl densify (30, 29) → (32, 29) (end=(31, 29), ultimate=(14, 48))
[CROP] East-crawl densify (30, 29) → (32, 29) (end=(31, 29), ultimate=(14, 48))
[CROP] Refill densify recover → (32, 29) from (30, 29) (no path)
[CROP] Past-fence densify south (31, 29) → (30, 32) (end=(30, 29), ultimate=(14, 48))
[CROP] Refill densify hop (31, 29) → (30, 32) (ultimate=(14, 48))
[CROP] East-crawl densify (30, 29) → (32, 29) (end=(31, 29), ultimate=(14, 48))
[CROP] Refill densify hop (30, 29) → (32, 29) (ultimate=(14, 48))
[CROP] East-crawl densify (30, 29) → (32, 29) (end=(31, 29), ultimate=(14, 48))
[CROP] East-crawl densify (30, 29) → (32, 29) (end=(31, 29), ultimate=(14, 48))
[CROP] Refill densify recover → (32, 29) from (30, 29) (no path)
[CROP] Past-fence densify south (31, 29) → (30, 32) (end=(30, 29), ultimate=(14, 48))
[CROP] Refill densify hop (31, 29) → (30, 32) (ultimate=(14, 48))
[CROP] East-crawl densify (30, 29) → (32, 29) (end=(31, 29), ultimate=(14, 48))
[CROP] Refill densify hop (30, 29) → (32, 29) (ultimate=(14, 48))
[CROP] East-crawl densify (30, 29) → (32, 29) (end=(31, 29), ultimate=(14, 48))
[CROP] East-crawl densify (30, 29) → (32, 29) (end=(31, 29), ultimate=(14, 48))
[CROP] Refill densify recover → (32, 29) from (30, 29) (no path)
[CROP] Past-fence densify south (31, 29) → (30, 32) (end=(30, 29), ultimate=(14, 48))
[CROP] Refill densify hop (31, 29) → (30, 32) (ultimate=(14, 48))
[CROP] East-crawl densify (30, 29) → (32, 29) (end=(31, 29), ultimate=(14, 48))
[CROP] Refill densify hop (30, 29) → (32, 29) (ultimate=(14, 48))
[CROP] East-crawl densify (30, 29) → (32, 29) (end=(31, 29), ultimate=(14, 48))
[CROP] East-crawl densify (30, 29) → (32, 29) (end=(31, 29), ultimate=(14, 48))
[CROP] Refill densify recover → (32, 29) from (30, 29) (no path)
[CROP] Past-fence densify south (31, 29) → (30, 32) (end=(30, 29), ultimate=(14, 48))
[CROP] Refill densify hop (31, 29) → (30, 32) (ultimate=(14, 48))
[CROP] East-crawl densify (30, 29) → (32, 29) (end=(31, 29), ultimate=(14, 48))
[CROP] Refill densify hop (30, 29) → (32, 29) (ultimate=(14, 48))
[CROP] East-crawl densify (30, 29) → (32, 29) (end=(31, 29), ultimate=(14, 48))
[CROP] East-crawl densify (30, 29) → (32, 29) (end=(31, 29), ultimate=(14, 48))
[CROP] Refill densify recover → (32, 29) from (30, 29) (no path)
[CROP] Past-fence densify south (31, 29) → (30, 32) (end=(30, 29), ultimate=(14, 48))
[CROP] Refill densify hop (31, 29) → (30, 32) (ultimate=(14, 48))
[CROP] East-crawl densify (30, 29) → (32, 29) (end=(31, 29), ultimate=(14, 48))
[CROP] Refill densify hop (30, 29) → (32, 29) (ultimate=(14, 48))
[CROP] East-crawl densify (30, 29) → (32, 29) (end=(31, 29), ultimate=(14, 48))
[CROP] East-crawl densify (30, 29) → (32, 29) (end=(31, 29), ultimate=(14, 48))
[CROP] Refill densify recover → (32, 29) from (30, 29) (no path)
[CROP] Past-fence densify south (31, 29) → (30, 32) (end=(30, 29), ultimate=(14, 48))
[CROP] Refill densify hop (31, 29) → (30, 32) (ultimate=(14, 48))
[CROP] East-crawl densify (30, 29) → (32, 29) (end=(31, 29), ultimate=(14, 48))
[CROP] Refill densify hop (30, 29) → (32, 29) (ultimate=(14, 48))
[CROP] East-crawl densify (30, 29) → (32, 29) (end=(31, 29), ultimate=(14, 48))
[CROP] East-crawl densify (30, 29) → (32, 29) (end=(31, 29), ultimate=(14, 48))
[CROP] Refill densify recover → (32, 29) from (30, 29) (no path)
[CROP] Past-fence densify south (31, 29) → (30, 32) (end=(30, 29), ultimate=(14, 48))
[CROP] Refill densify hop (31, 29) → (30, 32) (ultimate=(14, 48))
[CROP] East-crawl densify (30, 29) → (32, 29) (end=(31, 29), ultimate=(14, 48))
[CROP] Refill densify hop (30, 29) → (32, 29) (ultimate=(14, 48))
[CROP] East-crawl densify (30, 29) → (32, 29) (end=(31, 29), ultimate=(14, 48))
[CROP] East-crawl densify (30, 29) → (32, 29) (end=(31, 29), ultimate=(14, 48))
[CROP] Refill densify recover → (32, 29) from (30, 29) (no path)
[CROP] Past-fence densify south (31, 29) → (30, 32) (end=(30, 29), ultimate=(14, 48))
[CROP] Refill densify hop (31, 29) → (30, 32) (ultimate=(14, 48))
[CROP] East-crawl densify (30, 29) → (32, 29) (end=(31, 29), ultimate=(14, 48))
[CROP] Refill densify hop (30, 29) → (32, 29) (ultimate=(14, 48))
[CROP] East-crawl densify (30, 29) → (32, 29) (end=(31, 29), ultimate=(14, 48))
[CROP] East-crawl densify (30, 29) → (32, 29) (end=(31, 29), ultimate=(14, 48))
[CROP] Refill densify recover → (32, 29) from (30, 29) (no path)
[CROP] Past-fence densify south (31, 29) → (30, 32) (end=(30, 29), ultimate=(14, 48))
[CROP] Refill densify hop (31, 29) → (30, 32) (ultimate=(14, 48))
[CROP] East-crawl densify (30, 29) → (32, 29) (end=(31, 29), ultimate=(14, 48))
[CROP] Refill densify hop (30, 29) → (32, 29) (ultimate=(14, 48))
[CROP] East-crawl densify (30, 29) → (32, 29) (end=(31, 29), ultimate=(14, 48))
[CROP] East-crawl densify (30, 29) → (32, 29) (end=(31, 29), ultimate=(14, 48))
[CROP] Refill densify recover → (32, 29) from (30, 29) (no path)
[CROP] Past-fence densify south (31, 29) → (30, 32) (end=(30, 29), ultimate=(14, 48))
[CROP] Refill densify hop (31, 29) → (30, 32) (ultimate=(14, 48))
[CROP] East-crawl densify (30, 29) → (32, 29) (end=(31, 29), ultimate=(14, 48))
[CROP] Refill densify hop (30, 29) → (32, 29) (ultimate=(14, 48))
[CROP] East-crawl densify (30, 29) → (32, 29) (end=(31, 29), ultimate=(14, 48))
[CROP] East-crawl densify (30, 29) → (32, 29) (end=(31, 29), ultimate=(14, 48))
[CROP] Refill densify recover → (32, 29) from (30, 29) (no path)
[CROP] Past-fence densify south (31, 29) → (30, 32) (end=(30, 29), ultimate=(14, 48))
[CROP] Refill densify hop (31, 29) → (30, 32) (ultimate=(14, 48))
[CROP] East-crawl densify (30, 29) → (32, 29) (end=(31, 29), ultimate=(14, 48))
[CROP] Refill densify hop (30, 29) → (32, 29) (ultimate=(14, 48))
[CROP] East-crawl densify (30, 29) → (32, 29) (end=(31, 29), ultimate=(14, 48))
[CROP] East-crawl densify (30, 29) → (32, 29) (end=(31, 29), ultimate=(14, 48))
[CROP] Refill densify recover → (32, 29) from (30, 29) (no path)
[CROP] Past-fence densify south (31, 29) → (30, 32) (end=(30, 29), ultimate=(14, 48))
[CROP] Refill densify hop (31, 29) → (30, 32) (ultimate=(14, 48))
[CROP] East-crawl densify (30, 29) → (32, 29) (end=(31, 29), ultimate=(14, 48))
[CROP] Refill densify hop (30, 29) → (32, 29) (ultimate=(14, 48))
[CROP] East-crawl densify (30, 29) → (32, 29) (end=(31, 29), ultimate=(14, 48))
[CROP] East-crawl densify (30, 29) → (32, 29) (end=(31, 29), ultimate=(14, 48))
[CROP] Refill densify recover → (32, 29) from (30, 29) (no path)
[CROP] Past-fence densify south (31, 29) → (30, 32) (end=(30, 29), ultimate=(14, 48))
[CROP] Refill densify hop (31, 29) → (30, 32) (ultimate=(14, 48))
[CROP] East-crawl densify (30, 29) → (32, 29) (end=(31, 29), ultimate=(14, 48))
[CROP] Refill densify hop (30, 29) → (32, 29) (ultimate=(14, 48))
[CROP] East-crawl densify (30, 29) → (32, 29) (end=(31, 29), ultimate=(14, 48))
[CROP] East-crawl densify (30, 29) → (32, 29) (end=(31, 29), ultimate=(14, 48))
[CROP] Refill densify recover → (32, 29) from (30, 29) (no path)
[CROP] Past-fence densify south (31, 29) → (30, 32) (end=(30, 29), ultimate=(14, 48))
[CROP] Refill densify hop (31, 29) → (30, 32) (ultimate=(14, 48))
[CROP] East-crawl densify (30, 29) → (32, 29) (end=(31, 29), ultimate=(14, 48))
[CROP] Refill densify hop (30, 29) → (32, 29) (ultimate=(14, 48))
[CROP] East-crawl densify (30, 29) → (32, 29) (end=(31, 29), ultimate=(14, 48))
[CROP] East-crawl densify (30, 29) → (32, 29) (end=(31, 29), ultimate=(14, 48))
[CROP] Refill densify recover → (32, 29) from (30, 29) (no path)
[CROP] Past-fence densify south (31, 29) → (30, 32) (end=(30, 29), ultimate=(14, 48))
[CROP] Refill densify hop (31, 29) → (30, 32) (ultimate=(14, 48))
[CROP] East-crawl densify (30, 29) → (32, 29) (end=(31, 29), ultimate=(14, 48))
[CROP] Refill densify hop (30, 29) → (32, 29) (ultimate=(14, 48))
[CROP] East-crawl densify (30, 29) → (32, 29) (end=(31, 29), ultimate=(14, 48))
[CROP] East-crawl densify (30, 29) → (32, 29) (end=(31, 29), ultimate=(14, 48))
[CROP] Refill densify recover → (32, 29) from (30, 29) (no path)
[CROP] Past-fence densify south (31, 29) → (30, 32) (end=(30, 29), ultimate=(14, 48))
[CROP] Refill densify hop (31, 29) → (30, 32) (ultimate=(14, 48))
[CROP] East-crawl densify (30, 29) → (32, 29) (end=(31, 29), ultimate=(14, 48))
[CROP] Refill densify hop (30, 29) → (32, 29) (ultimate=(14, 48))
[CROP] East-crawl densify (30, 29) → (32, 29) (end=(31, 29), ultimate=(14, 48))
[CROP] East-crawl densify (30, 29) → (32, 29) (end=(31, 29), ultimate=(14, 48))
[CROP] Refill densify recover → (32, 29) from (30, 29) (no path)
[CROP] Past-fence densify south (31, 29) → (30, 32) (end=(30, 29), ultimate=(14, 48))
[CROP] Refill densify hop (31, 29) → (30, 32) (ultimate=(14, 48))
[CROP] East-crawl densify (30, 29) → (32, 29) (end=(31, 29), ultimate=(14, 48))
[CROP] Refill densify hop (30, 29) → (32, 29) (ultimate=(14, 48))
[CROP] East-crawl densify (30, 29) → (32, 29) (end=(31, 29), ultimate=(14, 48))
[CROP] East-crawl densify (30, 29) → (32, 29) (end=(31, 29), ultimate=(14, 48))
[CROP] Refill densify recover → (32, 29) from (30, 29) (no path)
[CROP] Past-fence densify south (31, 29) → (30, 32) (end=(30, 29), ultimate=(14, 48))
[CROP] Refill densify hop (31, 29) → (30, 32) (ultimate=(14, 48))
[CROP] East-crawl densify (30, 29) → (32, 29) (end=(31, 29), ultimate=(14, 48))
[CROP] Refill densify hop (30, 29) → (32, 29) (ultimate=(14, 48))
[CROP] East-crawl densify (30, 29) → (32, 29) (end=(31, 29), ultimate=(14, 48))
[CROP] East-crawl densify (30, 29) → (32, 29) (end=(31, 29), ultimate=(14, 48))
[CROP] Refill densify recover → (32, 29) from (30, 29) (no path)
[CROP] Past-fence densify south (31, 29) → (30, 32) (end=(30, 29), ultimate=(14, 48))
[CROP] Refill densify hop (31, 29) → (30, 32) (ultimate=(14, 48))
[CROP] East-crawl densify (30, 29) → (32, 29) (end=(31, 29), ultimate=(14, 48))
[CROP] Refill densify hop (30, 29) → (32, 29) (ultimate=(14, 48))
[CROP] East-crawl densify (30, 29) → (32, 29) (end=(31, 29), ultimate=(14, 48))
[CROP] East-crawl densify (30, 29) → (32, 29) (end=(31, 29), ultimate=(14, 48))
[CROP] Refill densify recover → (32, 29) from (30, 29) (no path)
[CROP] Past-fence densify south (31, 29) → (30, 32) (end=(30, 29), ultimate=(14, 48))
[CROP] Refill densify hop (31, 29) → (30, 32) (ultimate=(14, 48))
[CROP] East-crawl densify (30, 29) → (32, 29) (end=(31, 29), ultimate=(14, 48))
[CROP] Refill densify hop (30, 29) → (32, 29) (ultimate=(14, 48))
[CROP] East-crawl densify (30, 29) → (32, 29) (end=(31, 29), ultimate=(14, 48))
[CROP] East-crawl densify (30, 29) → (32, 29) (end=(31, 29), ultimate=(14, 48))
[CROP] Refill densify recover → (32, 29) from (30, 29) (no path)
[CROP] Past-fence densify south (31, 29) → (30, 32) (end=(30, 29), ultimate=(14, 48))
[CROP] Refill densify hop (31, 29) → (30, 32) (ultimate=(14, 48))
[CROP] East-crawl densify (30, 29) → (32, 29) (end=(31, 29), ultimate=(14, 48))
[CROP] Refill densify hop (30, 29) → (32, 29) (ultimate=(14, 48))
[CROP] East-crawl densify (30, 29) → (32, 29) (end=(31, 29), ultimate=(14, 48))
[CROP] East-crawl densify (30, 29) → (32, 29) (end=(31, 29), ultimate=(14, 48))
[CROP] Refill densify recover → (32, 29) from (30, 29) (no path)
[CROP] Past-fence densify south (31, 29) → (30, 32) (end=(30, 29), ultimate=(14, 48))
[CROP] Refill densify hop (31, 29) → (30, 32) (ultimate=(14, 48))
[CROP] East-crawl densify (30, 29) → (32, 29) (end=(31, 29), ultimate=(14, 48))
[CROP] Refill densify hop (30, 29) → (32, 29) (ultimate=(14, 48))
[CROP] East-crawl densify (30, 29) → (32, 29) (end=(31, 29), ultimate=(14, 48))
[CROP] East-crawl densify (30, 29) → (32, 29) (end=(31, 29), ultimate=(14, 48))
[CROP] Refill densify recover → (32, 29) from (30, 29) (no path)
[CROP] Past-fence densify south (31, 29) → (30, 32) (end=(30, 29), ultimate=(14, 48))
[CROP] Refill densify hop (31, 29) → (30, 32) (ultimate=(14, 48))
[CROP] East-crawl densify (30, 29) → (32, 29) (end=(31, 29), ultimate=(14, 48))
[CROP] Refill densify hop (30, 29) → (32, 29) (ultimate=(14, 48))
[CROP] East-crawl densify (30, 29) → (32, 29) (end=(31, 29), ultimate=(14, 48))
[CROP] East-crawl densify (30, 29) → (32, 29) (end=(31, 29), ultimate=(14, 48))
[CROP] Refill densify recover → (32, 29) from (30, 29) (no path)
[CROP] Past-fence densify south (31, 29) → (30, 32) (end=(30, 29), ultimate=(14, 48))
[CROP] Refill densify hop (31, 29) → (30, 32) (ultimate=(14, 48))
[CROP] East-crawl densify (30, 29) → (32, 29) (end=(31, 29), ultimate=(14, 48))
[CROP] Refill densify hop (30, 29) → (32, 29) (ultimate=(14, 48))
[CROP] East-crawl densify (30, 29) → (32, 29) (end=(31, 29), ultimate=(14, 48))
[CROP] East-crawl densify (30, 29) → (32, 29) (end=(31, 29), ultimate=(14, 48))
[CROP] Refill densify recover → (32, 29) from (30, 29) (no path)
[CROP] Past-fence densify south (31, 29) → (30, 32) (end=(30, 29), ultimate=(14, 48))
[CROP] Refill densify hop (31, 29) → (30, 32) (ultimate=(14, 48))
[CROP] East-crawl densify (30, 29) → (32, 29) (end=(31, 29), ultimate=(14, 48))
[CROP] Refill densify hop (30, 29) → (32, 29) (ultimate=(14, 48))
[CROP] East-crawl densify (30, 29) → (32, 29) (end=(31, 29), ultimate=(14, 48))
[CROP] East-crawl densify (30, 29) → (32, 29) (end=(31, 29), ultimate=(14, 48))
[CROP] Refill densify recover → (32, 29) from (30, 29) (no path)
[CROP] Past-fence densify south (31, 29) → (30, 32) (end=(30, 29), ultimate=(14, 48))
[CROP] Refill densify hop (31, 29) → (30, 32) (ultimate=(14, 48))
[CROP] East-crawl densify (30, 29) → (32, 29) (end=(31, 29), ultimate=(14, 48))
[CROP] Refill densify hop (30, 29) → (32, 29) (ultimate=(14, 48))
[CROP] East-crawl densify (30, 29) → (32, 29) (end=(31, 29), ultimate=(14, 48))
[CROP] East-crawl densify (30, 29) → (32, 29) (end=(31, 29), ultimate=(14, 48))
[CROP] Refill densify recover → (32, 29) from (30, 29) (no path)
[CROP] Past-fence densify south (31, 29) → (30, 32) (end=(30, 29), ultimate=(14, 48))
[CROP] Refill densify hop (31, 29) → (30, 32) (ultimate=(14, 48))
[CROP] East-crawl densify (30, 29) → (32, 29) (end=(31, 29), ultimate=(14, 48))
[CROP] Refill densify hop (30, 29) → (32, 29) (ultimate=(14, 48))
[CROP] East-crawl densify (30, 29) → (32, 29) (end=(31, 29), ultimate=(14, 48))
[CROP] East-crawl densify (30, 29) → (32, 29) (end=(31, 29), ultimate=(14, 48))
[CROP] Refill densify recover → (32, 29) from (30, 29) (no path)
[CROP] Past-fence densify south (31, 29) → (30, 32) (end=(30, 29), ultimate=(14, 48))
[CROP] Refill densify hop (31, 29) → (30, 32) (ultimate=(14, 48))
[CROP] East-crawl densify (30, 29) → (32, 29) (end=(31, 29), ultimate=(14, 48))
[CROP] Refill densify hop (30, 29) → (32, 29) (ultimate=(14, 48))
[CROP] East-crawl densify (30, 29) → (32, 29) (end=(31, 29), ultimate=(14, 48))
[CROP] East-crawl densify (30, 29) → (32, 29) (end=(31, 29), ultimate=(14, 48))
[CROP] Refill densify recover → (32, 29) from (30, 29) (no path)
[CROP] Past-fence densify south (31, 29) → (30, 32) (end=(30, 29), ultimate=(14, 48))
[CROP] Refill densify hop (31, 29) → (30, 32) (ultimate=(14, 48))
[CROP] East-crawl densify (30, 29) → (32, 29) (end=(31, 29), ultimate=(14, 48))
[CROP] Refill densify hop (30, 29) → (32, 29) (ultimate=(14, 48))
[CROP] East-crawl densify (30, 29) → (32, 29) (end=(31, 29), ultimate=(14, 48))
[CROP] East-crawl densify (30, 29) → (32, 29) (end=(31, 29), ultimate=(14, 48))
[CROP] Refill densify recover → (32, 29) from (30, 29) (no path)
[CROP] Past-fence densify south (31, 29) → (30, 32) (end=(30, 29), ultimate=(14, 48))
[CROP] Refill densify hop (31, 29) → (30, 32) (ultimate=(14, 48))
[CROP] East-crawl densify (30, 29) → (32, 29) (end=(31, 29), ultimate=(14, 48))
[CROP] Refill densify hop (30, 29) → (32, 29) (ultimate=(14, 48))
[CROP] East-crawl densify (30, 29) → (32, 29) (end=(31, 29), ultimate=(14, 48))
[CROP] East-crawl densify (30, 29) → (32, 29) (end=(31, 29), ultimate=(14, 48))
[CROP] Refill densify recover → (32, 29) from (30, 29) (no path)
[CROP] Past-fence densify south (31, 29) → (30, 32) (end=(30, 29), ultimate=(14, 48))
[CROP] Refill densify hop (31, 29) → (30, 32) (ultimate=(14, 48))
[CROP] East-crawl densify (30, 29) → (32, 29) (end=(31, 29), ultimate=(14, 48))
[CROP] Refill densify hop (30, 29) → (32, 29) (ultimate=(14, 48))
[CROP] East-crawl densify (30, 29) → (32, 29) (end=(31, 29), ultimate=(14, 48))
[CROP] East-crawl densify (30, 29) → (32, 29) (end=(31, 29), ultimate=(14, 48))
[CROP] Refill densify recover → (32, 29) from (30, 29) (no path)
[CROP] Past-fence densify south (31, 29) → (30, 32) (end=(30, 29), ultimate=(14, 48))
[CROP] Refill densify hop (31, 29) → (30, 32) (ultimate=(14, 48))
[CROP] East-crawl densify (30, 29) → (32, 29) (end=(31, 29), ultimate=(14, 48))
[CROP] Refill densify hop (30, 29) → (32, 29) (ultimate=(14, 48))
[CROP] East-crawl densify (30, 29) → (32, 29) (end=(31, 29), ultimate=(14, 48))
[CROP] East-crawl densify (30, 29) → (32, 29) (end=(31, 29), ultimate=(14, 48))
[CROP] Refill densify recover → (32, 29) from (30, 29) (no path)
[CROP] Past-fence densify south (31, 29) → (30, 32) (end=(30, 29), ultimate=(14, 48))
[CROP] Refill densify hop (31, 29) → (30, 32) (ultimate=(14, 48))
[CROP] East-crawl densify (30, 29) → (32, 29) (end=(31, 29), ultimate=(14, 48))
[CROP] Refill densify hop (30, 29) → (32, 29) (ultimate=(14, 48))
[CROP] East-crawl densify (30, 29) → (32, 29) (end=(31, 29), ultimate=(14, 48))
[CROP] East-crawl densify (30, 29) → (32, 29) (end=(31, 29), ultimate=(14, 48))
[CROP] Refill densify recover → (32, 29) from (30, 29) (no path)
[CROP] Past-fence densify south (31, 29) → (30, 32) (end=(30, 29), ultimate=(14, 48))
[CROP] Refill densify hop (31, 29) → (30, 32) (ultimate=(14, 48))
[CROP] East-crawl densify (30, 29) → (32, 29) (end=(31, 29), ultimate=(14, 48))
[CROP] Refill densify hop (30, 29) → (32, 29) (ultimate=(14, 48))
[CROP] East-crawl densify (30, 29) → (32, 29) (end=(31, 29), ultimate=(14, 48))
[CROP] East-crawl densify (30, 29) → (32, 29) (end=(31, 29), ultimate=(14, 48))
[CROP] Refill densify recover → (32, 29) from (30, 29) (no path)
[CROP] Past-fence densify south (31, 29) → (30, 32) (end=(30, 29), ultimate=(14, 48))
[CROP] Refill densify hop (31, 29) → (30, 32) (ultimate=(14, 48))
[CROP] East-crawl densify (30, 29) → (32, 29) (end=(31, 29), ultimate=(14, 48))
[CROP] Refill densify hop (30, 29) → (32, 29) (ultimate=(14, 48))
[CROP] East-crawl densify (30, 29) → (32, 29) (end=(31, 29), ultimate=(14, 48))
[CROP] East-crawl densify (30, 29) → (32, 29) (end=(31, 29), ultimate=(14, 48))
[CROP] Refill densify recover → (32, 29) from (30, 29) (no path)
[CROP] Past-fence densify south (31, 29) → (30, 32) (end=(30, 29), ultimate=(14, 48))
[CROP] Refill densify hop (31, 29) → (30, 32) (ultimate=(14, 48))
[CROP] East-crawl densify (30, 29) → (32, 29) (end=(31, 29), ultimate=(14, 48))
[CROP] Refill densify hop (30, 29) → (32, 29) (ultimate=(14, 48))
[CROP] East-crawl densify (30, 29) → (32, 29) (end=(31, 29), ultimate=(14, 48))
[CROP] East-crawl densify (30, 29) → (32, 29) (end=(31, 29), ultimate=(14, 48))
[CROP] Refill densify recover → (32, 29) from (30, 29) (no path)
[CROP] Past-fence densify south (31, 29) → (30, 32) (end=(30, 29), ultimate=(14, 48))
[CROP] Refill densify hop (31, 29) → (30, 32) (ultimate=(14, 48))
[CROP] East-crawl densify (30, 29) → (32, 29) (end=(31, 29), ultimate=(14, 48))
[CROP] Refill densify hop (30, 29) → (32, 29) (ultimate=(14, 48))
[CROP] East-crawl densify (30, 29) → (32, 29) (end=(31, 29), ultimate=(14, 48))
[CROP] East-crawl densify (30, 29) → (32, 29) (end=(31, 29), ultimate=(14, 48))
[CROP] Refill densify recover → (32, 29) from (30, 29) (no path)
[CROP] Past-fence densify south (31, 29) → (30, 32) (end=(30, 29), ultimate=(14, 48))
[CROP] Refill densify hop (31, 29) → (30, 32) (ultimate=(14, 48))
[CROP] East-crawl densify (30, 29) → (32, 29) (end=(31, 29), ultimate=(14, 48))
[CROP] Refill densify hop (30, 29) → (32, 29) (ultimate=(14, 48))
[CROP] East-crawl densify (30, 29) → (32, 29) (end=(31, 29), ultimate=(14, 48))
[CROP] East-crawl densify (30, 29) → (32, 29) (end=(31, 29), ultimate=(14, 48))
[CROP] Refill densify recover → (32, 29) from (30, 29) (no path)
[CROP] Past-fence densify south (31, 29) → (30, 32) (end=(30, 29), ultimate=(14, 48))
[CROP] Refill densify hop (31, 29) → (30, 32) (ultimate=(14, 48))
[CROP] East-crawl densify (30, 29) → (32, 29) (end=(31, 29), ultimate=(14, 48))
[CROP] Refill densify hop (30, 29) → (32, 29) (ultimate=(14, 48))
[CROP] East-crawl densify (30, 29) → (32, 29) (end=(31, 29), ultimate=(14, 48))
[CROP] East-crawl densify (30, 29) → (32, 29) (end=(31, 29), ultimate=(14, 48))
[CROP] Refill densify recover → (32, 29) from (30, 29) (no path)
[CROP] Past-fence densify south (31, 29) → (30, 32) (end=(30, 29), ultimate=(14, 48))
[CROP] Refill densify hop (31, 29) → (30, 32) (ultimate=(14, 48))
[CROP] East-crawl densify (30, 29) → (32, 29) (end=(31, 29), ultimate=(14, 48))
[CROP] Refill densify hop (30, 29) → (32, 29) (ultimate=(14, 48))
[CROP] East-crawl densify (30, 29) → (32, 29) (end=(31, 29), ultimate=(14, 48))
[CROP] East-crawl densify (30, 29) → (32, 29) (end=(31, 29), ultimate=(14, 48))
[CROP] Refill densify recover → (32, 29) from (30, 29) (no path)
[CROP] Past-fence densify south (31, 29) → (30, 32) (end=(30, 29), ultimate=(14, 48))
[CROP] Refill densify hop (31, 29) → (30, 32) (ultimate=(14, 48))
[CROP] East-crawl densify (30, 29) → (32, 29) (end=(31, 29), ultimate=(14, 48))
[CROP] Refill densify hop (30, 29) → (32, 29) (ultimate=(14, 48))
[CROP] East-crawl densify (30, 29) → (32, 29) (end=(31, 29), ultimate=(14, 48))
[CROP] East-crawl densify (30, 29) → (32, 29) (end=(31, 29), ultimate=(14, 48))
[CROP] Refill densify recover → (32, 29) from (30, 29) (no path)
[CROP] Past-fence densify south (31, 29) → (30, 32) (end=(30, 29), ultimate=(14, 48))
[CROP] Refill densify hop (31, 29) → (30, 32) (ultimate=(14, 48))
[CROP] East-crawl densify (30, 29) → (32, 29) (end=(31, 29), ultimate=(14, 48))
[CROP] Refill densify hop (30, 29) → (32, 29) (ultimate=(14, 48))
[CROP] East-crawl densify (30, 29) → (32, 29) (end=(31, 29), ultimate=(14, 48))
[CROP] East-crawl densify (30, 29) → (32, 29) (end=(31, 29), ultimate=(14, 48))
[CROP] Refill densify recover → (32, 29) from (30, 29) (no path)
[CROP] Past-fence densify south (31, 29) → (30, 32) (end=(30, 29), ultimate=(14, 48))
[CROP] Refill densify hop (31, 29) → (30, 32) (ultimate=(14, 48))
[CROP] East-crawl densify (30, 29) → (32, 29) (end=(31, 29), ultimate=(14, 48))
[CROP] Refill densify hop (30, 29) → (32, 29) (ultimate=(14, 48))
[CROP] East-crawl densify (30, 29) → (32, 29) (end=(31, 29), ultimate=(14, 48))
[CROP] East-crawl densify (30, 29) → (32, 29) (end=(31, 29), ultimate=(14, 48))
[CROP] Refill densify recover → (32, 29) from (30, 29) (no path)
[CROP] Past-fence densify south (31, 29) → (30, 32) (end=(30, 29), ultimate=(14, 48))
[CROP] Refill densify hop (31, 29) → (30, 32) (ultimate=(14, 48))
[CROP] East-crawl densify (30, 29) → (32, 29) (end=(31, 29), ultimate=(14, 48))
[CROP] Refill densify hop (30, 29) → (32, 29) (ultimate=(14, 48))
[CROP] East-crawl densify (30, 29) → (32, 29) (end=(31, 29), ultimate=(14, 48))
[CROP] East-crawl densify (30, 29) → (32, 29) (end=(31, 29), ultimate=(14, 48))
[CROP] Refill densify recover → (32, 29) from (30, 29) (no path)
[CROP] Past-fence densify south (31, 29) → (30, 32) (end=(30, 29), ultimate=(14, 48))
[CROP] Refill densify hop (31, 29) → (30, 32) (ultimate=(14, 48))
[CROP] East-crawl densify (30, 29) → (32, 29) (end=(31, 29), ultimate=(14, 48))
[CROP] Refill densify hop (30, 29) → (32, 29) (ultimate=(14, 48))
[CROP] East-crawl densify (30, 29) → (32, 29) (end=(31, 29), ultimate=(14, 48))
[CROP] East-crawl densify (30, 29) → (32, 29) (end=(31, 29), ultimate=(14, 48))
[CROP] Refill densify recover → (32, 29) from (30, 29) (no path)
[CROP] Past-fence densify south (31, 29) → (30, 32) (end=(30, 29), ultimate=(14, 48))
[CROP] Refill densify hop (31, 29) → (30, 32) (ultimate=(14, 48))
[CROP] East-crawl densify (30, 29) → (32, 29) (end=(31, 29), ultimate=(14, 48))
[CROP] Refill densify hop (30, 29) → (32, 29) (ultimate=(14, 48))
[CROP] East-crawl densify (30, 29) → (32, 29) (end=(31, 29), ultimate=(14, 48))
[CROP] East-crawl densify (30, 29) → (32, 29) (end=(31, 29), ultimate=(14, 48))
[CROP] Refill densify recover → (32, 29) from (30, 29) (no path)
[CROP] Past-fence densify south (31, 29) → (30, 32) (end=(30, 29), ultimate=(14, 48))
[CROP] Refill densify hop (31, 29) → (30, 32) (ultimate=(14, 48))
[CROP] East-crawl densify (30, 29) → (32, 29) (end=(31, 29), ultimate=(14, 48))
[CROP] Refill densify hop (30, 29) → (32, 29) (ultimate=(14, 48))
[CROP] East-crawl densify (30, 29) → (32, 29) (end=(31, 29), ultimate=(14, 48))
[CROP] East-crawl densify (30, 29) → (32, 29) (end=(31, 29), ultimate=(14, 48))
[CROP] Refill densify recover → (32, 29) from (30, 29) (no path)
[CROP] Past-fence densify south (31, 29) → (30, 32) (end=(30, 29), ultimate=(14, 48))
[CROP] Refill densify hop (31, 29) → (30, 32) (ultimate=(14, 48))
[CROP] East-crawl densify (30, 29) → (32, 29) (end=(31, 29), ultimate=(14, 48))
[CROP] Refill densify hop (30, 29) → (32, 29) (ultimate=(14, 48))
[CROP] East-crawl densify (30, 29) → (32, 29) (end=(31, 29), ultimate=(14, 48))
[CROP] East-crawl densify (30, 29) → (32, 29) (end=(31, 29), ultimate=(14, 48))
[CROP] Refill densify recover → (32, 29) from (30, 29) (no path)
[CROP] Past-fence densify south (31, 29) → (30, 32) (end=(30, 29), ultimate=(14, 48))
[CROP] Refill densify hop (31, 29) → (30, 32) (ultimate=(14, 48))
[CROP] East-crawl densify (30, 29) → (32, 29) (end=(31, 29), ultimate=(14, 48))
[CROP] Refill densify hop (30, 29) → (32, 29) (ultimate=(14, 48))
[CROP] East-crawl densify (30, 29) → (32, 29) (end=(31, 29), ultimate=(14, 48))
[CROP] East-crawl densify (30, 29) → (32, 29) (end=(31, 29), ultimate=(14, 48))
[CROP] Refill densify recover → (32, 29) from (30, 29) (no path)
[CROP] Past-fence densify south (31, 29) → (30, 32) (end=(30, 29), ultimate=(14, 48))
[CROP] Refill densify hop (31, 29) → (30, 32) (ultimate=(14, 48))
[CROP] East-crawl densify (30, 29) → (32, 29) (end=(31, 29), ultimate=(14, 48))
[CROP] Refill densify hop (30, 29) → (32, 29) (ultimate=(14, 48))
[CROP] East-crawl densify (30, 29) → (32, 29) (end=(31, 29), ultimate=(14, 48))
[CROP] East-crawl densify (30, 29) → (32, 29) (end=(31, 29), ultimate=(14, 48))
[CROP] Refill densify recover → (32, 29) from (30, 29) (no path)
[CROP] Past-fence densify south (31, 29) → (30, 32) (end=(30, 29), ultimate=(14, 48))
[CROP] Refill densify hop (31, 29) → (30, 32) (ultimate=(14, 48))
[CROP] East-crawl densify (30, 29) → (32, 29) (end=(31, 29), ultimate=(14, 48))
[CROP] Refill densify hop (30, 29) → (32, 29) (ultimate=(14, 48))
[CROP] East-crawl densify (30, 29) → (32, 29) (end=(31, 29), ultimate=(14, 48))
[CROP] East-crawl densify (30, 29) → (32, 29) (end=(31, 29), ultimate=(14, 48))
[CROP] Refill densify recover → (32, 29) from (30, 29) (no path)
[CROP] Past-fence densify south (31, 29) → (30, 32) (end=(30, 29), ultimate=(14, 48))
[CROP] Refill densify hop (31, 29) → (30, 32) (ultimate=(14, 48))
[CROP] East-crawl densify (30, 29) → (32, 29) (end=(31, 29), ultimate=(14, 48))
[CROP] Refill densify hop (30, 29) → (32, 29) (ultimate=(14, 48))
[CROP] East-crawl densify (30, 29) → (32, 29) (end=(31, 29), ultimate=(14, 48))
[CROP] East-crawl densify (30, 29) → (32, 29) (end=(31, 29), ultimate=(14, 48))
[CROP] Refill densify recover → (32, 29) from (30, 29) (no path)
[CROP] Past-fence densify south (31, 29) → (30, 32) (end=(30, 29), ultimate=(14, 48))
[CROP] Refill densify hop (31, 29) → (30, 32) (ultimate=(14, 48))
[CROP] East-crawl densify (30, 29) → (32, 29) (end=(31, 29), ultimate=(14, 48))
[CROP] Refill densify hop (30, 29) → (32, 29) (ultimate=(14, 48))
[CROP] East-crawl densify (30, 29) → (32, 29) (end=(31, 29), ultimate=(14, 48))
[CROP] East-crawl densify (30, 29) → (32, 29) (end=(31, 29), ultimate=(14, 48))
[CROP] Refill densify recover → (32, 29) from (30, 29) (no path)
[CROP] Past-fence densify south (31, 29) → (30, 32) (end=(30, 29), ultimate=(14, 48))
[CROP] Refill densify hop (31, 29) → (30, 32) (ultimate=(14, 48))
[CROP] East-crawl densify (30, 29) → (32, 29) (end=(31, 29), ultimate=(14, 48))
[CROP] Refill densify hop (30, 29) → (32, 29) (ultimate=(14, 48))
[CROP] East-crawl densify (30, 29) → (32, 29) (end=(31, 29), ultimate=(14, 48))
[CROP] East-crawl densify (30, 29) → (32, 29) (end=(31, 29), ultimate=(14, 48))
[CROP] Refill densify recover → (32, 29) from (30, 29) (no path)
[CROP] Past-fence densify south (31, 29) → (30, 32) (end=(30, 29), ultimate=(14, 48))
[CROP] Refill densify hop (31, 29) → (30, 32) (ultimate=(14, 48))
[CROP] East-crawl densify (30, 29) → (32, 29) (end=(31, 29), ultimate=(14, 48))
[CROP] Refill densify hop (30, 29) → (32, 29) (ultimate=(14, 48))
[CROP] East-crawl densify (30, 29) → (32, 29) (end=(31, 29), ultimate=(14, 48))
[CROP] East-crawl densify (30, 29) → (32, 29) (end=(31, 29), ultimate=(14, 48))
[CROP] Refill densify recover → (32, 29) from (30, 29) (no path)
[CROP] Past-fence densify south (31, 29) → (30, 32) (end=(30, 29), ultimate=(14, 48))
[CROP] Refill densify hop (31, 29) → (30, 32) (ultimate=(14, 48))
[CROP] East-crawl densify (30, 29) → (32, 29) (end=(31, 29), ultimate=(14, 48))
[CROP] Refill densify hop (30, 29) → (32, 29) (ultimate=(14, 48))
[CROP] East-crawl densify (30, 29) → (32, 29) (end=(31, 29), ultimate=(14, 48))
[CROP] East-crawl densify (30, 29) → (32, 29) (end=(31, 29), ultimate=(14, 48))
[CROP] Refill densify recover → (32, 29) from (30, 29) (no path)
[CROP] Past-fence densify south (31, 29) → (30, 32) (end=(30, 29), ultimate=(14, 48))
[CROP] Refill densify hop (31, 29) → (30, 32) (ultimate=(14, 48))
[CROP] East-crawl densify (30, 29) → (32, 29) (end=(31, 29), ultimate=(14, 48))
[CROP] Refill densify hop (30, 29) → (32, 29) (ultimate=(14, 48))
[CROP] East-crawl densify (30, 29) → (32, 29) (end=(31, 29), ultimate=(14, 48))
[CROP] East-crawl densify (30, 29) → (32, 29) (end=(31, 29), ultimate=(14, 48))
[CROP] Refill densify recover → (32, 29) from (30, 29) (no path)
[CROP] Past-fence densify south (31, 29) → (30, 32) (end=(30, 29), ultimate=(14, 48))
[CROP] Refill densify hop (31, 29) → (30, 32) (ultimate=(14, 48))
[CROP] East-crawl densify (30, 29) → (32, 29) (end=(31, 29), ultimate=(14, 48))
[CROP] Refill densify hop (30, 29) → (32, 29) (ultimate=(14, 48))
[CROP] East-crawl densify (30, 29) → (32, 29) (end=(31, 29), ultimate=(14, 48))
[CROP] East-crawl densify (30, 29) → (32, 29) (end=(31, 29), ultimate=(14, 48))
[CROP] Refill densify recover → (32, 29) from (30, 29) (no path)
[CROP] Past-fence densify south (31, 29) → (30, 32) (end=(30, 29), ultimate=(14, 48))
[CROP] Refill densify hop (31, 29) → (30, 32) (ultimate=(14, 48))
[CROP] East-crawl densify (30, 29) → (32, 29) (end=(31, 29), ultimate=(14, 48))
[CROP] Refill densify hop (30, 29) → (32, 29) (ultimate=(14, 48))
[CROP] East-crawl densify (30, 29) → (32, 29) (end=(31, 29), ultimate=(14, 48))
[CROP] East-crawl densify (30, 29) → (32, 29) (end=(31, 29), ultimate=(14, 48))
[CROP] Refill densify recover → (32, 29) from (30, 29) (no path)
[CROP] Past-fence densify south (31, 29) → (30, 32) (end=(30, 29), ultimate=(14, 48))
[CROP] Refill densify hop (31, 29) → (30, 32) (ultimate=(14, 48))
[CROP] East-crawl densify (30, 29) → (32, 29) (end=(31, 29), ultimate=(14, 48))
[CROP] Refill densify hop (30, 29) → (32, 29) (ultimate=(14, 48))
[CROP] East-crawl densify (30, 29) → (32, 29) (end=(31, 29), ultimate=(14, 48))
[CROP] East-crawl densify (30, 29) → (32, 29) (end=(31, 29), ultimate=(14, 48))
[CROP] Refill densify recover → (32, 29) from (30, 29) (no path)
[CROP] Past-fence densify south (31, 29) → (30, 32) (end=(30, 29), ultimate=(14, 48))
[CROP] Refill densify hop (31, 29) → (30, 32) (ultimate=(14, 48))
[CROP] East-crawl densify (30, 29) → (32, 29) (end=(31, 29), ultimate=(14, 48))
[CROP] Refill densify hop (30, 29) → (32, 29) (ultimate=(14, 48))
[CROP] East-crawl densify (30, 29) → (32, 29) (end=(31, 29), ultimate=(14, 48))
[CROP] East-crawl densify (30, 29) → (32, 29) (end=(31, 29), ultimate=(14, 48))
[CROP] Refill densify recover → (32, 29) from (30, 29) (no path)
[CROP] Past-fence densify south (31, 29) → (30, 32) (end=(30, 29), ultimate=(14, 48))
[CROP] Refill densify hop (31, 29) → (30, 32) (ultimate=(14, 48))
[CROP] East-crawl densify (30, 29) → (32, 29) (end=(31, 29), ultimate=(14, 48))
[CROP] Refill densify hop (30, 29) → (32, 29) (ultimate=(14, 48))
[CROP] East-crawl densify (30, 29) → (32, 29) (end=(31, 29), ultimate=(14, 48))
[CROP] East-crawl densify (30, 29) → (32, 29) (end=(31, 29), ultimate=(14, 48))
[CROP] Refill densify recover → (32, 29) from (30, 29) (no path)
[CROP] Past-fence densify south (31, 29) → (30, 32) (end=(30, 29), ultimate=(14, 48))
[CROP] Refill densify hop (31, 29) → (30, 32) (ultimate=(14, 48))
[CROP] East-crawl densify (30, 29) → (32, 29) (end=(31, 29), ultimate=(14, 48))
[CROP] Refill densify hop (30, 29) → (32, 29) (ultimate=(14, 48))
[CROP] East-crawl densify (30, 29) → (32, 29) (end=(31, 29), ultimate=(14, 48))
[CROP] East-crawl densify (30, 29) → (32, 29) (end=(31, 29), ultimate=(14, 48))
[CROP] Refill densify recover → (32, 29) from (30, 29) (no path)
[CROP] Past-fence densify south (31, 29) → (30, 32) (end=(30, 29), ultimate=(14, 48))
[CROP] Refill densify hop (31, 29) → (30, 32) (ultimate=(14, 48))
[CROP] East-crawl densify (30, 29) → (32, 29) (end=(31, 29), ultimate=(14, 48))
[CROP] Refill densify hop (30, 29) → (32, 29) (ultimate=(14, 48))
[CROP] East-crawl densify (30, 29) → (32, 29) (end=(31, 29), ultimate=(14, 48))
[CROP] East-crawl densify (30, 29) → (32, 29) (end=(31, 29), ultimate=(14, 48))
[CROP] Refill densify recover → (32, 29) from (30, 29) (no path)
[CROP] Past-fence densify south (31, 29) → (30, 32) (end=(30, 29), ultimate=(14, 48))
[CROP] Refill densify hop (31, 29) → (30, 32) (ultimate=(14, 48))
[CROP] East-crawl densify (30, 29) → (32, 29) (end=(31, 29), ultimate=(14, 48))
[CROP] Refill densify hop (30, 29) → (32, 29) (ultimate=(14, 48))
[CROP] East-crawl densify (30, 29) → (32, 29) (end=(31, 29), ultimate=(14, 48))
[CROP] East-crawl densify (30, 29) → (32, 29) (end=(31, 29), ultimate=(14, 48))
[CROP] Refill densify recover → (32, 29) from (30, 29) (no path)
[CROP] Past-fence densify south (31, 29) → (30, 32) (end=(30, 29), ultimate=(14, 48))
[CROP] Refill densify hop (31, 29) → (30, 32) (ultimate=(14, 48))
[CROP] East-crawl densify (30, 29) → (32, 29) (end=(31, 29), ultimate=(14, 48))
[CROP] Refill densify hop (30, 29) → (32, 29) (ultimate=(14, 48))
[CROP] East-crawl densify (30, 29) → (32, 29) (end=(31, 29), ultimate=(14, 48))
[CROP] East-crawl densify (30, 29) → (32, 29) (end=(31, 29), ultimate=(14, 48))
[CROP] Refill densify recover → (32, 29) from (30, 29) (no path)
[CROP] Past-fence densify south (31, 29) → (30, 32) (end=(30, 29), ultimate=(14, 48))
[CROP] Refill densify hop (31, 29) → (30, 32) (ultimate=(14, 48))
[CROP] East-crawl densify (30, 29) → (32, 29) (end=(31, 29), ultimate=(14, 48))
[CROP] Refill densify hop (30, 29) → (32, 29) (ultimate=(14, 48))
[CROP] East-crawl densify (30, 29) → (32, 29) (end=(31, 29), ultimate=(14, 48))
[CROP] East-crawl densify (30, 29) → (32, 29) (end=(31, 29), ultimate=(14, 48))
[CROP] Refill densify recover → (32, 29) from (30, 29) (no path)
[CROP] Past-fence densify south (31, 29) → (30, 32) (end=(30, 29), ultimate=(14, 48))
[CROP] Refill densify hop (31, 29) → (30, 32) (ultimate=(14, 48))
[CROP] East-crawl densify (30, 29) → (32, 29) (end=(31, 29), ultimate=(14, 48))
[CROP] Refill densify hop (30, 29) → (32, 29) (ultimate=(14, 48))
[CROP] East-crawl densify (30, 29) → (32, 29) (end=(31, 29), ultimate=(14, 48))
[CROP] East-crawl densify (30, 29) → (32, 29) (end=(31, 29), ultimate=(14, 48))
[CROP] Refill densify recover → (32, 29) from (30, 29) (no path)
[CROP] Past-fence densify south (31, 29) → (30, 32) (end=(30, 29), ultimate=(14, 48))
[CROP] Refill densify hop (31, 29) → (30, 32) (ultimate=(14, 48))
[CROP] East-crawl densify (30, 29) → (32, 29) (end=(31, 29), ultimate=(14, 48))
[CROP] Refill densify hop (30, 29) → (32, 29) (ultimate=(14, 48))
[CROP] East-crawl densify (30, 29) → (32, 29) (end=(31, 29), ultimate=(14, 48))
[CROP] East-crawl densify (30, 29) → (32, 29) (end=(31, 29), ultimate=(14, 48))
[CROP] Refill densify recover → (32, 29) from (30, 29) (no path)
[CROP] Past-fence densify south (31, 29) → (30, 32) (end=(30, 29), ultimate=(14, 48))
[CROP] Refill densify hop (31, 29) → (30, 32) (ultimate=(14, 48))
[CROP] East-crawl densify (30, 29) → (32, 29) (end=(31, 29), ultimate=(14, 48))
[CROP] Refill densify hop (30, 29) → (32, 29) (ultimate=(14, 48))
[CROP] East-crawl densify (30, 29) → (32, 29) (end=(31, 29), ultimate=(14, 48))
[CROP] East-crawl densify (30, 29) → (32, 29) (end=(31, 29), ultimate=(14, 48))
[CROP] Refill densify recover → (32, 29) from (30, 29) (no path)
[CROP] Past-fence densify south (31, 29) → (30, 32) (end=(30, 29), ultimate=(14, 48))
[CROP] Refill densify hop (31, 29) → (30, 32) (ultimate=(14, 48))
[CROP] East-crawl densify (30, 29) → (32, 29) (end=(31, 29), ultimate=(14, 48))
[CROP] Refill densify hop (30, 29) → (32, 29) (ultimate=(14, 48))
[CROP] East-crawl densify (30, 29) → (32, 29) (end=(31, 29), ultimate=(14, 48))
[CROP] East-crawl densify (30, 29) → (32, 29) (end=(31, 29), ultimate=(14, 48))
[CROP] Refill densify recover → (32, 29) from (30, 29) (no path)
[CROP] Past-fence densify south (31, 29) → (30, 32) (end=(30, 29), ultimate=(14, 48))
[CROP] Refill densify hop (31, 29) → (30, 32) (ultimate=(14, 48))
[CROP] East-crawl densify (30, 29) → (32, 29) (end=(31, 29), ultimate=(14, 48))
[CROP] Refill densify hop (30, 29) → (32, 29) (ultimate=(14, 48))
[CROP] East-crawl densify (30, 29) → (32, 29) (end=(31, 29), ultimate=(14, 48))
[CROP] East-crawl densify (30, 29) → (32, 29) (end=(31, 29), ultimate=(14, 48))
[CROP] Refill densify recover → (32, 29) from (30, 29) (no path)
[CROP] Past-fence densify south (31, 29) → (30, 32) (end=(30, 29), ultimate=(14, 48))
[CROP] Refill densify hop (31, 29) → (30, 32) (ultimate=(14, 48))
[CROP] East-crawl densify (30, 29) → (32, 29) (end=(31, 29), ultimate=(14, 48))
[CROP] Refill densify hop (30, 29) → (32, 29) (ultimate=(14, 48))
[CROP] East-crawl densify (30, 29) → (32, 29) (end=(31, 29), ultimate=(14, 48))
[CROP] East-crawl densify (30, 29) → (32, 29) (end=(31, 29), ultimate=(14, 48))
[CROP] Refill densify recover → (32, 29) from (30, 29) (no path)
[CROP] Past-fence densify south (31, 29) → (30, 32) (end=(30, 29), ultimate=(14, 48))
[CROP] Refill densify hop (31, 29) → (30, 32) (ultimate=(14, 48))
[CROP] East-crawl densify (30, 29) → (32, 29) (end=(31, 29), ultimate=(14, 48))
[CROP] Refill densify hop (30, 29) → (32, 29) (ultimate=(14, 48))
[CROP] East-crawl densify (30, 29) → (32, 29) (end=(31, 29), ultimate=(14, 48))
[CROP] East-crawl densify (30, 29) → (32, 29) (end=(31, 29), ultimate=(14, 48))
[CROP] Refill densify recover → (32, 29) from (30, 29) (no path)
[CROP] Past-fence densify south (31, 29) → (30, 32) (end=(30, 29), ultimate=(14, 48))
[CROP] Refill densify hop (31, 29) → (30, 32) (ultimate=(14, 48))
[CROP] East-crawl densify (30, 29) → (32, 29) (end=(31, 29), ultimate=(14, 48))
[CROP] Refill densify hop (30, 29) → (32, 29) (ultimate=(14, 48))
[CROP] East-crawl densify (30, 29) → (32, 29) (end=(31, 29), ultimate=(14, 48))
[CROP] East-crawl densify (30, 29) → (32, 29) (end=(31, 29), ultimate=(14, 48))
[CROP] Refill densify recover → (32, 29) from (30, 29) (no path)
[CROP] Past-fence densify south (31, 29) → (30, 32) (end=(30, 29), ultimate=(14, 48))
[CROP] Refill densify hop (31, 29) → (30, 32) (ultimate=(14, 48))
[CROP] East-crawl densify (30, 29) → (32, 29) (end=(31, 29), ultimate=(14, 48))
[CROP] Refill densify hop (30, 29) → (32, 29) (ultimate=(14, 48))
[CROP] East-crawl densify (30, 29) → (32, 29) (end=(31, 29), ultimate=(14, 48))
[CROP] East-crawl densify (30, 29) → (32, 29) (end=(31, 29), ultimate=(14, 48))
[CROP] Refill densify recover → (32, 29) from (30, 29) (no path)
[CROP] Past-fence densify south (31, 29) → (30, 32) (end=(30, 29), ultimate=(14, 48))
[CROP] Refill densify hop (31, 29) → (30, 32) (ultimate=(14, 48))
[CROP] East-crawl densify (30, 29) → (32, 29) (end=(31, 29), ultimate=(14, 48))
[CROP] Refill densify hop (30, 29) → (32, 29) (ultimate=(14, 48))
[CROP] East-crawl densify (30, 29) → (32, 29) (end=(31, 29), ultimate=(14, 48))
[CROP] East-crawl densify (30, 29) → (32, 29) (end=(31, 29), ultimate=(14, 48))
[CROP] Refill densify recover → (32, 29) from (30, 29) (no path)
[CROP] Past-fence densify south (31, 29) → (30, 32) (end=(30, 29), ultimate=(14, 48))
[CROP] Refill densify hop (31, 29) → (30, 32) (ultimate=(14, 48))
[CROP] East-crawl densify (30, 29) → (32, 29) (end=(31, 29), ultimate=(14, 48))
[CROP] Refill densify hop (30, 29) → (32, 29) (ultimate=(14, 48))
[CROP] East-crawl densify (30, 29) → (32, 29) (end=(31, 29), ultimate=(14, 48))
[CROP] East-crawl densify (30, 29) → (32, 29) (end=(31, 29), ultimate=(14, 48))
[CROP] Refill densify recover → (32, 29) from (30, 29) (no path)
[CROP] Past-fence densify south (31, 29) → (30, 32) (end=(30, 29), ultimate=(14, 48))
[CROP] Refill densify hop (31, 29) → (30, 32) (ultimate=(14, 48))
[CROP] East-crawl densify (30, 29) → (32, 29) (end=(31, 29), ultimate=(14, 48))
[CROP] Refill densify hop (30, 29) → (32, 29) (ultimate=(14, 48))
[CROP] East-crawl densify (30, 29) → (32, 29) (end=(31, 29), ultimate=(14, 48))
[CROP] East-crawl densify (30, 29) → (32, 29) (end=(31, 29), ultimate=(14, 48))
[CROP] Refill densify recover → (32, 29) from (30, 29) (no path)
[CROP] Past-fence densify south (31, 29) → (30, 32) (end=(30, 29), ultimate=(14, 48))
[CROP] Refill densify hop (31, 29) → (30, 32) (ultimate=(14, 48))
[CROP] East-crawl densify (30, 29) → (32, 29) (end=(31, 29), ultimate=(14, 48))
[CROP] Refill densify hop (30, 29) → (32, 29) (ultimate=(14, 48))
[CROP] East-crawl densify (30, 29) → (32, 29) (end=(31, 29), ultimate=(14, 48))
[CROP] East-crawl densify (30, 29) → (32, 29) (end=(31, 29), ultimate=(14, 48))
[CROP] Refill densify recover → (32, 29) from (30, 29) (no path)
[CROP] Past-fence densify south (31, 29) → (30, 32) (end=(30, 29), ultimate=(14, 48))
[CROP] Refill densify hop (31, 29) → (30, 32) (ultimate=(14, 48))
[CROP] East-crawl densify (30, 29) → (32, 29) (end=(31, 29), ultimate=(14, 48))
[CROP] Refill densify hop (30, 29) → (32, 29) (ultimate=(14, 48))
[CROP] East-crawl densify (30, 29) → (32, 29) (end=(31, 29), ultimate=(14, 48))
[CROP] East-crawl densify (30, 29) → (32, 29) (end=(31, 29), ultimate=(14, 48))
[CROP] Refill densify recover → (32, 29) from (30, 29) (no path)
[CROP] Past-fence densify south (31, 29) → (30, 32) (end=(30, 29), ultimate=(14, 48))
[CROP] Refill densify hop (31, 29) → (30, 32) (ultimate=(14, 48))
[CROP] East-crawl densify (30, 29) → (32, 29) (end=(31, 29), ultimate=(14, 48))
[CROP] Refill densify hop (30, 29) → (32, 29) (ultimate=(14, 48))
[CROP] East-crawl densify (30, 29) → (32, 29) (end=(31, 29), ultimate=(14, 48))
[CROP] East-crawl densify (30, 29) → (32, 29) (end=(31, 29), ultimate=(14, 48))
[CROP] Refill densify recover → (32, 29) from (30, 29) (no path)
[CROP] Past-fence densify south (31, 29) → (30, 32) (end=(30, 29), ultimate=(14, 48))
[CROP] Refill densify hop (31, 29) → (30, 32) (ultimate=(14, 48))
[CROP] East-crawl densify (30, 29) → (32, 29) (end=(31, 29), ultimate=(14, 48))
[CROP] Refill densify hop (30, 29) → (32, 29) (ultimate=(14, 48))
[CROP] East-crawl densify (30, 29) → (32, 29) (end=(31, 29), ultimate=(14, 48))
[CROP] East-crawl densify (30, 29) → (32, 29) (end=(31, 29), ultimate=(14, 48))
[CROP] Refill densify recover → (32, 29) from (30, 29) (no path)
[CROP] Past-fence densify south (31, 29) → (30, 32) (end=(30, 29), ultimate=(14, 48))
[CROP] Refill densify hop (31, 29) → (30, 32) (ultimate=(14, 48))
[CROP] East-crawl densify (30, 29) → (32, 29) (end=(31, 29), ultimate=(14, 48))
[CROP] Refill densify hop (30, 29) → (32, 29) (ultimate=(14, 48))
[CROP] East-crawl densify (30, 29) → (32, 29) (end=(31, 29), ultimate=(14, 48))
[CROP] East-crawl densify (30, 29) → (32, 29) (end=(31, 29), ultimate=(14, 48))
[CROP] Refill densify recover → (32, 29) from (30, 29) (no path)
[CROP] Past-fence densify south (31, 29) → (30, 32) (end=(30, 29), ultimate=(14, 48))
[CROP] Refill densify hop (31, 29) → (30, 32) (ultimate=(14, 48))
[CROP] East-crawl densify (30, 29) → (32, 29) (end=(31, 29), ultimate=(14, 48))
[CROP] Refill densify hop (30, 29) → (32, 29) (ultimate=(14, 48))
[CROP] East-crawl densify (30, 29) → (32, 29) (end=(31, 29), ultimate=(14, 48))
[CROP] East-crawl densify (30, 29) → (32, 29) (end=(31, 29), ultimate=(14, 48))
[CROP] Refill densify recover → (32, 29) from (30, 29) (no path)
[CROP] Past-fence densify south (31, 29) → (30, 32) (end=(30, 29), ultimate=(14, 48))
[CROP] Refill densify hop (31, 29) → (30, 32) (ultimate=(14, 48))
[CROP] East-crawl densify (30, 29) → (32, 29) (end=(31, 29), ultimate=(14, 48))
[CROP] Refill densify hop (30, 29) → (32, 29) (ultimate=(14, 48))
[CROP] East-crawl densify (30, 29) → (32, 29) (end=(31, 29), ultimate=(14, 48))
[CROP] East-crawl densify (30, 29) → (32, 29) (end=(31, 29), ultimate=(14, 48))
[CROP] Refill densify recover → (32, 29) from (30, 29) (no path)
[CROP] Past-fence densify south (31, 29) → (30, 32) (end=(30, 29), ultimate=(14, 48))
[CROP] Refill densify hop (31, 29) → (30, 32) (ultimate=(14, 48))
[CROP] East-crawl densify (30, 29) → (32, 29) (end=(31, 29), ultimate=(14, 48))
[CROP] Refill densify hop (30, 29) → (32, 29) (ultimate=(14, 48))
[CROP] East-crawl densify (30, 29) → (32, 29) (end=(31, 29), ultimate=(14, 48))
[CROP] East-crawl densify (30, 29) → (32, 29) (end=(31, 29), ultimate=(14, 48))
[CROP] Refill densify recover → (32, 29) from (30, 29) (no path)
[CROP] Past-fence densify south (31, 29) → (30, 32) (end=(30, 29), ultimate=(14, 48))
[CROP] Refill densify hop (31, 29) → (30, 32) (ultimate=(14, 48))
[CROP] East-crawl densify (30, 29) → (32, 29) (end=(31, 29), ultimate=(14, 48))
[CROP] Refill densify hop (30, 29) → (32, 29) (ultimate=(14, 48))
[CROP] East-crawl densify (30, 29) → (32, 29) (end=(31, 29), ultimate=(14, 48))
[CROP] East-crawl densify (30, 29) → (32, 29) (end=(31, 29), ultimate=(14, 48))
[CROP] Refill densify recover → (32, 29) from (30, 29) (no path)
[CROP] Past-fence densify south (31, 29) → (30, 32) (end=(30, 29), ultimate=(14, 48))
[CROP] Refill densify hop (31, 29) → (30, 32) (ultimate=(14, 48))
[CROP] East-crawl densify (30, 29) → (32, 29) (end=(31, 29), ultimate=(14, 48))
[CROP] Refill densify hop (30, 29) → (32, 29) (ultimate=(14, 48))
[CROP] East-crawl densify (30, 29) → (32, 29) (end=(31, 29), ultimate=(14, 48))
[CROP] East-crawl densify (30, 29) → (32, 29) (end=(31, 29), ultimate=(14, 48))
[CROP] Refill densify recover → (32, 29) from (30, 29) (no path)
[CROP] Past-fence densify south (31, 29) → (30, 32) (end=(30, 29), ultimate=(14, 48))
[CROP] Refill densify hop (31, 29) → (30, 32) (ultimate=(14, 48))
[CROP] East-crawl densify (30, 29) → (32, 29) (end=(31, 29), ultimate=(14, 48))
[CROP] Refill densify hop (30, 29) → (32, 29) (ultimate=(14, 48))
[CROP] East-crawl densify (30, 29) → (32, 29) (end=(31, 29), ultimate=(14, 48))
[CROP] East-crawl densify (30, 29) → (32, 29) (end=(31, 29), ultimate=(14, 48))
[CROP] Refill densify recover → (32, 29) from (30, 29) (no path)
[CROP] Past-fence densify south (31, 29) → (30, 32) (end=(30, 29), ultimate=(14, 48))
[CROP] Refill densify hop (31, 29) → (30, 32) (ultimate=(14, 48))
[CROP] East-crawl densify (30, 29) → (32, 29) (end=(31, 29), ultimate=(14, 48))
[CROP] Refill densify hop (30, 29) → (32, 29) (ultimate=(14, 48))
[CROP] East-crawl densify (30, 29) → (32, 29) (end=(31, 29), ultimate=(14, 48))
[CROP] East-crawl densify (30, 29) → (32, 29) (end=(31, 29), ultimate=(14, 48))
[CROP] Refill densify recover → (32, 29) from (30, 29) (no path)
[CROP] Past-fence densify south (31, 29) → (30, 32) (end=(30, 29), ultimate=(14, 48))
[CROP] Refill densify hop (31, 29) → (30, 32) (ultimate=(14, 48))
[CROP] East-crawl densify (30, 29) → (32, 29) (end=(31, 29), ultimate=(14, 48))
[CROP] Refill densify hop (30, 29) → (32, 29) (ultimate=(14, 48))
[CROP] East-crawl densify (30, 29) → (32, 29) (end=(31, 29), ultimate=(14, 48))
[CROP] East-crawl densify (30, 29) → (32, 29) (end=(31, 29), ultimate=(14, 48))
[CROP] Refill densify recover → (32, 29) from (30, 29) (no path)
[CROP] Past-fence densify south (31, 29) → (30, 32) (end=(30, 29), ultimate=(14, 48))
[CROP] Refill densify hop (31, 29) → (30, 32) (ultimate=(14, 48))
[CROP] East-crawl densify (30, 29) → (32, 29) (end=(31, 29), ultimate=(14, 48))
[CROP] Refill densify hop (30, 29) → (32, 29) (ultimate=(14, 48))
[CROP] East-crawl densify (30, 29) → (32, 29) (end=(31, 29), ultimate=(14, 48))
[CROP] East-crawl densify (30, 29) → (32, 29) (end=(31, 29), ultimate=(14, 48))
[CROP] Refill densify recover → (32, 29) from (30, 29) (no path)
[CROP] Past-fence densify south (31, 29) → (30, 32) (end=(30, 29), ultimate=(14, 48))
[CROP] Refill densify hop (31, 29) → (30, 32) (ultimate=(14, 48))
[CROP] East-crawl densify (30, 29) → (32, 29) (end=(31, 29), ultimate=(14, 48))
[CROP] Refill densify hop (30, 29) → (32, 29) (ultimate=(14, 48))
[CROP] East-crawl densify (30, 29) → (32, 29) (end=(31, 29), ultimate=(14, 48))
[CROP] East-crawl densify (30, 29) → (32, 29) (end=(31, 29), ultimate=(14, 48))
[CROP] Refill densify recover → (32, 29) from (30, 29) (no path)
[CROP] Past-fence densify south (31, 29) → (30, 32) (end=(30, 29), ultimate=(14, 48))
[CROP] Refill densify hop (31, 29) → (30, 32) (ultimate=(14, 48))
[CROP] East-crawl densify (30, 29) → (32, 29) (end=(31, 29), ultimate=(14, 48))
[CROP] Refill densify hop (30, 29) → (32, 29) (ultimate=(14, 48))
[CROP] East-crawl densify (30, 29) → (32, 29) (end=(31, 29), ultimate=(14, 48))
[CROP] East-crawl densify (30, 29) → (32, 29) (end=(31, 29), ultimate=(14, 48))
[CROP] Refill densify recover → (32, 29) from (30, 29) (no path)
[CROP] Past-fence densify south (31, 29) → (30, 32) (end=(30, 29), ultimate=(14, 48))
[CROP] Refill densify hop (31, 29) → (30, 32) (ultimate=(14, 48))
[CROP] East-crawl densify (30, 29) → (32, 29) (end=(31, 29), ultimate=(14, 48))
[CROP] Refill densify hop (30, 29) → (32, 29) (ultimate=(14, 48))
[CROP] East-crawl densify (30, 29) → (32, 29) (end=(31, 29), ultimate=(14, 48))
[CROP] East-crawl densify (30, 29) → (32, 29) (end=(31, 29), ultimate=(14, 48))
[CROP] Refill densify recover → (32, 29) from (30, 29) (no path)
[CROP] Past-fence densify south (31, 29) → (30, 32) (end=(30, 29), ultimate=(14, 48))
[CROP] Refill densify hop (31, 29) → (30, 32) (ultimate=(14, 48))
[CROP] East-crawl densify (30, 29) → (32, 29) (end=(31, 29), ultimate=(14, 48))
[CROP] Refill densify hop (30, 29) → (32, 29) (ultimate=(14, 48))
[CROP] East-crawl densify (30, 29) → (32, 29) (end=(31, 29), ultimate=(14, 48))
[CROP] East-crawl densify (30, 29) → (32, 29) (end=(31, 29), ultimate=(14, 48))
[CROP] Refill densify recover → (32, 29) from (30, 29) (no path)
[CROP] Past-fence densify south (31, 29) → (30, 32) (end=(30, 29), ultimate=(14, 48))
[CROP] Refill densify hop (31, 29) → (30, 32) (ultimate=(14, 48))
[CROP] East-crawl densify (30, 29) → (32, 29) (end=(31, 29), ultimate=(14, 48))
[CROP] Refill densify hop (30, 29) → (32, 29) (ultimate=(14, 48))
[CROP] East-crawl densify (30, 29) → (32, 29) (end=(31, 29), ultimate=(14, 48))
[CROP] East-crawl densify (30, 29) → (32, 29) (end=(31, 29), ultimate=(14, 48))
[CROP] Refill densify recover → (32, 29) from (30, 29) (no path)
[CROP] Past-fence densify south (31, 29) → (30, 32) (end=(30, 29), ultimate=(14, 48))
[CROP] Refill densify hop (31, 29) → (30, 32) (ultimate=(14, 48))
[CROP] East-crawl densify (30, 29) → (32, 29) (end=(31, 29), ultimate=(14, 48))
[CROP] Refill densify hop (30, 29) → (32, 29) (ultimate=(14, 48))
[CROP] East-crawl densify (30, 29) → (32, 29) (end=(31, 29), ultimate=(14, 48))
[CROP] East-crawl densify (30, 29) → (32, 29) (end=(31, 29), ultimate=(14, 48))
[CROP] Refill densify recover → (32, 29) from (30, 29) (no path)
[CROP] Past-fence densify south (31, 29) → (30, 32) (end=(30, 29), ultimate=(14, 48))
[CROP] Refill densify hop (31, 29) → (30, 32) (ultimate=(14, 48))
[CROP] East-crawl densify (30, 29) → (32, 29) (end=(31, 29), ultimate=(14, 48))
[CROP] Refill densify hop (30, 29) → (32, 29) (ultimate=(14, 48))
[CROP] East-crawl densify (30, 29) → (32, 29) (end=(31, 29), ultimate=(14, 48))
[CROP] East-crawl densify (30, 29) → (32, 29) (end=(31, 29), ultimate=(14, 48))
[CROP] Refill densify recover → (32, 29) from (30, 29) (no path)
[CROP] Past-fence densify south (31, 29) → (30, 32) (end=(30, 29), ultimate=(14, 48))
[CROP] Refill densify hop (31, 29) → (30, 32) (ultimate=(14, 48))
[CROP] East-crawl densify (30, 29) → (32, 29) (end=(31, 29), ultimate=(14, 48))
[CROP] Refill densify hop (30, 29) → (32, 29) (ultimate=(14, 48))
[CROP] East-crawl densify (30, 29) → (32, 29) (end=(31, 29), ultimate=(14, 48))
[CROP] East-crawl densify (30, 29) → (32, 29) (end=(31, 29), ultimate=(14, 48))
[CROP] Refill densify recover → (32, 29) from (30, 29) (no path)
[CROP] Past-fence densify south (31, 29) → (30, 32) (end=(30, 29), ultimate=(14, 48))
[CROP] Refill densify hop (31, 29) → (30, 32) (ultimate=(14, 48))
[CROP] East-crawl densify (30, 29) → (32, 29) (end=(31, 29), ultimate=(14, 48))
[CROP] Refill densify hop (30, 29) → (32, 29) (ultimate=(14, 48))
[CROP] East-crawl densify (30, 29) → (32, 29) (end=(31, 29), ultimate=(14, 48))
[CROP] East-crawl densify (30, 29) → (32, 29) (end=(31, 29), ultimate=(14, 48))
[CROP] Refill densify recover → (32, 29) from (30, 29) (no path)
[CROP] Past-fence densify south (31, 29) → (30, 32) (end=(30, 29), ultimate=(14, 48))
[CROP] Refill densify hop (31, 29) → (30, 32) (ultimate=(14, 48))
[CROP] East-crawl densify (30, 29) → (32, 29) (end=(31, 29), ultimate=(14, 48))
[CROP] Refill densify hop (30, 29) → (32, 29) (ultimate=(14, 48))
[CROP] East-crawl densify (30, 29) → (32, 29) (end=(31, 29), ultimate=(14, 48))
[CROP] East-crawl densify (30, 29) → (32, 29) (end=(31, 29), ultimate=(14, 48))
[CROP] Refill densify recover → (32, 29) from (30, 29) (no path)
[CROP] Past-fence densify south (31, 29) → (30, 32) (end=(30, 29), ultimate=(14, 48))
[CROP] Refill densify hop (31, 29) → (30, 32) (ultimate=(14, 48))
[CROP] East-crawl densify (30, 29) → (32, 29) (end=(31, 29), ultimate=(14, 48))
[CROP] Refill densify hop (30, 29) → (32, 29) (ultimate=(14, 48))
[CROP] East-crawl densify (30, 29) → (32, 29) (end=(31, 29), ultimate=(14, 48))
[CROP] East-crawl densify (30, 29) → (32, 29) (end=(31, 29), ultimate=(14, 48))
[CROP] Refill densify recover → (32, 29) from (30, 29) (no path)
[CROP] Past-fence densify south (31, 29) → (30, 32) (end=(30, 29), ultimate=(14, 48))
[CROP] Refill densify hop (31, 29) → (30, 32) (ultimate=(14, 48))
[CROP] East-crawl densify (30, 29) → (32, 29) (end=(31, 29), ultimate=(14, 48))
[CROP] Refill densify hop (30, 29) → (32, 29) (ultimate=(14, 48))
[CROP] East-crawl densify (30, 29) → (32, 29) (end=(31, 29), ultimate=(14, 48))
[CROP] East-crawl densify (30, 29) → (32, 29) (end=(31, 29), ultimate=(14, 48))
[CROP] Refill densify recover → (32, 29) from (30, 29) (no path)
[CROP] Past-fence densify south (31, 29) → (30, 32) (end=(30, 29), ultimate=(14, 48))
[CROP] Refill densify hop (31, 29) → (30, 32) (ultimate=(14, 48))
[CROP] East-crawl densify (30, 29) → (32, 29) (end=(31, 29), ultimate=(14, 48))
[CROP] Refill densify hop (30, 29) → (32, 29) (ultimate=(14, 48))
[CROP] East-crawl densify (30, 29) → (32, 29) (end=(31, 29), ultimate=(14, 48))
[CROP] East-crawl densify (30, 29) → (32, 29) (end=(31, 29), ultimate=(14, 48))
[CROP] Refill densify recover → (32, 29) from (30, 29) (no path)
[CROP] Past-fence densify south (31, 29) → (30, 32) (end=(30, 29), ultimate=(14, 48))
[CROP] Refill densify hop (31, 29) → (30, 32) (ultimate=(14, 48))
[CROP] East-crawl densify (30, 29) → (32, 29) (end=(31, 29), ultimate=(14, 48))
[CROP] Refill densify hop (30, 29) → (32, 29) (ultimate=(14, 48))
[CROP] East-crawl densify (30, 29) → (32, 29) (end=(31, 29), ultimate=(14, 48))
[CROP] East-crawl densify (30, 29) → (32, 29) (end=(31, 29), ultimate=(14, 48))
[CROP] Refill densify recover → (32, 29) from (30, 29) (no path)
[CROP] Past-fence densify south (31, 29) → (30, 32) (end=(30, 29), ultimate=(14, 48))
[CROP] Refill densify hop (31, 29) → (30, 32) (ultimate=(14, 48))
[CROP] East-crawl densify (30, 29) → (32, 29) (end=(31, 29), ultimate=(14, 48))
[CROP] Refill densify hop (30, 29) → (32, 29) (ultimate=(14, 48))
[CROP] East-crawl densify (30, 29) → (32, 29) (end=(31, 29), ultimate=(14, 48))
[CROP] East-crawl densify (30, 29) → (32, 29) (end=(31, 29), ultimate=(14, 48))
[CROP] Refill densify recover → (32, 29) from (30, 29) (no path)
[CROP] Past-fence densify south (31, 29) → (30, 32) (end=(30, 29), ultimate=(14, 48))
[CROP] Refill densify hop (31, 29) → (30, 32) (ultimate=(14, 48))
[CROP] East-crawl densify (30, 29) → (32, 29) (end=(31, 29), ultimate=(14, 48))
[CROP] Refill densify hop (30, 29) → (32, 29) (ultimate=(14, 48))
[CROP] East-crawl densify (30, 29) → (32, 29) (end=(31, 29), ultimate=(14, 48))
[CROP] East-crawl densify (30, 29) → (32, 29) (end=(31, 29), ultimate=(14, 48))
[CROP] Refill densify recover → (32, 29) from (30, 29) (no path)
[CROP] Past-fence densify south (31, 29) → (30, 32) (end=(30, 29), ultimate=(14, 48))
[CROP] Refill densify hop (31, 29) → (30, 32) (ultimate=(14, 48))
[CROP] East-crawl densify (30, 29) → (32, 29) (end=(31, 29), ultimate=(14, 48))
[CROP] Refill densify hop (30, 29) → (32, 29) (ultimate=(14, 48))
[CROP] East-crawl densify (30, 29) → (32, 29) (end=(31, 29), ultimate=(14, 48))
[CROP] East-crawl densify (30, 29) → (32, 29) (end=(31, 29), ultimate=(14, 48))
[CROP] Refill densify recover → (32, 29) from (30, 29) (no path)
[CROP] Past-fence densify south (31, 29) → (30, 32) (end=(30, 29), ultimate=(14, 48))
[CROP] Refill densify hop (31, 29) → (30, 32) (ultimate=(14, 48))
[CROP] East-crawl densify (30, 29) → (32, 29) (end=(31, 29), ultimate=(14, 48))
[CROP] Refill densify hop (30, 29) → (32, 29) (ultimate=(14, 48))
[CROP] East-crawl densify (30, 29) → (32, 29) (end=(31, 29), ultimate=(14, 48))
[CROP] East-crawl densify (30, 29) → (32, 29) (end=(31, 29), ultimate=(14, 48))
[CROP] Refill densify recover → (32, 29) from (30, 29) (no path)
[CROP] Past-fence densify south (31, 29) → (30, 32) (end=(30, 29), ultimate=(14, 48))
[CROP] Refill densify hop (31, 29) → (30, 32) (ultimate=(14, 48))
[CROP] East-crawl densify (30, 29) → (32, 29) (end=(31, 29), ultimate=(14, 48))
[CROP] Refill densify hop (30, 29) → (32, 29) (ultimate=(14, 48))
[CROP] East-crawl densify (30, 29) → (32, 29) (end=(31, 29), ultimate=(14, 48))
[CROP] East-crawl densify (30, 29) → (32, 29) (end=(31, 29), ultimate=(14, 48))
[CROP] Refill densify recover → (32, 29) from (30, 29) (no path)
[CROP] Past-fence densify south (31, 29) → (30, 32) (end=(30, 29), ultimate=(14, 48))
[CROP] Refill densify hop (31, 29) → (30, 32) (ultimate=(14, 48))
[CROP] East-crawl densify (30, 29) → (32, 29) (end=(31, 29), ultimate=(14, 48))
[CROP] Refill densify hop (30, 29) → (32, 29) (ultimate=(14, 48))
[CROP] East-crawl densify (30, 29) → (32, 29) (end=(31, 29), ultimate=(14, 48))
[CROP] East-crawl densify (30, 29) → (32, 29) (end=(31, 29), ultimate=(14, 48))
[CROP] Refill densify recover → (32, 29) from (30, 29) (no path)
[CROP] Past-fence densify south (31, 29) → (30, 32) (end=(30, 29), ultimate=(14, 48))
[CROP] Refill densify hop (31, 29) → (30, 32) (ultimate=(14, 48))
[CROP] East-crawl densify (30, 29) → (32, 29) (end=(31, 29), ultimate=(14, 48))
[CROP] Refill densify hop (30, 29) → (32, 29) (ultimate=(14, 48))
[CROP] East-crawl densify (30, 29) → (32, 29) (end=(31, 29), ultimate=(14, 48))
[CROP] East-crawl densify (30, 29) → (32, 29) (end=(31, 29), ultimate=(14, 48))
[CROP] Refill densify recover → (32, 29) from (30, 29) (no path)
[CROP] Past-fence densify south (31, 29) → (30, 32) (end=(30, 29), ultimate=(14, 48))
[CROP] Refill densify hop (31, 29) → (30, 32) (ultimate=(14, 48))
[CROP] East-crawl densify (30, 29) → (32, 29) (end=(31, 29), ultimate=(14, 48))
[CROP] Refill densify hop (30, 29) → (32, 29) (ultimate=(14, 48))
[CROP] East-crawl densify (30, 29) → (32, 29) (end=(31, 29), ultimate=(14, 48))
[CROP] East-crawl densify (30, 29) → (32, 29) (end=(31, 29), ultimate=(14, 48))
[CROP] Refill densify recover → (32, 29) from (30, 29) (no path)
[CROP] Past-fence densify south (31, 29) → (30, 32) (end=(30, 29), ultimate=(14, 48))
[CROP] Refill densify hop (31, 29) → (30, 32) (ultimate=(14, 48))
[CROP] East-crawl densify (30, 29) → (32, 29) (end=(31, 29), ultimate=(14, 48))
[CROP] Refill densify hop (30, 29) → (32, 29) (ultimate=(14, 48))
[CROP] East-crawl densify (30, 29) → (32, 29) (end=(31, 29), ultimate=(14, 48))
[CROP] East-crawl densify (30, 29) → (32, 29) (end=(31, 29), ultimate=(14, 48))
[CROP] Refill densify recover → (32, 29) from (30, 29) (no path)
[CROP] Past-fence densify south (31, 29) → (30, 32) (end=(30, 29), ultimate=(14, 48))
[CROP] Refill densify hop (31, 29) → (30, 32) (ultimate=(14, 48))
[CROP] East-crawl densify (30, 29) → (32, 29) (end=(31, 29), ultimate=(14, 48))
[CROP] Refill densify hop (30, 29) → (32, 29) (ultimate=(14, 48))
[CROP] East-crawl densify (30, 29) → (32, 29) (end=(31, 29), ultimate=(14, 48))
[CROP] East-crawl densify (30, 29) → (32, 29) (end=(31, 29), ultimate=(14, 48))
[CROP] Refill densify recover → (32, 29) from (30, 29) (no path)
[CROP] Past-fence densify south (31, 29) → (30, 32) (end=(30, 29), ultimate=(14, 48))
[CROP] Refill densify hop (31, 29) → (30, 32) (ultimate=(14, 48))
[CROP] East-crawl densify (30, 29) → (32, 29) (end=(31, 29), ultimate=(14, 48))
[CROP] Refill densify hop (30, 29) → (32, 29) (ultimate=(14, 48))
[CROP] East-crawl densify (30, 29) → (32, 29) (end=(31, 29), ultimate=(14, 48))
[CROP] East-crawl densify (30, 29) → (32, 29) (end=(31, 29), ultimate=(14, 48))
[CROP] Refill densify recover → (32, 29) from (30, 29) (no path)
[CROP] Past-fence densify south (31, 29) → (30, 32) (end=(30, 29), ultimate=(14, 48))
[CROP] Refill densify hop (31, 29) → (30, 32) (ultimate=(14, 48))
[CROP] East-crawl densify (30, 29) → (32, 29) (end=(31, 29), ultimate=(14, 48))
[CROP] Refill densify hop (30, 29) → (32, 29) (ultimate=(14, 48))
[CROP] East-crawl densify (30, 29) → (32, 29) (end=(31, 29), ultimate=(14, 48))
[CROP] East-crawl densify (30, 29) → (32, 29) (end=(31, 29), ultimate=(14, 48))
[CROP] Refill densify recover → (32, 29) from (30, 29) (no path)
[CROP] Past-fence densify south (31, 29) → (30, 32) (end=(30, 29), ultimate=(14, 48))
[CROP] Refill densify hop (31, 29) → (30, 32) (ultimate=(14, 48))
[CROP] East-crawl densify (30, 29) → (32, 29) (end=(31, 29), ultimate=(14, 48))
[CROP] Refill densify hop (30, 29) → (32, 29) (ultimate=(14, 48))
[CROP] East-crawl densify (30, 29) → (32, 29) (end=(31, 29), ultimate=(14, 48))
[CROP] East-crawl densify (30, 29) → (32, 29) (end=(31, 29), ultimate=(14, 48))
[CROP] Refill densify recover → (32, 29) from (30, 29) (no path)
[CROP] Past-fence densify south (31, 29) → (30, 32) (end=(30, 29), ultimate=(14, 48))
[CROP] Refill densify hop (31, 29) → (30, 32) (ultimate=(14, 48))
[CROP] East-crawl densify (30, 29) → (32, 29) (end=(31, 29), ultimate=(14, 48))
[CROP] Refill densify hop (30, 29) → (32, 29) (ultimate=(14, 48))
[CROP] East-crawl densify (30, 29) → (32, 29) (end=(31, 29), ultimate=(14, 48))
[CROP] East-crawl densify (30, 29) → (32, 29) (end=(31, 29), ultimate=(14, 48))
[CROP] Refill densify recover → (32, 29) from (30, 29) (no path)
[CROP] Past-fence densify south (31, 29) → (30, 32) (end=(30, 29), ultimate=(14, 48))
[CROP] Refill densify hop (31, 29) → (30, 32) (ultimate=(14, 48))
[CROP] East-crawl densify (30, 29) → (32, 29) (end=(31, 29), ultimate=(14, 48))
[CROP] Refill densify hop (30, 29) → (32, 29) (ultimate=(14, 48))
[CROP] East-crawl densify (30, 29) → (32, 29) (end=(31, 29), ultimate=(14, 48))
[CROP] East-crawl densify (30, 29) → (32, 29) (end=(31, 29), ultimate=(14, 48))
[CROP] Refill densify recover → (32, 29) from (30, 29) (no path)
[CROP] Past-fence densify south (31, 29) → (30, 32) (end=(30, 29), ultimate=(14, 48))
[CROP] Refill densify hop (31, 29) → (30, 32) (ultimate=(14, 48))
[CROP] East-crawl densify (30, 29) → (32, 29) (end=(31, 29), ultimate=(14, 48))
[CROP] Refill densify hop (30, 29) → (32, 29) (ultimate=(14, 48))
[CROP] East-crawl densify (30, 29) → (32, 29) (end=(31, 29), ultimate=(14, 48))
[CROP] East-crawl densify (30, 29) → (32, 29) (end=(31, 29), ultimate=(14, 48))
[CROP] Refill densify recover → (32, 29) from (30, 29) (no path)
[CROP] Past-fence densify south (31, 29) → (30, 32) (end=(30, 29), ultimate=(14, 48))
[CROP] Refill densify hop (31, 29) → (30, 32) (ultimate=(14, 48))
[CROP] East-crawl densify (30, 29) → (32, 29) (end=(31, 29), ultimate=(14, 48))
[CROP] Refill densify hop (30, 29) → (32, 29) (ultimate=(14, 48))
[CROP] East-crawl densify (30, 29) → (32, 29) (end=(31, 29), ultimate=(14, 48))
[CROP] East-crawl densify (30, 29) → (32, 29) (end=(31, 29), ultimate=(14, 48))
[CROP] Refill densify recover → (32, 29) from (30, 29) (no path)
[CROP] Past-fence densify south (31, 29) → (30, 32) (end=(30, 29), ultimate=(14, 48))
[CROP] Refill densify hop (31, 29) → (30, 32) (ultimate=(14, 48))
[CROP] East-crawl densify (30, 29) → (32, 29) (end=(31, 29), ultimate=(14, 48))
[CROP] Refill densify hop (30, 29) → (32, 29) (ultimate=(14, 48))
[CROP] East-crawl densify (30, 29) → (32, 29) (end=(31, 29), ultimate=(14, 48))
[CROP] East-crawl densify (30, 29) → (32, 29) (end=(31, 29), ultimate=(14, 48))
[CROP] Refill densify recover → (32, 29) from (30, 29) (no path)
[CROP] Past-fence densify south (31, 29) → (30, 32) (end=(30, 29), ultimate=(14, 48))
[CROP] Refill densify hop (31, 29) → (30, 32) (ultimate=(14, 48))
[CROP] East-crawl densify (30, 29) → (32, 29) (end=(31, 29), ultimate=(14, 48))
[CROP] Refill densify hop (30, 29) → (32, 29) (ultimate=(14, 48))
[CROP] East-crawl densify (30, 29) → (32, 29) (end=(31, 29), ultimate=(14, 48))
[CROP] East-crawl densify (30, 29) → (32, 29) (end=(31, 29), ultimate=(14, 48))
[CROP] Refill densify recover → (32, 29) from (30, 29) (no path)
[CROP] Past-fence densify south (31, 29) → (30, 32) (end=(30, 29), ultimate=(14, 48))
[CROP] Refill densify hop (31, 29) → (30, 32) (ultimate=(14, 48))
[CROP] East-crawl densify (30, 29) → (32, 29) (end=(31, 29), ultimate=(14, 48))
[CROP] Refill densify hop (30, 29) → (32, 29) (ultimate=(14, 48))
[CROP] East-crawl densify (30, 29) → (32, 29) (end=(31, 29), ultimate=(14, 48))
[CROP] East-crawl densify (30, 29) → (32, 29) (end=(31, 29), ultimate=(14, 48))
[CROP] Refill densify recover → (32, 29) from (30, 29) (no path)
[CROP] Past-fence densify south (31, 29) → (30, 32) (end=(30, 29), ultimate=(14, 48))
[CROP] Refill densify hop (31, 29) → (30, 32) (ultimate=(14, 48))
[CROP] East-crawl densify (30, 29) → (32, 29) (end=(31, 29), ultimate=(14, 48))
[CROP] Refill densify hop (30, 29) → (32, 29) (ultimate=(14, 48))
[CROP] East-crawl densify (30, 29) → (32, 29) (end=(31, 29), ultimate=(14, 48))
[CROP] East-crawl densify (30, 29) → (32, 29) (end=(31, 29), ultimate=(14, 48))
[CROP] Refill densify recover → (32, 29) from (30, 29) (no path)
[CROP] Past-fence densify south (31, 29) → (30, 32) (end=(30, 29), ultimate=(14, 48))
[CROP] Refill densify hop (31, 29) → (30, 32) (ultimate=(14, 48))
[CROP] East-crawl densify (30, 29) → (32, 29) (end=(31, 29), ultimate=(14, 48))
[CROP] Refill densify hop (30, 29) → (32, 29) (ultimate=(14, 48))
[CROP] East-crawl densify (30, 29) → (32, 29) (end=(31, 29), ultimate=(14, 48))
[CROP] East-crawl densify (30, 29) → (32, 29) (end=(31, 29), ultimate=(14, 48))
[CROP] Refill densify recover → (32, 29) from (30, 29) (no path)
[CROP] Past-fence densify south (31, 29) → (30, 32) (end=(30, 29), ultimate=(14, 48))
[CROP] Refill densify hop (31, 29) → (30, 32) (ultimate=(14, 48))
[CROP] East-crawl densify (30, 29) → (32, 29) (end=(31, 29), ultimate=(14, 48))
[CROP] Refill densify hop (30, 29) → (32, 29) (ultimate=(14, 48))
[CROP] East-crawl densify (30, 29) → (32, 29) (end=(31, 29), ultimate=(14, 48))
[CROP] East-crawl densify (30, 29) → (32, 29) (end=(31, 29), ultimate=(14, 48))
[CROP] Refill densify recover → (32, 29) from (30, 29) (no path)
[CROP] Past-fence densify south (31, 29) → (30, 32) (end=(30, 29), ultimate=(14, 48))
[CROP] Refill densify hop (31, 29) → (30, 32) (ultimate=(14, 48))
[CROP] East-crawl densify (30, 29) → (32, 29) (end=(31, 29), ultimate=(14, 48))
[CROP] Refill densify hop (30, 29) → (32, 29) (ultimate=(14, 48))
[CROP] East-crawl densify (30, 29) → (32, 29) (end=(31, 29), ultimate=(14, 48))
[CROP] East-crawl densify (30, 29) → (32, 29) (end=(31, 29), ultimate=(14, 48))
[CROP] Refill densify recover → (32, 29) from (30, 29) (no path)
[CROP] Past-fence densify south (31, 29) → (30, 32) (end=(30, 29), ultimate=(14, 48))
[CROP] Refill densify hop (31, 29) → (30, 32) (ultimate=(14, 48))
[CROP] East-crawl densify (30, 29) → (32, 29) (end=(31, 29), ultimate=(14, 48))
[CROP] Refill densify hop (30, 29) → (32, 29) (ultimate=(14, 48))
[CROP] East-crawl densify (30, 29) → (32, 29) (end=(31, 29), ultimate=(14, 48))
[CROP] East-crawl densify (30, 29) → (32, 29) (end=(31, 29), ultimate=(14, 48))
[CROP] Refill densify recover → (32, 29) from (30, 29) (no path)
[CROP] Past-fence densify south (31, 29) → (30, 32) (end=(30, 29), ultimate=(14, 48))
[CROP] Refill densify hop (31, 29) → (30, 32) (ultimate=(14, 48))
[CROP] East-crawl densify (30, 29) → (32, 29) (end=(31, 29), ultimate=(14, 48))
[CROP] Refill densify hop (30, 29) → (32, 29) (ultimate=(14, 48))
[CROP] East-crawl densify (30, 29) → (32, 29) (end=(31, 29), ultimate=(14, 48))
[CROP] East-crawl densify (30, 29) → (32, 29) (end=(31, 29), ultimate=(14, 48))
[CROP] Refill densify recover → (32, 29) from (30, 29) (no path)
[CROP] Past-fence densify south (31, 29) → (30, 32) (end=(30, 29), ultimate=(14, 48))
[CROP] Refill densify hop (31, 29) → (30, 32) (ultimate=(14, 48))
[CROP] East-crawl densify (30, 29) → (32, 29) (end=(31, 29), ultimate=(14, 48))
[CROP] Refill densify hop (30, 29) → (32, 29) (ultimate=(14, 48))
[CROP] East-crawl densify (30, 29) → (32, 29) (end=(31, 29), ultimate=(14, 48))
[CROP] East-crawl densify (30, 29) → (32, 29) (end=(31, 29), ultimate=(14, 48))
[CROP] Refill densify recover → (32, 29) from (30, 29) (no path)
[CROP] Past-fence densify south (31, 29) → (30, 32) (end=(30, 29), ultimate=(14, 48))
[CROP] Refill densify hop (31, 29) → (30, 32) (ultimate=(14, 48))
[CROP] East-crawl densify (30, 29) → (32, 29) (end=(31, 29), ultimate=(14, 48))
[CROP] Refill densify hop (30, 29) → (32, 29) (ultimate=(14, 48))
[CROP] East-crawl densify (30, 29) → (32, 29) (end=(31, 29), ultimate=(14, 48))
[CROP] East-crawl densify (30, 29) → (32, 29) (end=(31, 29), ultimate=(14, 48))
[CROP] Refill densify recover → (32, 29) from (30, 29) (no path)
[CROP] Past-fence densify south (31, 29) → (30, 32) (end=(30, 29), ultimate=(14, 48))
[CROP] Refill densify hop (31, 29) → (30, 32) (ultimate=(14, 48))
[CROP] East-crawl densify (30, 29) → (32, 29) (end=(31, 29), ultimate=(14, 48))
[CROP] Refill densify hop (30, 29) → (32, 29) (ultimate=(14, 48))
[CROP] East-crawl densify (30, 29) → (32, 29) (end=(31, 29), ultimate=(14, 48))
[CROP] East-crawl densify (30, 29) → (32, 29) (end=(31, 29), ultimate=(14, 48))
[CROP] Refill densify recover → (32, 29) from (30, 29) (no path)
[CROP] Past-fence densify south (31, 29) → (30, 32) (end=(30, 29), ultimate=(14, 48))
[CROP] Refill densify hop (31, 29) → (30, 32) (ultimate=(14, 48))
[CROP] East-crawl densify (30, 29) → (32, 29) (end=(31, 29), ultimate=(14, 48))
[CROP] Refill densify hop (30, 29) → (32, 29) (ultimate=(14, 48))
[CROP] East-crawl densify (30, 29) → (32, 29) (end=(31, 29), ultimate=(14, 48))
[CROP] East-crawl densify (30, 29) → (32, 29) (end=(31, 29), ultimate=(14, 48))
[CROP] Refill densify recover → (32, 29) from (30, 29) (no path)
[CROP] Past-fence densify south (31, 29) → (30, 32) (end=(30, 29), ultimate=(14, 48))
[CROP] Refill densify hop (31, 29) → (30, 32) (ultimate=(14, 48))
[CROP] East-crawl densify (30, 29) → (32, 29) (end=(31, 29), ultimate=(14, 48))
[CROP] Refill densify hop (30, 29) → (32, 29) (ultimate=(14, 48))
[CROP] East-crawl densify (30, 29) → (32, 29) (end=(31, 29), ultimate=(14, 48))
[CROP] East-crawl densify (30, 29) → (32, 29) (end=(31, 29), ultimate=(14, 48))
[CROP] Refill densify recover → (32, 29) from (30, 29) (no path)
[CROP] Past-fence densify south (31, 29) → (30, 32) (end=(30, 29), ultimate=(14, 48))
[CROP] Refill densify hop (31, 29) → (30, 32) (ultimate=(14, 48))
[CROP] East-crawl densify (30, 29) → (32, 29) (end=(31, 29), ultimate=(14, 48))
[CROP] Refill densify hop (30, 29) → (32, 29) (ultimate=(14, 48))
[CROP] East-crawl densify (30, 29) → (32, 29) (end=(31, 29), ultimate=(14, 48))
[CROP] East-crawl densify (30, 29) → (32, 29) (end=(31, 29), ultimate=(14, 48))
[CROP] Refill densify recover → (32, 29) from (30, 29) (no path)
[CROP] Past-fence densify south (31, 29) → (30, 32) (end=(30, 29), ultimate=(14, 48))
[CROP] Refill densify hop (31, 29) → (30, 32) (ultimate=(14, 48))
[CROP] East-crawl densify (30, 29) → (32, 29) (end=(31, 29), ultimate=(14, 48))
[CROP] Refill densify hop (30, 29) → (32, 29) (ultimate=(14, 48))
[CROP] East-crawl densify (30, 29) → (32, 29) (end=(31, 29), ultimate=(14, 48))
[CROP] East-crawl densify (30, 29) → (32, 29) (end=(31, 29), ultimate=(14, 48))
[CROP] Refill densify recover → (32, 29) from (30, 29) (no path)
[CROP] Past-fence densify south (31, 29) → (30, 32) (end=(30, 29), ultimate=(14, 48))
[CROP] Refill densify hop (31, 29) → (30, 32) (ultimate=(14, 48))
[CROP] East-crawl densify (30, 29) → (32, 29) (end=(31, 29), ultimate=(14, 48))
[CROP] Refill densify hop (30, 29) → (32, 29) (ultimate=(14, 48))
[CROP] East-crawl densify (30, 29) → (32, 29) (end=(31, 29), ultimate=(14, 48))
[CROP] East-crawl densify (30, 29) → (32, 29) (end=(31, 29), ultimate=(14, 48))
[CROP] Refill densify recover → (32, 29) from (30, 29) (no path)
[CROP] Past-fence densify south (31, 29) → (30, 32) (end=(30, 29), ultimate=(14, 48))
[CROP] Refill densify hop (31, 29) → (30, 32) (ultimate=(14, 48))
[CROP] East-crawl densify (30, 29) → (32, 29) (end=(31, 29), ultimate=(14, 48))
[CROP] Refill densify hop (30, 29) → (32, 29) (ultimate=(14, 48))
[CROP] East-crawl densify (30, 29) → (32, 29) (end=(31, 29), ultimate=(14, 48))
[CROP] East-crawl densify (30, 29) → (32, 29) (end=(31, 29), ultimate=(14, 48))
[CROP] Refill densify recover → (32, 29) from (30, 29) (no path)
[CROP] Past-fence densify south (31, 29) → (30, 32) (end=(30, 29), ultimate=(14, 48))
[CROP] Refill densify hop (31, 29) → (30, 32) (ultimate=(14, 48))
[CROP] East-crawl densify (30, 29) → (32, 29) (end=(31, 29), ultimate=(14, 48))
[CROP] Refill densify hop (30, 29) → (32, 29) (ultimate=(14, 48))
[CROP] East-crawl densify (30, 29) → (32, 29) (end=(31, 29), ultimate=(14, 48))
[CROP] East-crawl densify (30, 29) → (32, 29) (end=(31, 29), ultimate=(14, 48))
[CROP] Refill densify recover → (32, 29) from (30, 29) (no path)
[CROP] Past-fence densify south (31, 29) → (30, 32) (end=(30, 29), ultimate=(14, 48))
[CROP] Refill densify hop (31, 29) → (30, 32) (ultimate=(14, 48))
[CROP] East-crawl densify (30, 29) → (32, 29) (end=(31, 29), ultimate=(14, 48))
[CROP] Refill densify hop (30, 29) → (32, 29) (ultimate=(14, 48))
[CROP] East-crawl densify (30, 29) → (32, 29) (end=(31, 29), ultimate=(14, 48))
[CROP] East-crawl densify (30, 29) → (32, 29) (end=(31, 29), ultimate=(14, 48))
[CROP] Refill densify recover → (32, 29) from (30, 29) (no path)
[CROP] Past-fence densify south (31, 29) → (30, 32) (end=(30, 29), ultimate=(14, 48))
[CROP] Refill densify hop (31, 29) → (30, 32) (ultimate=(14, 48))
[CROP] East-crawl densify (30, 29) → (32, 29) (end=(31, 29), ultimate=(14, 48))
[CROP] Refill densify hop (30, 29) → (32, 29) (ultimate=(14, 48))
[CROP] East-crawl densify (30, 29) → (32, 29) (end=(31, 29), ultimate=(14, 48))
[CROP] East-crawl densify (30, 29) → (32, 29) (end=(31, 29), ultimate=(14, 48))
[CROP] Refill densify recover → (32, 29) from (30, 29) (no path)
[CROP] Past-fence densify south (31, 29) → (30, 32) (end=(30, 29), ultimate=(14, 48))
[CROP] Refill densify hop (31, 29) → (30, 32) (ultimate=(14, 48))
[CROP] East-crawl densify (30, 29) → (32, 29) (end=(31, 29), ultimate=(14, 48))
[CROP] Refill densify hop (30, 29) → (32, 29) (ultimate=(14, 48))
[CROP] East-crawl densify (30, 29) → (32, 29) (end=(31, 29), ultimate=(14, 48))
[CROP] East-crawl densify (30, 29) → (32, 29) (end=(31, 29), ultimate=(14, 48))
[CROP] Refill densify recover → (32, 29) from (30, 29) (no path)
[CROP] Past-fence densify south (31, 29) → (30, 32) (end=(30, 29), ultimate=(14, 48))
[CROP] Refill densify hop (31, 29) → (30, 32) (ultimate=(14, 48))
[CROP] East-crawl densify (30, 29) → (32, 29) (end=(31, 29), ultimate=(14, 48))
[CROP] Refill densify hop (30, 29) → (32, 29) (ultimate=(14, 48))
[CROP] East-crawl densify (30, 29) → (32, 29) (end=(31, 29), ultimate=(14, 48))
[CROP] East-crawl densify (30, 29) → (32, 29) (end=(31, 29), ultimate=(14, 48))
[CROP] Refill densify recover → (32, 29) from (30, 29) (no path)
[CROP] Past-fence densify south (31, 29) → (30, 32) (end=(30, 29), ultimate=(14, 48))
[CROP] Refill densify hop (31, 29) → (30, 32) (ultimate=(14, 48))
[CROP] East-crawl densify (30, 29) → (32, 29) (end=(31, 29), ultimate=(14, 48))
[CROP] Refill densify hop (30, 29) → (32, 29) (ultimate=(14, 48))
[CROP] East-crawl densify (30, 29) → (32, 29) (end=(31, 29), ultimate=(14, 48))
[CROP] East-crawl densify (30, 29) → (32, 29) (end=(31, 29), ultimate=(14, 48))
[CROP] Refill densify recover → (32, 29) from (30, 29) (no path)
[CROP] Past-fence densify south (31, 29) → (30, 32) (end=(30, 29), ultimate=(14, 48))
[CROP] Refill densify hop (31, 29) → (30, 32) (ultimate=(14, 48))
[CROP] East-crawl densify (30, 29) → (32, 29) (end=(31, 29), ultimate=(14, 48))
[CROP] Refill densify hop (30, 29) → (32, 29) (ultimate=(14, 48))
[CROP] East-crawl densify (30, 29) → (32, 29) (end=(31, 29), ultimate=(14, 48))
[CROP] East-crawl densify (30, 29) → (32, 29) (end=(31, 29), ultimate=(14, 48))
[CROP] Refill densify recover → (32, 29) from (30, 29) (no path)
[CROP] Past-fence densify south (31, 29) → (30, 32) (end=(30, 29), ultimate=(14, 48))
[CROP] Refill densify hop (31, 29) → (30, 32) (ultimate=(14, 48))
[CROP] East-crawl densify (30, 29) → (32, 29) (end=(31, 29), ultimate=(14, 48))
[CROP] Refill densify hop (30, 29) → (32, 29) (ultimate=(14, 48))
[CROP] East-crawl densify (30, 29) → (32, 29) (end=(31, 29), ultimate=(14, 48))
[CROP] East-crawl densify (30, 29) → (32, 29) (end=(31, 29), ultimate=(14, 48))
[CROP] Refill densify recover → (32, 29) from (30, 29) (no path)
[CROP] Past-fence densify south (31, 29) → (30, 32) (end=(30, 29), ultimate=(14, 48))
[CROP] Refill densify hop (31, 29) → (30, 32) (ultimate=(14, 48))
[CROP] East-crawl densify (30, 29) → (32, 29) (end=(31, 29), ultimate=(14, 48))
[CROP] Refill densify hop (30, 29) → (32, 29) (ultimate=(14, 48))
[CROP] East-crawl densify (30, 29) → (32, 29) (end=(31, 29), ultimate=(14, 48))
[CROP] East-crawl densify (30, 29) → (32, 29) (end=(31, 29), ultimate=(14, 48))
[CROP] Refill densify recover → (32, 29) from (30, 29) (no path)
[CROP] Past-fence densify south (31, 29) → (30, 32) (end=(30, 29), ultimate=(14, 48))
[CROP] Refill densify hop (31, 29) → (30, 32) (ultimate=(14, 48))
[CROP] East-crawl densify (30, 29) → (32, 29) (end=(31, 29), ultimate=(14, 48))
[CROP] Refill densify hop (30, 29) → (32, 29) (ultimate=(14, 48))
[CROP] East-crawl densify (30, 29) → (32, 29) (end=(31, 29), ultimate=(14, 48))
[CROP] East-crawl densify (30, 29) → (32, 29) (end=(31, 29), ultimate=(14, 48))
[CROP] Refill densify recover → (32, 29) from (30, 29) (no path)
[CROP] Past-fence densify south (31, 29) → (30, 32) (end=(30, 29), ultimate=(14, 48))
[CROP] Refill densify hop (31, 29) → (30, 32) (ultimate=(14, 48))
[CROP] East-crawl densify (30, 29) → (32, 29) (end=(31, 29), ultimate=(14, 48))
[CROP] Refill densify hop (30, 29) → (32, 29) (ultimate=(14, 48))
[CROP] East-crawl densify (30, 29) → (32, 29) (end=(31, 29), ultimate=(14, 48))
[CROP] East-crawl densify (30, 29) → (32, 29) (end=(31, 29), ultimate=(14, 48))
[CROP] Refill densify recover → (32, 29) from (30, 29) (no path)
[CROP] Past-fence densify south (31, 29) → (30, 32) (end=(30, 29), ultimate=(14, 48))
[CROP] Refill densify hop (31, 29) → (30, 32) (ultimate=(14, 48))
[CROP] East-crawl densify (30, 29) → (32, 29) (end=(31, 29), ultimate=(14, 48))
[CROP] Refill densify hop (30, 29) → (32, 29) (ultimate=(14, 48))
[CROP] East-crawl densify (30, 29) → (32, 29) (end=(31, 29), ultimate=(14, 48))
[CROP] East-crawl densify (30, 29) → (32, 29) (end=(31, 29), ultimate=(14, 48))
[CROP] Refill densify recover → (32, 29) from (30, 29) (no path)
[CROP] Past-fence densify south (31, 29) → (30, 32) (end=(30, 29), ultimate=(14, 48))
[CROP] Refill densify hop (31, 29) → (30, 32) (ultimate=(14, 48))
[CROP] East-crawl densify (30, 29) → (32, 29) (end=(31, 29), ultimate=(14, 48))
[CROP] Refill densify hop (30, 29) → (32, 29) (ultimate=(14, 48))
[CROP] East-crawl densify (30, 29) → (32, 29) (end=(31, 29), ultimate=(14, 48))
[CROP] East-crawl densify (30, 29) → (32, 29) (end=(31, 29), ultimate=(14, 48))
[CROP] Refill densify recover → (32, 29) from (30, 29) (no path)
[CROP] Past-fence densify south (31, 29) → (30, 32) (end=(30, 29), ultimate=(14, 48))
[CROP] Refill densify hop (31, 29) → (30, 32) (ultimate=(14, 48))
[CROP] East-crawl densify (30, 29) → (32, 29) (end=(31, 29), ultimate=(14, 48))
[CROP] Refill densify hop (30, 29) → (32, 29) (ultimate=(14, 48))
[CROP] East-crawl densify (30, 29) → (32, 29) (end=(31, 29), ultimate=(14, 48))
[CROP] East-crawl densify (30, 29) → (32, 29) (end=(31, 29), ultimate=(14, 48))
[CROP] Refill densify recover → (32, 29) from (30, 29) (no path)
[CROP] Past-fence densify south (31, 29) → (30, 32) (end=(30, 29), ultimate=(14, 48))
[CROP] Refill densify hop (31, 29) → (30, 32) (ultimate=(14, 48))
[CROP] East-crawl densify (30, 29) → (32, 29) (end=(31, 29), ultimate=(14, 48))
[CROP] Refill densify hop (30, 29) → (32, 29) (ultimate=(14, 48))
[CROP] East-crawl densify (30, 29) → (32, 29) (end=(31, 29), ultimate=(14, 48))
[CROP] East-crawl densify (30, 29) → (32, 29) (end=(31, 29), ultimate=(14, 48))
[CROP] Refill densify recover → (32, 29) from (30, 29) (no path)
[CROP] Past-fence densify south (31, 29) → (30, 32) (end=(30, 29), ultimate=(14, 48))
[CROP] Refill densify hop (31, 29) → (30, 32) (ultimate=(14, 48))
[CROP] East-crawl densify (30, 29) → (32, 29) (end=(31, 29), ultimate=(14, 48))
[CROP] Refill densify hop (30, 29) → (32, 29) (ultimate=(14, 48))
[CROP] East-crawl densify (30, 29) → (32, 29) (end=(31, 29), ultimate=(14, 48))
[CROP] East-crawl densify (30, 29) → (32, 29) (end=(31, 29), ultimate=(14, 48))
[CROP] Refill densify recover → (32, 29) from (30, 29) (no path)
[CROP] Past-fence densify south (31, 29) → (30, 32) (end=(30, 29), ultimate=(14, 48))
[CROP] Refill densify hop (31, 29) → (30, 32) (ultimate=(14, 48))
[CROP] East-crawl densify (30, 29) → (32, 29) (end=(31, 29), ultimate=(14, 48))
[CROP] Refill densify hop (30, 29) → (32, 29) (ultimate=(14, 48))
[CROP] East-crawl densify (30, 29) → (32, 29) (end=(31, 29), ultimate=(14, 48))
[CROP] East-crawl densify (30, 29) → (32, 29) (end=(31, 29), ultimate=(14, 48))
[CROP] Refill densify recover → (32, 29) from (30, 29) (no path)
[CROP] Past-fence densify south (31, 29) → (30, 32) (end=(30, 29), ultimate=(14, 48))
[CROP] Refill densify hop (31, 29) → (30, 32) (ultimate=(14, 48))
[CROP] East-crawl densify (30, 29) → (32, 29) (end=(31, 29), ultimate=(14, 48))
[CROP] Refill densify hop (30, 29) → (32, 29) (ultimate=(14, 48))
[CROP] East-crawl densify (30, 29) → (32, 29) (end=(31, 29), ultimate=(14, 48))
[CROP] East-crawl densify (30, 29) → (32, 29) (end=(31, 29), ultimate=(14, 48))
[CROP] Refill densify recover → (32, 29) from (30, 29) (no path)
[CROP] Past-fence densify south (31, 29) → (30, 32) (end=(30, 29), ultimate=(14, 48))
[CROP] Refill densify hop (31, 29) → (30, 32) (ultimate=(14, 48))
[CROP] East-crawl densify (30, 29) → (32, 29) (end=(31, 29), ultimate=(14, 48))
[CROP] Refill densify hop (30, 29) → (32, 29) (ultimate=(14, 48))
[CROP] East-crawl densify (30, 29) → (32, 29) (end=(31, 29), ultimate=(14, 48))
[CROP] East-crawl densify (30, 29) → (32, 29) (end=(31, 29), ultimate=(14, 48))
[CROP] Refill densify recover → (32, 29) from (30, 29) (no path)
[CROP] Past-fence densify south (31, 29) → (30, 32) (end=(30, 29), ultimate=(14, 48))
[CROP] Refill densify hop (31, 29) → (30, 32) (ultimate=(14, 48))
[CROP] East-crawl densify (30, 29) → (32, 29) (end=(31, 29), ultimate=(14, 48))
[CROP] Refill densify hop (30, 29) → (32, 29) (ultimate=(14, 48))
[CROP] East-crawl densify (30, 29) → (32, 29) (end=(31, 29), ultimate=(14, 48))
[CROP] East-crawl densify (30, 29) → (32, 29) (end=(31, 29), ultimate=(14, 48))
[CROP] Refill densify recover → (32, 29) from (30, 29) (no path)
[CROP] Past-fence densify south (31, 29) → (30, 32) (end=(30, 29), ultimate=(14, 48))
[CROP] Refill densify hop (31, 29) → (30, 32) (ultimate=(14, 48))
[CROP] East-crawl densify (30, 29) → (32, 29) (end=(31, 29), ultimate=(14, 48))
[CROP] Refill densify hop (30, 29) → (32, 29) (ultimate=(14, 48))
[CROP] East-crawl densify (30, 29) → (32, 29) (end=(31, 29), ultimate=(14, 48))
[CROP] East-crawl densify (30, 29) → (32, 29) (end=(31, 29), ultimate=(14, 48))
[CROP] Refill densify recover → (32, 29) from (30, 29) (no path)
[CROP] Past-fence densify south (31, 29) → (30, 32) (end=(30, 29), ultimate=(14, 48))
[CROP] Refill densify hop (31, 29) → (30, 32) (ultimate=(14, 48))
[CROP] East-crawl densify (30, 29) → (32, 29) (end=(31, 29), ultimate=(14, 48))
[CROP] Refill densify hop (30, 29) → (32, 29) (ultimate=(14, 48))
[CROP] East-crawl densify (30, 29) → (32, 29) (end=(31, 29), ultimate=(14, 48))
[CROP] East-crawl densify (30, 29) → (32, 29) (end=(31, 29), ultimate=(14, 48))
[CROP] Refill densify recover → (32, 29) from (30, 29) (no path)
[CROP] Past-fence densify south (31, 29) → (30, 32) (end=(30, 29), ultimate=(14, 48))
[CROP] Refill densify hop (31, 29) → (30, 32) (ultimate=(14, 48))
[CROP] East-crawl densify (30, 29) → (32, 29) (end=(31, 29), ultimate=(14, 48))
[CROP] Refill densify hop (30, 29) → (32, 29) (ultimate=(14, 48))
[CROP] East-crawl densify (30, 29) → (32, 29) (end=(31, 29), ultimate=(14, 48))
[CROP] East-crawl densify (30, 29) → (32, 29) (end=(31, 29), ultimate=(14, 48))
[CROP] Refill densify recover → (32, 29) from (30, 29) (no path)
[CROP] Past-fence densify south (31, 29) → (30, 32) (end=(30, 29), ultimate=(14, 48))
[CROP] Refill densify hop (31, 29) → (30, 32) (ultimate=(14, 48))
[CROP] East-crawl densify (30, 29) → (32, 29) (end=(31, 29), ultimate=(14, 48))
[CROP] Refill densify hop (30, 29) → (32, 29) (ultimate=(14, 48))
[CROP] East-crawl densify (30, 29) → (32, 29) (end=(31, 29), ultimate=(14, 48))
[CROP] East-crawl densify (30, 29) → (32, 29) (end=(31, 29), ultimate=(14, 48))
[CROP] Refill densify recover → (32, 29) from (30, 29) (no path)
[CROP] Past-fence densify south (31, 29) → (30, 32) (end=(30, 29), ultimate=(14, 48))
[CROP] Refill densify hop (31, 29) → (30, 32) (ultimate=(14, 48))
[CROP] East-crawl densify (30, 29) → (32, 29) (end=(31, 29), ultimate=(14, 48))
[CROP] Refill densify hop (30, 29) → (32, 29) (ultimate=(14, 48))
[CROP] East-crawl densify (30, 29) → (32, 29) (end=(31, 29), ultimate=(14, 48))
[CROP] East-crawl densify (30, 29) → (32, 29) (end=(31, 29), ultimate=(14, 48))
[CROP] Refill densify recover → (32, 29) from (30, 29) (no path)
[CROP] Past-fence densify south (31, 29) → (30, 32) (end=(30, 29), ultimate=(14, 48))
[CROP] Refill densify hop (31, 29) → (30, 32) (ultimate=(14, 48))
[CROP] East-crawl densify (30, 29) → (32, 29) (end=(31, 29), ultimate=(14, 48))
[CROP] Refill densify hop (30, 29) → (32, 29) (ultimate=(14, 48))
[CROP] East-crawl densify (30, 29) → (32, 29) (end=(31, 29), ultimate=(14, 48))
[CROP] East-crawl densify (30, 29) → (32, 29) (end=(31, 29), ultimate=(14, 48))
[CROP] Refill densify recover → (32, 29) from (30, 29) (no path)
[CROP] Past-fence densify south (31, 29) → (30, 32) (end=(30, 29), ultimate=(14, 48))
[CROP] Refill densify hop (31, 29) → (30, 32) (ultimate=(14, 48))
[CROP] East-crawl densify (30, 29) → (32, 29) (end=(31, 29), ultimate=(14, 48))
[CROP] Refill densify hop (30, 29) → (32, 29) (ultimate=(14, 48))
[CROP] East-crawl densify (30, 29) → (32, 29) (end=(31, 29), ultimate=(14, 48))
[CROP] East-crawl densify (30, 29) → (32, 29) (end=(31, 29), ultimate=(14, 48))
[CROP] Refill densify recover → (32, 29) from (30, 29) (no path)
[CROP] Past-fence densify south (31, 29) → (30, 32) (end=(30, 29), ultimate=(14, 48))
[CROP] Refill densify hop (31, 29) → (30, 32) (ultimate=(14, 48))
[CROP] East-crawl densify (30, 29) → (32, 29) (end=(31, 29), ultimate=(14, 48))
[CROP] Refill densify hop (30, 29) → (32, 29) (ultimate=(14, 48))
[CROP] East-crawl densify (30, 29) → (32, 29) (end=(31, 29), ultimate=(14, 48))
[CROP] East-crawl densify (30, 29) → (32, 29) (end=(31, 29), ultimate=(14, 48))
[CROP] Refill densify recover → (32, 29) from (30, 29) (no path)
[CROP] Past-fence densify south (31, 29) → (30, 32) (end=(30, 29), ultimate=(14, 48))
[CROP] Refill densify hop (31, 29) → (30, 32) (ultimate=(14, 48))
[CROP] East-crawl densify (30, 29) → (32, 29) (end=(31, 29), ultimate=(14, 48))
[CROP] Refill densify hop (30, 29) → (32, 29) (ultimate=(14, 48))
[CROP] East-crawl densify (30, 29) → (32, 29) (end=(31, 29), ultimate=(14, 48))
[CROP] East-crawl densify (30, 29) → (32, 29) (end=(31, 29), ultimate=(14, 48))
[CROP] Refill densify recover → (32, 29) from (30, 29) (no path)
[CROP] Past-fence densify south (31, 29) → (30, 32) (end=(30, 29), ultimate=(14, 48))
[CROP] Refill densify hop (31, 29) → (30, 32) (ultimate=(14, 48))
[CROP] East-crawl densify (30, 29) → (32, 29) (end=(31, 29), ultimate=(14, 48))
[CROP] Refill densify hop (30, 29) → (32, 29) (ultimate=(14, 48))
[CROP] East-crawl densify (30, 29) → (32, 29) (end=(31, 29), ultimate=(14, 48))
[CROP] East-crawl densify (30, 29) → (32, 29) (end=(31, 29), ultimate=(14, 48))
[CROP] Refill densify recover → (32, 29) from (30, 29) (no path)
[CROP] Past-fence densify south (31, 29) → (30, 32) (end=(30, 29), ultimate=(14, 48))
[CROP] Refill densify hop (31, 29) → (30, 32) (ultimate=(14, 48))
[CROP] East-crawl densify (30, 29) → (32, 29) (end=(31, 29), ultimate=(14, 48))
[CROP] Refill densify hop (30, 29) → (32, 29) (ultimate=(14, 48))
[CROP] East-crawl densify (30, 29) → (32, 29) (end=(31, 29), ultimate=(14, 48))
[CROP] East-crawl densify (30, 29) → (32, 29) (end=(31, 29), ultimate=(14, 48))
[CROP] Refill densify recover → (32, 29) from (30, 29) (no path)
[CROP] Past-fence densify south (31, 29) → (30, 32) (end=(30, 29), ultimate=(14, 48))
[CROP] Refill densify hop (31, 29) → (30, 32) (ultimate=(14, 48))
[CROP] East-crawl densify (30, 29) → (32, 29) (end=(31, 29), ultimate=(14, 48))
[CROP] Refill densify hop (30, 29) → (32, 29) (ultimate=(14, 48))
[CROP] East-crawl densify (30, 29) → (32, 29) (end=(31, 29), ultimate=(14, 48))
[CROP] East-crawl densify (30, 29) → (32, 29) (end=(31, 29), ultimate=(14, 48))
[CROP] Refill densify recover → (32, 29) from (30, 29) (no path)
[CROP] Past-fence densify south (31, 29) → (30, 32) (end=(30, 29), ultimate=(14, 48))
[CROP] Refill densify hop (31, 29) → (30, 32) (ultimate=(14, 48))
[CROP] East-crawl densify (30, 29) → (32, 29) (end=(31, 29), ultimate=(14, 48))
[CROP] Refill densify hop (30, 29) → (32, 29) (ultimate=(14, 48))
[CROP] East-crawl densify (30, 29) → (32, 29) (end=(31, 29), ultimate=(14, 48))
[CROP] East-crawl densify (30, 29) → (32, 29) (end=(31, 29), ultimate=(14, 48))
[CROP] Refill densify recover → (32, 29) from (30, 29) (no path)
[CROP] Past-fence densify south (31, 29) → (30, 32) (end=(30, 29), ultimate=(14, 48))
[CROP] Refill densify hop (31, 29) → (30, 32) (ultimate=(14, 48))
[CROP] East-crawl densify (30, 29) → (32, 29) (end=(31, 29), ultimate=(14, 48))
[CROP] Refill densify hop (30, 29) → (32, 29) (ultimate=(14, 48))
[CROP] East-crawl densify (30, 29) → (32, 29) (end=(31, 29), ultimate=(14, 48))
[CROP] East-crawl densify (30, 29) → (32, 29) (end=(31, 29), ultimate=(14, 48))
[CROP] Refill densify recover → (32, 29) from (30, 29) (no path)
[CROP] Past-fence densify south (31, 29) → (30, 32) (end=(30, 29), ultimate=(14, 48))
[CROP] Refill densify hop (31, 29) → (30, 32) (ultimate=(14, 48))
[CROP] East-crawl densify (30, 29) → (32, 29) (end=(31, 29), ultimate=(14, 48))
[CROP] Refill densify hop (30, 29) → (32, 29) (ultimate=(14, 48))
[CROP] East-crawl densify (30, 29) → (32, 29) (end=(31, 29), ultimate=(14, 48))
[CROP] East-crawl densify (30, 29) → (32, 29) (end=(31, 29), ultimate=(14, 48))
[CROP] Refill densify recover → (32, 29) from (30, 29) (no path)
[CROP] Past-fence densify south (31, 29) → (30, 32) (end=(30, 29), ultimate=(14, 48))
[CROP] Refill densify hop (31, 29) → (30, 32) (ultimate=(14, 48))
[CROP] East-crawl densify (30, 29) → (32, 29) (end=(31, 29), ultimate=(14, 48))
[CROP] Refill densify hop (30, 29) → (32, 29) (ultimate=(14, 48))
[CROP] East-crawl densify (30, 29) → (32, 29) (end=(31, 29), ultimate=(14, 48))
[CROP] East-crawl densify (30, 29) → (32, 29) (end=(31, 29), ultimate=(14, 48))
[CROP] Refill densify recover → (32, 29) from (30, 29) (no path)
[CROP] Past-fence densify south (31, 29) → (30, 32) (end=(30, 29), ultimate=(14, 48))
[CROP] Refill densify hop (31, 29) → (30, 32) (ultimate=(14, 48))
[CROP] East-crawl densify (30, 29) → (32, 29) (end=(31, 29), ultimate=(14, 48))
[CROP] Refill densify hop (30, 29) → (32, 29) (ultimate=(14, 48))
[CROP] East-crawl densify (30, 29) → (32, 29) (end=(31, 29), ultimate=(14, 48))
[CROP] East-crawl densify (30, 29) → (32, 29) (end=(31, 29), ultimate=(14, 48))
[CROP] Refill densify recover → (32, 29) from (30, 29) (no path)
[CROP] Past-fence densify south (31, 29) → (30, 32) (end=(30, 29), ultimate=(14, 48))
[CROP] Refill densify hop (31, 29) → (30, 32) (ultimate=(14, 48))
[CROP] East-crawl densify (30, 29) → (32, 29) (end=(31, 29), ultimate=(14, 48))
[CROP] Refill densify hop (30, 29) → (32, 29) (ultimate=(14, 48))
[CROP] East-crawl densify (30, 29) → (32, 29) (end=(31, 29), ultimate=(14, 48))
[CROP] East-crawl densify (30, 29) → (32, 29) (end=(31, 29), ultimate=(14, 48))
[CROP] Refill densify recover → (32, 29) from (30, 29) (no path)
[CROP] Past-fence densify south (31, 29) → (30, 32) (end=(30, 29), ultimate=(14, 48))
[CROP] Refill densify hop (31, 29) → (30, 32) (ultimate=(14, 48))
[CROP] East-crawl densify (30, 29) → (32, 29) (end=(31, 29), ultimate=(14, 48))
[CROP] Refill densify hop (30, 29) → (32, 29) (ultimate=(14, 48))
[CROP] East-crawl densify (30, 29) → (32, 29) (end=(31, 29), ultimate=(14, 48))
[CROP] East-crawl densify (30, 29) → (32, 29) (end=(31, 29), ultimate=(14, 48))
[CROP] Refill densify recover → (32, 29) from (30, 29) (no path)
[CROP] Past-fence densify south (31, 29) → (30, 32) (end=(30, 29), ultimate=(14, 48))
[CROP] Refill densify hop (31, 29) → (30, 32) (ultimate=(14, 48))
[CROP] East-crawl densify (30, 29) → (32, 29) (end=(31, 29), ultimate=(14, 48))
[CROP] Refill densify hop (30, 29) → (32, 29) (ultimate=(14, 48))
[CROP] East-crawl densify (30, 29) → (32, 29) (end=(31, 29), ultimate=(14, 48))
[CROP] East-crawl densify (30, 29) → (32, 29) (end=(31, 29), ultimate=(14, 48))
[CROP] Refill densify recover → (32, 29) from (30, 29) (no path)
[CROP] Past-fence densify south (31, 29) → (30, 32) (end=(30, 29), ultimate=(14, 48))
[CROP] Refill densify hop (31, 29) → (30, 32) (ultimate=(14, 48))
[CROP] East-crawl densify (30, 29) → (32, 29) (end=(31, 29), ultimate=(14, 48))
[CROP] Refill densify hop (30, 29) → (32, 29) (ultimate=(14, 48))
[CROP] East-crawl densify (30, 29) → (32, 29) (end=(31, 29), ultimate=(14, 48))
[CROP] East-crawl densify (30, 29) → (32, 29) (end=(31, 29), ultimate=(14, 48))
[CROP] Refill densify recover → (32, 29) from (30, 29) (no path)
[CROP] Past-fence densify south (31, 29) → (30, 32) (end=(30, 29), ultimate=(14, 48))
[CROP] Refill densify hop (31, 29) → (30, 32) (ultimate=(14, 48))
[CROP] East-crawl densify (30, 29) → (32, 29) (end=(31, 29), ultimate=(14, 48))
[CROP] Refill densify hop (30, 29) → (32, 29) (ultimate=(14, 48))
[CROP] East-crawl densify (30, 29) → (32, 29) (end=(31, 29), ultimate=(14, 48))
[CROP] East-crawl densify (30, 29) → (32, 29) (end=(31, 29), ultimate=(14, 48))
[CROP] Refill densify recover → (32, 29) from (30, 29) (no path)
[CROP] Past-fence densify south (31, 29) → (30, 32) (end=(30, 29), ultimate=(14, 48))
[CROP] Refill densify hop (31, 29) → (30, 32) (ultimate=(14, 48))
[CROP] East-crawl densify (30, 29) → (32, 29) (end=(31, 29), ultimate=(14, 48))
[CROP] Refill densify hop (30, 29) → (32, 29) (ultimate=(14, 48))
[CROP] East-crawl densify (30, 29) → (32, 29) (end=(31, 29), ultimate=(14, 48))
[CROP] East-crawl densify (30, 29) → (32, 29) (end=(31, 29), ultimate=(14, 48))
[CROP] Refill densify recover → (32, 29) from (30, 29) (no path)
[CROP] Past-fence densify south (31, 29) → (30, 32) (end=(30, 29), ultimate=(14, 48))
[CROP] Refill densify hop (31, 29) → (30, 32) (ultimate=(14, 48))
[CROP] East-crawl densify (30, 29) → (32, 29) (end=(31, 29), ultimate=(14, 48))
[CROP] Refill densify hop (30, 29) → (32, 29) (ultimate=(14, 48))
[CROP] East-crawl densify (30, 29) → (32, 29) (end=(31, 29), ultimate=(14, 48))
[CROP] East-crawl densify (30, 29) → (32, 29) (end=(31, 29), ultimate=(14, 48))
[CROP] Refill densify recover → (32, 29) from (30, 29) (no path)
[CROP] Past-fence densify south (31, 29) → (30, 32) (end=(30, 29), ultimate=(14, 48))
[CROP] Refill densify hop (31, 29) → (30, 32) (ultimate=(14, 48))
[CROP] East-crawl densify (30, 29) → (32, 29) (end=(31, 29), ultimate=(14, 48))
[CROP] Refill densify hop (30, 29) → (32, 29) (ultimate=(14, 48))
[CROP] East-crawl densify (30, 29) → (32, 29) (end=(31, 29), ultimate=(14, 48))
[CROP] East-crawl densify (30, 29) → (32, 29) (end=(31, 29), ultimate=(14, 48))
[CROP] Refill densify recover → (32, 29) from (30, 29) (no path)
[CROP] Past-fence densify south (31, 29) → (30, 32) (end=(30, 29), ultimate=(14, 48))
[CROP] Refill densify hop (31, 29) → (30, 32) (ultimate=(14, 48))
[CROP] East-crawl densify (30, 29) → (32, 29) (end=(31, 29), ultimate=(14, 48))
[CROP] Refill densify hop (30, 29) → (32, 29) (ultimate=(14, 48))
[CROP] East-crawl densify (30, 29) → (32, 29) (end=(31, 29), ultimate=(14, 48))
[CROP] East-crawl densify (30, 29) → (32, 29) (end=(31, 29), ultimate=(14, 48))
[CROP] Refill densify recover → (32, 29) from (30, 29) (no path)
[CROP] Past-fence densify south (31, 29) → (30, 32) (end=(30, 29), ultimate=(14, 48))
[CROP] Refill densify hop (31, 29) → (30, 32) (ultimate=(14, 48))
[CROP] East-crawl densify (30, 29) → (32, 29) (end=(31, 29), ultimate=(14, 48))
[CROP] Refill densify hop (30, 29) → (32, 29) (ultimate=(14, 48))
[CROP] East-crawl densify (30, 29) → (32, 29) (end=(31, 29), ultimate=(14, 48))
[CROP] East-crawl densify (30, 29) → (32, 29) (end=(31, 29), ultimate=(14, 48))
[CROP] Refill densify recover → (32, 29) from (30, 29) (no path)
[CROP] Past-fence densify south (31, 29) → (30, 32) (end=(30, 29), ultimate=(14, 48))
[CROP] Refill densify hop (31, 29) → (30, 32) (ultimate=(14, 48))
[CROP] East-crawl densify (30, 29) → (32, 29) (end=(31, 29), ultimate=(14, 48))
[CROP] Refill densify hop (30, 29) → (32, 29) (ultimate=(14, 48))
[CROP] East-crawl densify (30, 29) → (32, 29) (end=(31, 29), ultimate=(14, 48))
[CROP] East-crawl densify (30, 29) → (32, 29) (end=(31, 29), ultimate=(14, 48))
[CROP] Refill densify recover → (32, 29) from (30, 29) (no path)
[CROP] Past-fence densify south (31, 29) → (30, 32) (end=(30, 29), ultimate=(14, 48))
[CROP] Refill densify hop (31, 29) → (30, 32) (ultimate=(14, 48))
[CROP] East-crawl densify (30, 29) → (32, 29) (end=(31, 29), ultimate=(14, 48))
[CROP] Refill densify hop (30, 29) → (32, 29) (ultimate=(14, 48))
[CROP] East-crawl densify (30, 29) → (32, 29) (end=(31, 29), ultimate=(14, 48))
[CROP] East-crawl densify (30, 29) → (32, 29) (end=(31, 29), ultimate=(14, 48))
[CROP] Refill densify recover → (32, 29) from (30, 29) (no path)
[CROP] Past-fence densify south (31, 29) → (30, 32) (end=(30, 29), ultimate=(14, 48))
[CROP] Refill densify hop (31, 29) → (30, 32) (ultimate=(14, 48))
[CROP] East-crawl densify (30, 29) → (32, 29) (end=(31, 29), ultimate=(14, 48))
[CROP] Refill densify hop (30, 29) → (32, 29) (ultimate=(14, 48))
[CROP] East-crawl densify (30, 29) → (32, 29) (end=(31, 29), ultimate=(14, 48))
[CROP] East-crawl densify (30, 29) → (32, 29) (end=(31, 29), ultimate=(14, 48))
[CROP] Refill densify recover → (32, 29) from (30, 29) (no path)
[CROP] Past-fence densify south (31, 29) → (30, 32) (end=(30, 29), ultimate=(14, 48))
[CROP] Refill densify hop (31, 29) → (30, 32) (ultimate=(14, 48))
[CROP] East-crawl densify (30, 29) → (32, 29) (end=(31, 29), ultimate=(14, 48))
[CROP] Refill densify hop (30, 29) → (32, 29) (ultimate=(14, 48))
[CROP] East-crawl densify (30, 29) → (32, 29) (end=(31, 29), ultimate=(14, 48))
[CROP] East-crawl densify (30, 29) → (32, 29) (end=(31, 29), ultimate=(14, 48))
[CROP] Refill densify recover → (32, 29) from (30, 29) (no path)
[CROP] Past-fence densify south (31, 29) → (30, 32) (end=(30, 29), ultimate=(14, 48))
[CROP] Refill densify hop (31, 29) → (30, 32) (ultimate=(14, 48))
[CROP] East-crawl densify (30, 29) → (32, 29) (end=(31, 29), ultimate=(14, 48))
[CROP] Refill densify hop (30, 29) → (32, 29) (ultimate=(14, 48))
[CROP] East-crawl densify (30, 29) → (32, 29) (end=(31, 29), ultimate=(14, 48))
[CROP] East-crawl densify (30, 29) → (32, 29) (end=(31, 29), ultimate=(14, 48))
[CROP] Refill densify recover → (32, 29) from (30, 29) (no path)
[CROP] Past-fence densify south (31, 29) → (30, 32) (end=(30, 29), ultimate=(14, 48))
[CROP] Refill densify hop (31, 29) → (30, 32) (ultimate=(14, 48))
[CROP] East-crawl densify (30, 29) → (32, 29) (end=(31, 29), ultimate=(14, 48))
[CROP] Refill densify hop (30, 29) → (32, 29) (ultimate=(14, 48))
[CROP] East-crawl densify (30, 29) → (32, 29) (end=(31, 29), ultimate=(14, 48))
[CROP] East-crawl densify (30, 29) → (32, 29) (end=(31, 29), ultimate=(14, 48))
[CROP] Refill densify recover → (32, 29) from (30, 29) (no path)
[CROP] Past-fence densify south (31, 29) → (30, 32) (end=(30, 29), ultimate=(14, 48))
[CROP] Refill densify hop (31, 29) → (30, 32) (ultimate=(14, 48))
[CROP] East-crawl densify (30, 29) → (32, 29) (end=(31, 29), ultimate=(14, 48))
[CROP] Refill densify hop (30, 29) → (32, 29) (ultimate=(14, 48))
[CROP] East-crawl densify (30, 29) → (32, 29) (end=(31, 29), ultimate=(14, 48))
[CROP] East-crawl densify (30, 29) → (32, 29) (end=(31, 29), ultimate=(14, 48))
[CROP] Refill densify recover → (32, 29) from (30, 29) (no path)
[CROP] Past-fence densify south (31, 29) → (30, 32) (end=(30, 29), ultimate=(14, 48))
[CROP] Refill densify hop (31, 29) → (30, 32) (ultimate=(14, 48))
[CROP] East-crawl densify (30, 29) → (32, 29) (end=(31, 29), ultimate=(14, 48))
[CROP] Refill densify hop (30, 29) → (32, 29) (ultimate=(14, 48))
[CROP] East-crawl densify (30, 29) → (32, 29) (end=(31, 29), ultimate=(14, 48))
[CROP] East-crawl densify (30, 29) → (32, 29) (end=(31, 29), ultimate=(14, 48))
[CROP] Refill densify recover → (32, 29) from (30, 29) (no path)
[CROP] Past-fence densify south (31, 29) → (30, 32) (end=(30, 29), ultimate=(14, 48))
[CROP] Refill densify hop (31, 29) → (30, 32) (ultimate=(14, 48))
[CROP] East-crawl densify (30, 29) → (32, 29) (end=(31, 29), ultimate=(14, 48))
[CROP] Refill densify hop (30, 29) → (32, 29) (ultimate=(14, 48))
[CROP] East-crawl densify (30, 29) → (32, 29) (end=(31, 29), ultimate=(14, 48))
[CROP] East-crawl densify (30, 29) → (32, 29) (end=(31, 29), ultimate=(14, 48))
[CROP] Refill densify recover → (32, 29) from (30, 29) (no path)
[CROP] Past-fence densify south (31, 29) → (30, 32) (end=(30, 29), ultimate=(14, 48))
[CROP] Refill densify hop (31, 29) → (30, 32) (ultimate=(14, 48))
[CROP] East-crawl densify (30, 29) → (32, 29) (end=(31, 29), ultimate=(14, 48))
[CROP] Refill densify hop (30, 29) → (32, 29) (ultimate=(14, 48))
[CROP] East-crawl densify (30, 29) → (32, 29) (end=(31, 29), ultimate=(14, 48))
[CROP] East-crawl densify (30, 29) → (32, 29) (end=(31, 29), ultimate=(14, 48))
[CROP] Refill densify recover → (32, 29) from (30, 29) (no path)
[CROP] Past-fence densify south (31, 29) → (30, 32) (end=(30, 29), ultimate=(14, 48))
[CROP] Refill densify hop (31, 29) → (30, 32) (ultimate=(14, 48))
[CROP] East-crawl densify (30, 29) → (32, 29) (end=(31, 29), ultimate=(14, 48))
[CROP] Refill densify hop (30, 29) → (32, 29) (ultimate=(14, 48))
[CROP] East-crawl densify (30, 29) → (32, 29) (end=(31, 29), ultimate=(14, 48))
[CROP] East-crawl densify (30, 29) → (32, 29) (end=(31, 29), ultimate=(14, 48))
[CROP] Refill densify recover → (32, 29) from (30, 29) (no path)
[CROP] Past-fence densify south (31, 29) → (30, 32) (end=(30, 29), ultimate=(14, 48))
[CROP] Refill densify hop (31, 29) → (30, 32) (ultimate=(14, 48))
[CROP] East-crawl densify (30, 29) → (32, 29) (end=(31, 29), ultimate=(14, 48))
[CROP] Refill densify hop (30, 29) → (32, 29) (ultimate=(14, 48))
[CROP] East-crawl densify (30, 29) → (32, 29) (end=(31, 29), ultimate=(14, 48))
[CROP] East-crawl densify (30, 29) → (32, 29) (end=(31, 29), ultimate=(14, 48))
[CROP] Refill densify recover → (32, 29) from (30, 29) (no path)
[CROP] Past-fence densify south (31, 29) → (30, 32) (end=(30, 29), ultimate=(14, 48))
[CROP] Refill densify hop (31, 29) → (30, 32) (ultimate=(14, 48))
[CROP] East-crawl densify (30, 29) → (32, 29) (end=(31, 29), ultimate=(14, 48))
[CROP] Refill densify hop (30, 29) → (32, 29) (ultimate=(14, 48))
[CROP] East-crawl densify (30, 29) → (32, 29) (end=(31, 29), ultimate=(14, 48))
[CROP] East-crawl densify (30, 29) → (32, 29) (end=(31, 29), ultimate=(14, 48))
[CROP] Refill densify recover → (32, 29) from (30, 29) (no path)
[CROP] Past-fence densify south (31, 29) → (30, 32) (end=(30, 29), ultimate=(14, 48))
[CROP] Refill densify hop (31, 29) → (30, 32) (ultimate=(14, 48))
[CROP] East-crawl densify (30, 29) → (32, 29) (end=(31, 29), ultimate=(14, 48))
[CROP] Refill densify hop (30, 29) → (32, 29) (ultimate=(14, 48))
[CROP] East-crawl densify (30, 29) → (32, 29) (end=(31, 29), ultimate=(14, 48))
[CROP] East-crawl densify (30, 29) → (32, 29) (end=(31, 29), ultimate=(14, 48))
[CROP] Refill densify recover → (32, 29) from (30, 29) (no path)
[CROP] Past-fence densify south (31, 29) → (30, 32) (end=(30, 29), ultimate=(14, 48))
[CROP] Refill densify hop (31, 29) → (30, 32) (ultimate=(14, 48))
[CROP] East-crawl densify (30, 29) → (32, 29) (end=(31, 29), ultimate=(14, 48))
[CROP] Refill densify hop (30, 29) → (32, 29) (ultimate=(14, 48))
[CROP] East-crawl densify (30, 29) → (32, 29) (end=(31, 29), ultimate=(14, 48))
[CROP] East-crawl densify (30, 29) → (32, 29) (end=(31, 29), ultimate=(14, 48))
[CROP] Refill densify recover → (32, 29) from (30, 29) (no path)
[CROP] Past-fence densify south (31, 29) → (30, 32) (end=(30, 29), ultimate=(14, 48))
[CROP] Refill densify hop (31, 29) → (30, 32) (ultimate=(14, 48))
[CROP] East-crawl densify (30, 29) → (32, 29) (end=(31, 29), ultimate=(14, 48))
[CROP] Refill densify hop (30, 29) → (32, 29) (ultimate=(14, 48))
[CROP] East-crawl densify (30, 29) → (32, 29) (end=(31, 29), ultimate=(14, 48))
[CROP] East-crawl densify (30, 29) → (32, 29) (end=(31, 29), ultimate=(14, 48))
[CROP] Refill densify recover → (32, 29) from (30, 29) (no path)
[CROP] Past-fence densify south (31, 29) → (30, 32) (end=(30, 29), ultimate=(14, 48))
[CROP] Refill densify hop (31, 29) → (30, 32) (ultimate=(14, 48))
[CROP] East-crawl densify (30, 29) → (32, 29) (end=(31, 29), ultimate=(14, 48))
[CROP] Refill densify hop (30, 29) → (32, 29) (ultimate=(14, 48))
[CROP] East-crawl densify (30, 29) → (32, 29) (end=(31, 29), ultimate=(14, 48))
[CROP] East-crawl densify (30, 29) → (32, 29) (end=(31, 29), ultimate=(14, 48))
[CROP] Refill densify recover → (32, 29) from (30, 29) (no path)
[CROP] Past-fence densify south (31, 29) → (30, 32) (end=(30, 29), ultimate=(14, 48))
[CROP] Refill densify hop (31, 29) → (30, 32) (ultimate=(14, 48))
[CROP] East-crawl densify (30, 29) → (32, 29) (end=(31, 29), ultimate=(14, 48))
[CROP] Refill densify hop (30, 29) → (32, 29) (ultimate=(14, 48))
[CROP] East-crawl densify (30, 29) → (32, 29) (end=(31, 29), ultimate=(14, 48))
[CROP] East-crawl densify (30, 29) → (32, 29) (end=(31, 29), ultimate=(14, 48))
[CROP] Refill densify recover → (32, 29) from (30, 29) (no path)
[CROP] Past-fence densify south (31, 29) → (30, 32) (end=(30, 29), ultimate=(14, 48))
[CROP] Refill densify hop (31, 29) → (30, 32) (ultimate=(14, 48))
[CROP] East-crawl densify (30, 29) → (32, 29) (end=(31, 29), ultimate=(14, 48))
[CROP] Refill densify hop (30, 29) → (32, 29) (ultimate=(14, 48))
[CROP] East-crawl densify (30, 29) → (32, 29) (end=(31, 29), ultimate=(14, 48))
[CROP] East-crawl densify (30, 29) → (32, 29) (end=(31, 29), ultimate=(14, 48))
[CROP] Refill densify recover → (32, 29) from (30, 29) (no path)
[CROP] Past-fence densify south (31, 29) → (30, 32) (end=(30, 29), ultimate=(14, 48))
[CROP] Refill densify hop (31, 29) → (30, 32) (ultimate=(14, 48))
[CROP] East-crawl densify (30, 29) → (32, 29) (end=(31, 29), ultimate=(14, 48))
[CROP] Refill densify hop (30, 29) → (32, 29) (ultimate=(14, 48))
[CROP] East-crawl densify (30, 29) → (32, 29) (end=(31, 29), ultimate=(14, 48))
[CROP] East-crawl densify (30, 29) → (32, 29) (end=(31, 29), ultimate=(14, 48))
[CROP] Refill densify recover → (32, 29) from (30, 29) (no path)
[CROP] Past-fence densify south (31, 29) → (30, 32) (end=(30, 29), ultimate=(14, 48))
[CROP] Refill densify hop (31, 29) → (30, 32) (ultimate=(14, 48))
[CROP] East-crawl densify (30, 29) → (32, 29) (end=(31, 29), ultimate=(14, 48))
[CROP] Refill densify hop (30, 29) → (32, 29) (ultimate=(14, 48))
[CROP] East-crawl densify (30, 29) → (32, 29) (end=(31, 29), ultimate=(14, 48))
[CROP] East-crawl densify (30, 29) → (32, 29) (end=(31, 29), ultimate=(14, 48))
[CROP] Refill densify recover → (32, 29) from (30, 29) (no path)
[CROP] Past-fence densify south (31, 29) → (30, 32) (end=(30, 29), ultimate=(14, 48))
[CROP] Refill densify hop (31, 29) → (30, 32) (ultimate=(14, 48))
[CROP] East-crawl densify (30, 29) → (32, 29) (end=(31, 29), ultimate=(14, 48))
[CROP] Refill densify hop (30, 29) → (32, 29) (ultimate=(14, 48))
[CROP] East-crawl densify (30, 29) → (32, 29) (end=(31, 29), ultimate=(14, 48))
[CROP] East-crawl densify (30, 29) → (32, 29) (end=(31, 29), ultimate=(14, 48))
[CROP] Refill densify recover → (32, 29) from (30, 29) (no path)
[CROP] Past-fence densify south (31, 29) → (30, 32) (end=(30, 29), ultimate=(14, 48))
[CROP] Refill densify hop (31, 29) → (30, 32) (ultimate=(14, 48))
[CROP] East-crawl densify (30, 29) → (32, 29) (end=(31, 29), ultimate=(14, 48))
[CROP] Refill densify hop (30, 29) → (32, 29) (ultimate=(14, 48))
[CROP] East-crawl densify (30, 29) → (32, 29) (end=(31, 29), ultimate=(14, 48))
[CROP] East-crawl densify (30, 29) → (32, 29) (end=(31, 29), ultimate=(14, 48))
[CROP] Refill densify recover → (32, 29) from (30, 29) (no path)
[CROP] Past-fence densify south (31, 29) → (30, 32) (end=(30, 29), ultimate=(14, 48))
[CROP] Refill densify hop (31, 29) → (30, 32) (ultimate=(14, 48))
[CROP] East-crawl densify (30, 29) → (32, 29) (end=(31, 29), ultimate=(14, 48))
[CROP] Refill densify hop (30, 29) → (32, 29) (ultimate=(14, 48))
[CROP] East-crawl densify (30, 29) → (32, 29) (end=(31, 29), ultimate=(14, 48))
[CROP] East-crawl densify (30, 29) → (32, 29) (end=(31, 29), ultimate=(14, 48))
[CROP] Refill densify recover → (32, 29) from (30, 29) (no path)
[CROP] Past-fence densify south (31, 29) → (30, 32) (end=(30, 29), ultimate=(14, 48))
[CROP] Refill densify hop (31, 29) → (30, 32) (ultimate=(14, 48))
[CROP] East-crawl densify (30, 29) → (32, 29) (end=(31, 29), ultimate=(14, 48))
[CROP] Refill densify hop (30, 29) → (32, 29) (ultimate=(14, 48))
[CROP] East-crawl densify (30, 29) → (32, 29) (end=(31, 29), ultimate=(14, 48))
[CROP] East-crawl densify (30, 29) → (32, 29) (end=(31, 29), ultimate=(14, 48))
[CROP] Refill densify recover → (32, 29) from (30, 29) (no path)
[CROP] Past-fence densify south (31, 29) → (30, 32) (end=(30, 29), ultimate=(14, 48))
[CROP] Refill densify hop (31, 29) → (30, 32) (ultimate=(14, 48))
[CROP] East-crawl densify (30, 29) → (32, 29) (end=(31, 29), ultimate=(14, 48))
[CROP] Refill densify hop (30, 29) → (32, 29) (ultimate=(14, 48))
[CROP] East-crawl densify (30, 29) → (32, 29) (end=(31, 29), ultimate=(14, 48))
[CROP] East-crawl densify (30, 29) → (32, 29) (end=(31, 29), ultimate=(14, 48))
[CROP] Refill densify recover → (32, 29) from (30, 29) (no path)
[CROP] Past-fence densify south (31, 29) → (30, 32) (end=(30, 29), ultimate=(14, 48))
[CROP] Refill densify hop (31, 29) → (30, 32) (ultimate=(14, 48))
[CROP] East-crawl densify (30, 29) → (32, 29) (end=(31, 29), ultimate=(14, 48))
[CROP] Refill densify hop (30, 29) → (32, 29) (ultimate=(14, 48))
[CROP] East-crawl densify (30, 29) → (32, 29) (end=(31, 29), ultimate=(14, 48))
[CROP] East-crawl densify (30, 29) → (32, 29) (end=(31, 29), ultimate=(14, 48))
[CROP] Refill densify recover → (32, 29) from (30, 29) (no path)
[CROP] Past-fence densify south (31, 29) → (30, 32) (end=(30, 29), ultimate=(14, 48))
[CROP] Refill densify hop (31, 29) → (30, 32) (ultimate=(14, 48))
[CROP] East-crawl densify (30, 29) → (32, 29) (end=(31, 29), ultimate=(14, 48))
[CROP] Refill densify hop (30, 29) → (32, 29) (ultimate=(14, 48))
[CROP] East-crawl densify (30, 29) → (32, 29) (end=(31, 29), ultimate=(14, 48))
[CROP] East-crawl densify (30, 29) → (32, 29) (end=(31, 29), ultimate=(14, 48))
[CROP] Refill densify recover → (32, 29) from (30, 29) (no path)
[CROP] Past-fence densify south (31, 29) → (30, 32) (end=(30, 29), ultimate=(14, 48))
[CROP] Refill densify hop (31, 29) → (30, 32) (ultimate=(14, 48))
[CROP] East-crawl densify (30, 29) → (32, 29) (end=(31, 29), ultimate=(14, 48))
[CROP] Refill densify hop (30, 29) → (32, 29) (ultimate=(14, 48))
[CROP] East-crawl densify (30, 29) → (32, 29) (end=(31, 29), ultimate=(14, 48))
[CROP] East-crawl densify (30, 29) → (32, 29) (end=(31, 29), ultimate=(14, 48))
[CROP] Refill densify recover → (32, 29) from (30, 29) (no path)
[CROP] Past-fence densify south (31, 29) → (30, 32) (end=(30, 29), ultimate=(14, 48))
[CROP] Refill densify hop (31, 29) → (30, 32) (ultimate=(14, 48))
[CROP] East-crawl densify (30, 29) → (32, 29) (end=(31, 29), ultimate=(14, 48))
[CROP] Refill densify hop (30, 29) → (32, 29) (ultimate=(14, 48))
[CROP] East-crawl densify (30, 29) → (32, 29) (end=(31, 29), ultimate=(14, 48))
[CROP] East-crawl densify (30, 29) → (32, 29) (end=(31, 29), ultimate=(14, 48))
[CROP] Refill densify recover → (32, 29) from (30, 29) (no path)
[CROP] Past-fence densify south (31, 29) → (30, 32) (end=(30, 29), ultimate=(14, 48))
[CROP] Refill densify hop (31, 29) → (30, 32) (ultimate=(14, 48))
[CROP] East-crawl densify (30, 29) → (32, 29) (end=(31, 29), ultimate=(14, 48))
[CROP] Refill densify hop (30, 29) → (32, 29) (ultimate=(14, 48))
[CROP] East-crawl densify (30, 29) → (32, 29) (end=(31, 29), ultimate=(14, 48))
[CROP] East-crawl densify (30, 29) → (32, 29) (end=(31, 29), ultimate=(14, 48))
[CROP] Refill densify recover → (32, 29) from (30, 29) (no path)
[CROP] Past-fence densify south (31, 29) → (30, 32) (end=(30, 29), ultimate=(14, 48))
[CROP] Refill densify hop (31, 29) → (30, 32) (ultimate=(14, 48))
[CROP] East-crawl densify (30, 29) → (32, 29) (end=(31, 29), ultimate=(14, 48))
[CROP] Refill densify hop (30, 29) → (32, 29) (ultimate=(14, 48))
[CROP] East-crawl densify (30, 29) → (32, 29) (end=(31, 29), ultimate=(14, 48))
[CROP] East-crawl densify (30, 29) → (32, 29) (end=(31, 29), ultimate=(14, 48))
[CROP] Refill densify recover → (32, 29) from (30, 29) (no path)
[CROP] Past-fence densify south (31, 29) → (30, 32) (end=(30, 29), ultimate=(14, 48))
[CROP] Refill densify hop (31, 29) → (30, 32) (ultimate=(14, 48))
[CROP] East-crawl densify (30, 29) → (32, 29) (end=(31, 29), ultimate=(14, 48))
[CROP] Refill densify hop (30, 29) → (32, 29) (ultimate=(14, 48))
[CROP] East-crawl densify (30, 29) → (32, 29) (end=(31, 29), ultimate=(14, 48))
[CROP] East-crawl densify (30, 29) → (32, 29) (end=(31, 29), ultimate=(14, 48))
[CROP] Refill densify recover → (32, 29) from (30, 29) (no path)
[CROP] Past-fence densify south (31, 29) → (30, 32) (end=(30, 29), ultimate=(14, 48))
[CROP] Refill densify hop (31, 29) → (30, 32) (ultimate=(14, 48))
[CROP] East-crawl densify (30, 29) → (32, 29) (end=(31, 29), ultimate=(14, 48))
[CROP] Refill densify hop (30, 29) → (32, 29) (ultimate=(14, 48))
[CROP] East-crawl densify (30, 29) → (32, 29) (end=(31, 29), ultimate=(14, 48))
[CROP] East-crawl densify (30, 29) → (32, 29) (end=(31, 29), ultimate=(14, 48))
[CROP] Refill densify recover → (32, 29) from (30, 29) (no path)
[CROP] Past-fence densify south (31, 29) → (30, 32) (end=(30, 29), ultimate=(14, 48))
[CROP] Refill densify hop (31, 29) → (30, 32) (ultimate=(14, 48))
[CROP] East-crawl densify (30, 29) → (32, 29) (end=(31, 29), ultimate=(14, 48))
[CROP] Refill densify hop (30, 29) → (32, 29) (ultimate=(14, 48))
[CROP] East-crawl densify (30, 29) → (32, 29) (end=(31, 29), ultimate=(14, 48))
[CROP] East-crawl densify (30, 29) → (32, 29) (end=(31, 29), ultimate=(14, 48))
[CROP] Refill densify recover → (32, 29) from (30, 29) (no path)
[CROP] Past-fence densify south (31, 29) → (30, 32) (end=(30, 29), ultimate=(14, 48))
[CROP] Refill densify hop (31, 29) → (30, 32) (ultimate=(14, 48))
[CROP] East-crawl densify (30, 29) → (32, 29) (end=(31, 29), ultimate=(14, 48))
[CROP] Refill densify hop (30, 29) → (32, 29) (ultimate=(14, 48))
[CROP] East-crawl densify (30, 29) → (32, 29) (end=(31, 29), ultimate=(14, 48))
[CROP] East-crawl densify (30, 29) → (32, 29) (end=(31, 29), ultimate=(14, 48))
[CROP] Refill densify recover → (32, 29) from (30, 29) (no path)
[CROP] Past-fence densify south (31, 29) → (30, 32) (end=(30, 29), ultimate=(14, 48))
[CROP] Refill densify hop (31, 29) → (30, 32) (ultimate=(14, 48))
[CROP] East-crawl densify (30, 29) → (32, 29) (end=(31, 29), ultimate=(14, 48))
[CROP] Refill densify hop (30, 29) → (32, 29) (ultimate=(14, 48))
[CROP] East-crawl densify (30, 29) → (32, 29) (end=(31, 29), ultimate=(14, 48))
[CROP] East-crawl densify (30, 29) → (32, 29) (end=(31, 29), ultimate=(14, 48))
[CROP] Refill densify recover → (32, 29) from (30, 29) (no path)
[CROP] Past-fence densify south (31, 29) → (30, 32) (end=(30, 29), ultimate=(14, 48))
[CROP] Refill densify hop (31, 29) → (30, 32) (ultimate=(14, 48))
[CROP] East-crawl densify (30, 29) → (32, 29) (end=(31, 29), ultimate=(14, 48))
[CROP] Refill densify hop (30, 29) → (32, 29) (ultimate=(14, 48))
[CROP] East-crawl densify (30, 29) → (32, 29) (end=(31, 29), ultimate=(14, 48))
[CROP] East-crawl densify (30, 29) → (32, 29) (end=(31, 29), ultimate=(14, 48))
[CROP] Refill densify recover → (32, 29) from (30, 29) (no path)
[CROP] Past-fence densify south (31, 29) → (30, 32) (end=(30, 29), ultimate=(14, 48))
[CROP] Refill densify hop (31, 29) → (30, 32) (ultimate=(14, 48))
[CROP] East-crawl densify (30, 29) → (32, 29) (end=(31, 29), ultimate=(14, 48))
[CROP] Refill densify hop (30, 29) → (32, 29) (ultimate=(14, 48))
[CROP] East-crawl densify (30, 29) → (32, 29) (end=(31, 29), ultimate=(14, 48))
[CROP] East-crawl densify (30, 29) → (32, 29) (end=(31, 29), ultimate=(14, 48))
[CROP] Refill densify recover → (32, 29) from (30, 29) (no path)
[CROP] Past-fence densify south (31, 29) → (30, 32) (end=(30, 29), ultimate=(14, 48))
[CROP] Refill densify hop (31, 29) → (30, 32) (ultimate=(14, 48))
[CROP] East-crawl densify (30, 29) → (32, 29) (end=(31, 29), ultimate=(14, 48))
[CROP] Refill densify hop (30, 29) → (32, 29) (ultimate=(14, 48))
[CROP] East-crawl densify (30, 29) → (32, 29) (end=(31, 29), ultimate=(14, 48))
[CROP] East-crawl densify (30, 29) → (32, 29) (end=(31, 29), ultimate=(14, 48))
[CROP] Refill densify recover → (32, 29) from (30, 29) (no path)
[CROP] Past-fence densify south (31, 29) → (30, 32) (end=(30, 29), ultimate=(14, 48))
[CROP] Refill densify hop (31, 29) → (30, 32) (ultimate=(14, 48))
[CROP] East-crawl densify (30, 29) → (32, 29) (end=(31, 29), ultimate=(14, 48))
[CROP] Refill densify hop (30, 29) → (32, 29) (ultimate=(14, 48))
[CROP] East-crawl densify (30, 29) → (32, 29) (end=(31, 29), ultimate=(14, 48))
[CROP] East-crawl densify (30, 29) → (32, 29) (end=(31, 29), ultimate=(14, 48))
[CROP] Refill densify recover → (32, 29) from (30, 29) (no path)
[CROP] Past-fence densify south (31, 29) → (30, 32) (end=(30, 29), ultimate=(14, 48))
[CROP] Refill densify hop (31, 29) → (30, 32) (ultimate=(14, 48))
[CROP] East-crawl densify (30, 29) → (32, 29) (end=(31, 29), ultimate=(14, 48))
[CROP] Refill densify hop (30, 29) → (32, 29) (ultimate=(14, 48))
[CROP] East-crawl densify (30, 29) → (32, 29) (end=(31, 29), ultimate=(14, 48))
[CROP] East-crawl densify (30, 29) → (32, 29) (end=(31, 29), ultimate=(14, 48))
[CROP] Refill densify recover → (32, 29) from (30, 29) (no path)
[CROP] Past-fence densify south (31, 29) → (30, 32) (end=(30, 29), ultimate=(14, 48))
[CROP] Refill densify hop (31, 29) → (30, 32) (ultimate=(14, 48))
[CROP] East-crawl densify (30, 29) → (32, 29) (end=(31, 29), ultimate=(14, 48))
[CROP] Refill densify hop (30, 29) → (32, 29) (ultimate=(14, 48))
[CROP] East-crawl densify (30, 29) → (32, 29) (end=(31, 29), ultimate=(14, 48))
[CROP] East-crawl densify (30, 29) → (32, 29) (end=(31, 29), ultimate=(14, 48))
[CROP] Refill densify recover → (32, 29) from (30, 29) (no path)
[CROP] Past-fence densify south (31, 29) → (30, 32) (end=(30, 29), ultimate=(14, 48))
[CROP] Refill densify hop (31, 29) → (30, 32) (ultimate=(14, 48))
[CROP] East-crawl densify (30, 29) → (32, 29) (end=(31, 29), ultimate=(14, 48))
[CROP] Refill densify hop (30, 29) → (32, 29) (ultimate=(14, 48))
[CROP] East-crawl densify (30, 29) → (32, 29) (end=(31, 29), ultimate=(14, 48))
[CROP] East-crawl densify (30, 29) → (32, 29) (end=(31, 29), ultimate=(14, 48))
[CROP] Refill densify recover → (32, 29) from (30, 29) (no path)
[CROP] Past-fence densify south (31, 29) → (30, 32) (end=(30, 29), ultimate=(14, 48))
[CROP] Refill densify hop (31, 29) → (30, 32) (ultimate=(14, 48))
[CROP] East-crawl densify (30, 29) → (32, 29) (end=(31, 29), ultimate=(14, 48))
[CROP] Refill densify hop (30, 29) → (32, 29) (ultimate=(14, 48))
[CROP] East-crawl densify (30, 29) → (32, 29) (end=(31, 29), ultimate=(14, 48))
[CROP] East-crawl densify (30, 29) → (32, 29) (end=(31, 29), ultimate=(14, 48))
[CROP] Refill densify recover → (32, 29) from (30, 29) (no path)
[CROP] Past-fence densify south (31, 29) → (30, 32) (end=(30, 29), ultimate=(14, 48))
[CROP] Refill densify hop (31, 29) → (30, 32) (ultimate=(14, 48))
[CROP] East-crawl densify (30, 29) → (32, 29) (end=(31, 29), ultimate=(14, 48))
[CROP] Refill densify hop (30, 29) → (32, 29) (ultimate=(14, 48))
[CROP] East-crawl densify (30, 29) → (32, 29) (end=(31, 29), ultimate=(14, 48))
[CROP] East-crawl densify (30, 29) → (32, 29) (end=(31, 29), ultimate=(14, 48))
[CROP] Refill densify recover → (32, 29) from (30, 29) (no path)
[CROP] Past-fence densify south (31, 29) → (30, 32) (end=(30, 29), ultimate=(14, 48))
[CROP] Refill densify hop (31, 29) → (30, 32) (ultimate=(14, 48))
[CROP] East-crawl densify (30, 29) → (32, 29) (end=(31, 29), ultimate=(14, 48))
[CROP] Refill densify hop (30, 29) → (32, 29) (ultimate=(14, 48))
[CROP] East-crawl densify (30, 29) → (32, 29) (end=(31, 29), ultimate=(14, 48))
[CROP] East-crawl densify (30, 29) → (32, 29) (end=(31, 29), ultimate=(14, 48))
[CROP] Refill densify recover → (32, 29) from (30, 29) (no path)
[CROP] Past-fence densify south (31, 29) → (30, 32) (end=(30, 29), ultimate=(14, 48))
[CROP] Refill densify hop (31, 29) → (30, 32) (ultimate=(14, 48))
[CROP] East-crawl densify (30, 29) → (32, 29) (end=(31, 29), ultimate=(14, 48))
[CROP] Refill densify hop (30, 29) → (32, 29) (ultimate=(14, 48))
[CROP] East-crawl densify (30, 29) → (32, 29) (end=(31, 29), ultimate=(14, 48))
[CROP] East-crawl densify (30, 29) → (32, 29) (end=(31, 29), ultimate=(14, 48))
[CROP] Refill densify recover → (32, 29) from (30, 29) (no path)
[CROP] Past-fence densify south (31, 29) → (30, 32) (end=(30, 29), ultimate=(14, 48))
[CROP] Refill densify hop (31, 29) → (30, 32) (ultimate=(14, 48))
[CROP] East-crawl densify (30, 29) → (32, 29) (end=(31, 29), ultimate=(14, 48))
[CROP] Refill densify hop (30, 29) → (32, 29) (ultimate=(14, 48))
[CROP] East-crawl densify (30, 29) → (32, 29) (end=(31, 29), ultimate=(14, 48))
[CROP] East-crawl densify (30, 29) → (32, 29) (end=(31, 29), ultimate=(14, 48))
[CROP] Refill densify recover → (32, 29) from (30, 29) (no path)
[CROP] Past-fence densify south (31, 29) → (30, 32) (end=(30, 29), ultimate=(14, 48))
[CROP] Refill densify hop (31, 29) → (30, 32) (ultimate=(14, 48))
[CROP] East-crawl densify (30, 29) → (32, 29) (end=(31, 29), ultimate=(14, 48))
[CROP] Refill densify hop (30, 29) → (32, 29) (ultimate=(14, 48))
[CROP] East-crawl densify (30, 29) → (32, 29) (end=(31, 29), ultimate=(14, 48))
[CROP] East-crawl densify (30, 29) → (32, 29) (end=(31, 29), ultimate=(14, 48))
[CROP] Refill densify recover → (32, 29) from (30, 29) (no path)
[CROP] Past-fence densify south (31, 29) → (30, 32) (end=(30, 29), ultimate=(14, 48))
[CROP] Refill densify hop (31, 29) → (30, 32) (ultimate=(14, 48))
[CROP] East-crawl densify (30, 29) → (32, 29) (end=(31, 29), ultimate=(14, 48))
[CROP] Refill densify hop (30, 29) → (32, 29) (ultimate=(14, 48))
[CROP] East-crawl densify (30, 29) → (32, 29) (end=(31, 29), ultimate=(14, 48))
[CROP] East-crawl densify (30, 29) → (32, 29) (end=(31, 29), ultimate=(14, 48))
[CROP] Refill densify recover → (32, 29) from (30, 29) (no path)
[CROP] Past-fence densify south (31, 29) → (30, 32) (end=(30, 29), ultimate=(14, 48))
[CROP] Refill densify hop (31, 29) → (30, 32) (ultimate=(14, 48))
[CROP] East-crawl densify (30, 29) → (32, 29) (end=(31, 29), ultimate=(14, 48))
[CROP] Refill densify hop (30, 29) → (32, 29) (ultimate=(14, 48))
[CROP] East-crawl densify (30, 29) → (32, 29) (end=(31, 29), ultimate=(14, 48))
[CROP] East-crawl densify (30, 29) → (32, 29) (end=(31, 29), ultimate=(14, 48))
[CROP] Refill densify recover → (32, 29) from (30, 29) (no path)
[CROP] Past-fence densify south (31, 29) → (30, 32) (end=(30, 29), ultimate=(14, 48))
[CROP] Refill densify hop (31, 29) → (30, 32) (ultimate=(14, 48))
[CROP] East-crawl densify (30, 29) → (32, 29) (end=(31, 29), ultimate=(14, 48))
[CROP] Refill densify hop (30, 29) → (32, 29) (ultimate=(14, 48))
[CROP] East-crawl densify (30, 29) → (32, 29) (end=(31, 29), ultimate=(14, 48))
[CROP] East-crawl densify (30, 29) → (32, 29) (end=(31, 29), ultimate=(14, 48))
[CROP] Refill densify recover → (32, 29) from (30, 29) (no path)
[CROP] Past-fence densify south (31, 29) → (30, 32) (end=(30, 29), ultimate=(14, 48))
[CROP] Refill densify hop (31, 29) → (30, 32) (ultimate=(14, 48))
[CROP] East-crawl densify (30, 29) → (32, 29) (end=(31, 29), ultimate=(14, 48))
[CROP] Refill densify hop (30, 29) → (32, 29) (ultimate=(14, 48))
[CROP] East-crawl densify (30, 29) → (32, 29) (end=(31, 29), ultimate=(14, 48))
[CROP] East-crawl densify (30, 29) → (32, 29) (end=(31, 29), ultimate=(14, 48))
[CROP] Refill densify recover → (32, 29) from (30, 29) (no path)
[CROP] Past-fence densify south (31, 29) → (30, 32) (end=(30, 29), ultimate=(14, 48))
[CROP] Refill densify hop (31, 29) → (30, 32) (ultimate=(14, 48))
[CROP] East-crawl densify (30, 29) → (32, 29) (end=(31, 29), ultimate=(14, 48))
[CROP] Refill densify hop (30, 29) → (32, 29) (ultimate=(14, 48))
[CROP] East-crawl densify (30, 29) → (32, 29) (end=(31, 29), ultimate=(14, 48))
[CROP] East-crawl densify (30, 29) → (32, 29) (end=(31, 29), ultimate=(14, 48))
[CROP] Refill densify recover → (32, 29) from (30, 29) (no path)
[CROP] Past-fence densify south (31, 29) → (30, 32) (end=(30, 29), ultimate=(14, 48))
[CROP] Refill densify hop (31, 29) → (30, 32) (ultimate=(14, 48))
[CROP] East-crawl densify (30, 29) → (32, 29) (end=(31, 29), ultimate=(14, 48))
[CROP] Refill densify hop (30, 29) → (32, 29) (ultimate=(14, 48))
[CROP] East-crawl densify (30, 29) → (32, 29) (end=(31, 29), ultimate=(14, 48))
[CROP] East-crawl densify (30, 29) → (32, 29) (end=(31, 29), ultimate=(14, 48))
[CROP] Refill densify recover → (32, 29) from (30, 29) (no path)
[CROP] Past-fence densify south (31, 29) → (30, 32) (end=(30, 29), ultimate=(14, 48))
[CROP] Refill densify hop (31, 29) → (30, 32) (ultimate=(14, 48))
[CROP] East-crawl densify (30, 29) → (32, 29) (end=(31, 29), ultimate=(14, 48))
[CROP] Refill densify hop (30, 29) → (32, 29) (ultimate=(14, 48))
[CROP] East-crawl densify (30, 29) → (32, 29) (end=(31, 29), ultimate=(14, 48))
[CROP] East-crawl densify (30, 29) → (32, 29) (end=(31, 29), ultimate=(14, 48))
[CROP] Refill densify recover → (32, 29) from (30, 29) (no path)
[CROP] Past-fence densify south (31, 29) → (30, 32) (end=(30, 29), ultimate=(14, 48))
[CROP] Refill densify hop (31, 29) → (30, 32) (ultimate=(14, 48))
[CROP] East-crawl densify (30, 29) → (32, 29) (end=(31, 29), ultimate=(14, 48))
[CROP] Refill densify hop (30, 29) → (32, 29) (ultimate=(14, 48))
[CROP] East-crawl densify (30, 29) → (32, 29) (end=(31, 29), ultimate=(14, 48))
[CROP] East-crawl densify (30, 29) → (32, 29) (end=(31, 29), ultimate=(14, 48))
[CROP] Refill densify recover → (32, 29) from (30, 29) (no path)
[CROP] Past-fence densify south (31, 29) → (30, 32) (end=(30, 29), ultimate=(14, 48))
[CROP] Refill densify hop (31, 29) → (30, 32) (ultimate=(14, 48))
[CROP] East-crawl densify (30, 29) → (32, 29) (end=(31, 29), ultimate=(14, 48))
[CROP] Refill densify hop (30, 29) → (32, 29) (ultimate=(14, 48))
[CROP] East-crawl densify (30, 29) → (32, 29) (end=(31, 29), ultimate=(14, 48))
[CROP] East-crawl densify (30, 29) → (32, 29) (end=(31, 29), ultimate=(14, 48))
[CROP] Refill densify recover → (32, 29) from (30, 29) (no path)
[CROP] Past-fence densify south (31, 29) → (30, 32) (end=(30, 29), ultimate=(14, 48))
[CROP] Refill densify hop (31, 29) → (30, 32) (ultimate=(14, 48))
[CROP] East-crawl densify (30, 29) → (32, 29) (end=(31, 29), ultimate=(14, 48))
[CROP] Refill densify hop (30, 29) → (32, 29) (ultimate=(14, 48))
[CROP] East-crawl densify (30, 29) → (32, 29) (end=(31, 29), ultimate=(14, 48))
[CROP] East-crawl densify (30, 29) → (32, 29) (end=(31, 29), ultimate=(14, 48))
[CROP] Refill densify recover → (32, 29) from (30, 29) (no path)
[CROP] Past-fence densify south (31, 29) → (30, 32) (end=(30, 29), ultimate=(14, 48))
[CROP] Refill densify hop (31, 29) → (30, 32) (ultimate=(14, 48))
[CROP] East-crawl densify (30, 29) → (32, 29) (end=(31, 29), ultimate=(14, 48))
[CROP] Refill densify hop (30, 29) → (32, 29) (ultimate=(14, 48))
[CROP] East-crawl densify (30, 29) → (32, 29) (end=(31, 29), ultimate=(14, 48))
[CROP] East-crawl densify (30, 29) → (32, 29) (end=(31, 29), ultimate=(14, 48))
[CROP] Refill densify recover → (32, 29) from (30, 29) (no path)
[CROP] Past-fence densify south (31, 29) → (30, 32) (end=(30, 29), ultimate=(14, 48))
[CROP] Refill densify hop (31, 29) → (30, 32) (ultimate=(14, 48))
[CROP] East-crawl densify (30, 29) → (32, 29) (end=(31, 29), ultimate=(14, 48))
[CROP] Refill densify hop (30, 29) → (32, 29) (ultimate=(14, 48))
[CROP] East-crawl densify (30, 29) → (32, 29) (end=(31, 29), ultimate=(14, 48))
[CROP] East-crawl densify (30, 29) → (32, 29) (end=(31, 29), ultimate=(14, 48))
[CROP] Refill densify recover → (32, 29) from (30, 29) (no path)
[CROP] Past-fence densify south (31, 29) → (30, 32) (end=(30, 29), ultimate=(14, 48))
[CROP] Refill densify hop (31, 29) → (30, 32) (ultimate=(14, 48))
[CROP] East-crawl densify (30, 29) → (32, 29) (end=(31, 29), ultimate=(14, 48))
[CROP] Refill densify hop (30, 29) → (32, 29) (ultimate=(14, 48))
[CROP] East-crawl densify (30, 29) → (32, 29) (end=(31, 29), ultimate=(14, 48))
[CROP] East-crawl densify (30, 29) → (32, 29) (end=(31, 29), ultimate=(14, 48))
[CROP] Refill densify recover → (32, 29) from (30, 29) (no path)
[CROP] Past-fence densify south (31, 29) → (30, 32) (end=(30, 29), ultimate=(14, 48))
[CROP] Refill densify hop (31, 29) → (30, 32) (ultimate=(14, 48))
[CROP] East-crawl densify (30, 29) → (32, 29) (end=(31, 29), ultimate=(14, 48))
[CROP] Refill densify hop (30, 29) → (32, 29) (ultimate=(14, 48))
[CROP] East-crawl densify (30, 29) → (32, 29) (end=(31, 29), ultimate=(14, 48))
[CROP] East-crawl densify (30, 29) → (32, 29) (end=(31, 29), ultimate=(14, 48))
[CROP] Refill densify recover → (32, 29) from (30, 29) (no path)
[CROP] Past-fence densify south (31, 29) → (30, 32) (end=(30, 29), ultimate=(14, 48))
[CROP] Refill densify hop (31, 29) → (30, 32) (ultimate=(14, 48))
[CROP] East-crawl densify (30, 29) → (32, 29) (end=(31, 29), ultimate=(14, 48))
[CROP] Refill densify hop (30, 29) → (32, 29) (ultimate=(14, 48))
[CROP] East-crawl densify (30, 29) → (32, 29) (end=(31, 29), ultimate=(14, 48))
[CROP] East-crawl densify (30, 29) → (32, 29) (end=(31, 29), ultimate=(14, 48))
[CROP] Refill densify recover → (32, 29) from (30, 29) (no path)
[CROP] Past-fence densify south (31, 29) → (30, 32) (end=(30, 29), ultimate=(14, 48))
[CROP] Refill densify hop (31, 29) → (30, 32) (ultimate=(14, 48))
[CROP] East-crawl densify (30, 29) → (32, 29) (end=(31, 29), ultimate=(14, 48))
[CROP] Refill densify hop (30, 29) → (32, 29) (ultimate=(14, 48))
[CROP] East-crawl densify (30, 29) → (32, 29) (end=(31, 29), ultimate=(14, 48))
[CROP] East-crawl densify (30, 29) → (32, 29) (end=(31, 29), ultimate=(14, 48))
[CROP] Refill densify recover → (32, 29) from (30, 29) (no path)
[CROP] Past-fence densify south (31, 29) → (30, 32) (end=(30, 29), ultimate=(14, 48))
[CROP] Refill densify hop (31, 29) → (30, 32) (ultimate=(14, 48))
[CROP] East-crawl densify (30, 29) → (32, 29) (end=(31, 29), ultimate=(14, 48))
[CROP] Refill densify hop (30, 29) → (32, 29) (ultimate=(14, 48))
[CROP] East-crawl densify (30, 29) → (32, 29) (end=(31, 29), ultimate=(14, 48))
[CROP] East-crawl densify (30, 29) → (32, 29) (end=(31, 29), ultimate=(14, 48))
[CROP] Refill densify recover → (32, 29) from (30, 29) (no path)
[CROP] Past-fence densify south (31, 29) → (30, 32) (end=(30, 29), ultimate=(14, 48))
[CROP] Refill densify hop (31, 29) → (30, 32) (ultimate=(14, 48))
[CROP] East-crawl densify (30, 29) → (32, 29) (end=(31, 29), ultimate=(14, 48))
[CROP] Refill densify hop (30, 29) → (32, 29) (ultimate=(14, 48))
[CROP] East-crawl densify (30, 29) → (32, 29) (end=(31, 29), ultimate=(14, 48))
[CROP] East-crawl densify (30, 29) → (32, 29) (end=(31, 29), ultimate=(14, 48))
[CROP] Refill densify recover → (32, 29) from (30, 29) (no path)
[CROP] Past-fence densify south (31, 29) → (30, 32) (end=(30, 29), ultimate=(14, 48))
[CROP] Refill densify hop (31, 29) → (30, 32) (ultimate=(14, 48))
[CROP] East-crawl densify (30, 29) → (32, 29) (end=(31, 29), ultimate=(14, 48))
[CROP] Refill densify hop (30, 29) → (32, 29) (ultimate=(14, 48))
[CROP] East-crawl densify (30, 29) → (32, 29) (end=(31, 29), ultimate=(14, 48))
[CROP] East-crawl densify (30, 29) → (32, 29) (end=(31, 29), ultimate=(14, 48))
[CROP] Refill densify recover → (32, 29) from (30, 29) (no path)
[CROP] Past-fence densify south (31, 29) → (30, 32) (end=(30, 29), ultimate=(14, 48))
[CROP] Refill densify hop (31, 29) → (30, 32) (ultimate=(14, 48))
[CROP] East-crawl densify (30, 29) → (32, 29) (end=(31, 29), ultimate=(14, 48))
[CROP] Refill densify hop (30, 29) → (32, 29) (ultimate=(14, 48))
[CROP] East-crawl densify (30, 29) → (32, 29) (end=(31, 29), ultimate=(14, 48))
[CROP] East-crawl densify (30, 29) → (32, 29) (end=(31, 29), ultimate=(14, 48))
[CROP] Refill densify recover → (32, 29) from (30, 29) (no path)
[CROP] Past-fence densify south (31, 29) → (30, 32) (end=(30, 29), ultimate=(14, 48))
[CROP] Refill densify hop (31, 29) → (30, 32) (ultimate=(14, 48))
[CROP] East-crawl densify (30, 29) → (32, 29) (end=(31, 29), ultimate=(14, 48))
[CROP] Refill densify hop (30, 29) → (32, 29) (ultimate=(14, 48))
[CROP] East-crawl densify (30, 29) → (32, 29) (end=(31, 29), ultimate=(14, 48))
[CROP] East-crawl densify (30, 29) → (32, 29) (end=(31, 29), ultimate=(14, 48))
[CROP] Refill densify recover → (32, 29) from (30, 29) (no path)
[CROP] Past-fence densify south (31, 29) → (30, 32) (end=(30, 29), ultimate=(14, 48))
[CROP] Refill densify hop (31, 29) → (30, 32) (ultimate=(14, 48))
[CROP] East-crawl densify (30, 29) → (32, 29) (end=(31, 29), ultimate=(14, 48))
[CROP] Refill densify hop (30, 29) → (32, 29) (ultimate=(14, 48))
[CROP] East-crawl densify (30, 29) → (32, 29) (end=(31, 29), ultimate=(14, 48))
[CROP] East-crawl densify (30, 29) → (32, 29) (end=(31, 29), ultimate=(14, 48))
[CROP] Refill densify recover → (32, 29) from (30, 29) (no path)
[CROP] Past-fence densify south (31, 29) → (30, 32) (end=(30, 29), ultimate=(14, 48))
[CROP] Refill densify hop (31, 29) → (30, 32) (ultimate=(14, 48))
[CROP] East-crawl densify (30, 29) → (32, 29) (end=(31, 29), ultimate=(14, 48))
[CROP] Refill densify hop (30, 29) → (32, 29) (ultimate=(14, 48))
[CROP] East-crawl densify (30, 29) → (32, 29) (end=(31, 29), ultimate=(14, 48))
[CROP] East-crawl densify (30, 29) → (32, 29) (end=(31, 29), ultimate=(14, 48))
[CROP] Refill densify recover → (32, 29) from (30, 29) (no path)
[CROP] Past-fence densify south (31, 29) → (30, 32) (end=(30, 29), ultimate=(14, 48))
[CROP] Refill densify hop (31, 29) → (30, 32) (ultimate=(14, 48))
[CROP] East-crawl densify (30, 29) → (32, 29) (end=(31, 29), ultimate=(14, 48))
[CROP] Refill densify hop (30, 29) → (32, 29) (ultimate=(14, 48))
[CROP] East-crawl densify (30, 29) → (32, 29) (end=(31, 29), ultimate=(14, 48))
[CROP] East-crawl densify (30, 29) → (32, 29) (end=(31, 29), ultimate=(14, 48))
[CROP] Refill densify recover → (32, 29) from (30, 29) (no path)
[CROP] Past-fence densify south (31, 29) → (30, 32) (end=(30, 29), ultimate=(14, 48))
[CROP] Refill densify hop (31, 29) → (30, 32) (ultimate=(14, 48))
[CROP] East-crawl densify (30, 29) → (32, 29) (end=(31, 29), ultimate=(14, 48))
[CROP] Refill densify hop (30, 29) → (32, 29) (ultimate=(14, 48))
[CROP] East-crawl densify (30, 29) → (32, 29) (end=(31, 29), ultimate=(14, 48))
[CROP] East-crawl densify (30, 29) → (32, 29) (end=(31, 29), ultimate=(14, 48))
[CROP] Refill densify recover → (32, 29) from (30, 29) (no path)
[CROP] Past-fence densify south (31, 29) → (30, 32) (end=(30, 29), ultimate=(14, 48))
[CROP] Refill densify hop (31, 29) → (30, 32) (ultimate=(14, 48))
[CROP] East-crawl densify (30, 29) → (32, 29) (end=(31, 29), ultimate=(14, 48))
[CROP] Refill densify hop (30, 29) → (32, 29) (ultimate=(14, 48))
[CROP] East-crawl densify (30, 29) → (32, 29) (end=(31, 29), ultimate=(14, 48))
[CROP] East-crawl densify (30, 29) → (32, 29) (end=(31, 29), ultimate=(14, 48))
[CROP] Refill densify recover → (32, 29) from (30, 29) (no path)
[CROP] Past-fence densify south (31, 29) → (30, 32) (end=(30, 29), ultimate=(14, 48))
[CROP] Refill densify hop (31, 29) → (30, 32) (ultimate=(14, 48))
[CROP] East-crawl densify (30, 29) → (32, 29) (end=(31, 29), ultimate=(14, 48))
[CROP] Refill densify hop (30, 29) → (32, 29) (ultimate=(14, 48))
[CROP] East-crawl densify (30, 29) → (32, 29) (end=(31, 29), ultimate=(14, 48))
[CROP] East-crawl densify (30, 29) → (32, 29) (end=(31, 29), ultimate=(14, 48))
[CROP] Refill densify recover → (32, 29) from (30, 29) (no path)
[CROP] Past-fence densify south (31, 29) → (30, 32) (end=(30, 29), ultimate=(14, 48))
[CROP] Refill densify hop (31, 29) → (30, 32) (ultimate=(14, 48))
[CROP] East-crawl densify (30, 29) → (32, 29) (end=(31, 29), ultimate=(14, 48))
[CROP] Refill densify hop (30, 29) → (32, 29) (ultimate=(14, 48))
[CROP] East-crawl densify (30, 29) → (32, 29) (end=(31, 29), ultimate=(14, 48))
[CROP] East-crawl densify (30, 29) → (32, 29) (end=(31, 29), ultimate=(14, 48))
[CROP] Refill densify recover → (32, 29) from (30, 29) (no path)
[CROP] Past-fence densify south (31, 29) → (30, 32) (end=(30, 29), ultimate=(14, 48))
[CROP] Refill densify hop (31, 29) → (30, 32) (ultimate=(14, 48))
[CROP] East-crawl densify (30, 29) → (32, 29) (end=(31, 29), ultimate=(14, 48))
[CROP] Refill densify hop (30, 29) → (32, 29) (ultimate=(14, 48))
[CROP] East-crawl densify (30, 29) → (32, 29) (end=(31, 29), ultimate=(14, 48))
[CROP] East-crawl densify (30, 29) → (32, 29) (end=(31, 29), ultimate=(14, 48))
[CROP] Refill densify recover → (32, 29) from (30, 29) (no path)
[CROP] Past-fence densify south (31, 29) → (30, 32) (end=(30, 29), ultimate=(14, 48))
[CROP] Refill densify hop (31, 29) → (30, 32) (ultimate=(14, 48))
[CROP] East-crawl densify (30, 29) → (32, 29) (end=(31, 29), ultimate=(14, 48))
[CROP] Refill densify hop (30, 29) → (32, 29) (ultimate=(14, 48))
[CROP] East-crawl densify (30, 29) → (32, 29) (end=(31, 29), ultimate=(14, 48))
[CROP] East-crawl densify (30, 29) → (32, 29) (end=(31, 29), ultimate=(14, 48))
[CROP] Refill densify recover → (32, 29) from (30, 29) (no path)
[CROP] Past-fence densify south (31, 29) → (30, 32) (end=(30, 29), ultimate=(14, 48))
[CROP] Refill densify hop (31, 29) → (30, 32) (ultimate=(14, 48))
[CROP] East-crawl densify (30, 29) → (32, 29) (end=(31, 29), ultimate=(14, 48))
[CROP] Refill densify hop (30, 29) → (32, 29) (ultimate=(14, 48))
[CROP] East-crawl densify (30, 29) → (32, 29) (end=(31, 29), ultimate=(14, 48))
[CROP] East-crawl densify (30, 29) → (32, 29) (end=(31, 29), ultimate=(14, 48))
[CROP] Refill densify recover → (32, 29) from (30, 29) (no path)
[CROP] Past-fence densify south (31, 29) → (30, 32) (end=(30, 29), ultimate=(14, 48))
[CROP] Refill densify hop (31, 29) → (30, 32) (ultimate=(14, 48))
[CROP] East-crawl densify (30, 29) → (32, 29) (end=(31, 29), ultimate=(14, 48))
[CROP] Refill densify hop (30, 29) → (32, 29) (ultimate=(14, 48))
[CROP] East-crawl densify (30, 29) → (32, 29) (end=(31, 29), ultimate=(14, 48))
[CROP] East-crawl densify (30, 29) → (32, 29) (end=(31, 29), ultimate=(14, 48))
[CROP] Refill densify recover → (32, 29) from (30, 29) (no path)
[CROP] Past-fence densify south (31, 29) → (30, 32) (end=(30, 29), ultimate=(14, 48))
[CROP] Refill densify hop (31, 29) → (30, 32) (ultimate=(14, 48))
[CROP] East-crawl densify (30, 29) → (32, 29) (end=(31, 29), ultimate=(14, 48))
[CROP] Refill densify hop (30, 29) → (32, 29) (ultimate=(14, 48))
[CROP] East-crawl densify (30, 29) → (32, 29) (end=(31, 29), ultimate=(14, 48))
[CROP] East-crawl densify (30, 29) → (32, 29) (end=(31, 29), ultimate=(14, 48))
[CROP] Refill densify recover → (32, 29) from (30, 29) (no path)
[CROP] Past-fence densify south (31, 29) → (30, 32) (end=(30, 29), ultimate=(14, 48))
[CROP] Refill densify hop (31, 29) → (30, 32) (ultimate=(14, 48))
[CROP] East-crawl densify (30, 29) → (32, 29) (end=(31, 29), ultimate=(14, 48))
[CROP] Refill densify hop (30, 29) → (32, 29) (ultimate=(14, 48))
[CROP] East-crawl densify (30, 29) → (32, 29) (end=(31, 29), ultimate=(14, 48))
[CROP] East-crawl densify (30, 29) → (32, 29) (end=(31, 29), ultimate=(14, 48))
[CROP] Refill densify recover → (32, 29) from (30, 29) (no path)
[CROP] Past-fence densify south (31, 29) → (30, 32) (end=(30, 29), ultimate=(14, 48))
[CROP] Refill densify hop (31, 29) → (30, 32) (ultimate=(14, 48))
[CROP] East-crawl densify (30, 29) → (32, 29) (end=(31, 29), ultimate=(14, 48))
[CROP] Refill densify hop (30, 29) → (32, 29) (ultimate=(14, 48))
[CROP] East-crawl densify (30, 29) → (32, 29) (end=(31, 29), ultimate=(14, 48))
[CROP] East-crawl densify (30, 29) → (32, 29) (end=(31, 29), ultimate=(14, 48))
[CROP] Refill densify recover → (32, 29) from (30, 29) (no path)
[CROP] Past-fence densify south (31, 29) → (30, 32) (end=(30, 29), ultimate=(14, 48))
[CROP] Refill densify hop (31, 29) → (30, 32) (ultimate=(14, 48))
[CROP] East-crawl densify (30, 29) → (32, 29) (end=(31, 29), ultimate=(14, 48))
[CROP] Refill densify hop (30, 29) → (32, 29) (ultimate=(14, 48))
[CROP] East-crawl densify (30, 29) → (32, 29) (end=(31, 29), ultimate=(14, 48))
[CROP] East-crawl densify (30, 29) → (32, 29) (end=(31, 29), ultimate=(14, 48))
[CROP] Refill densify recover → (32, 29) from (30, 29) (no path)
[CROP] Past-fence densify south (31, 29) → (30, 32) (end=(30, 29), ultimate=(14, 48))
[CROP] Refill densify hop (31, 29) → (30, 32) (ultimate=(14, 48))
[CROP] East-crawl densify (30, 29) → (32, 29) (end=(31, 29), ultimate=(14, 48))
[CROP] Refill densify hop (30, 29) → (32, 29) (ultimate=(14, 48))
[CROP] East-crawl densify (30, 29) → (32, 29) (end=(31, 29), ultimate=(14, 48))
[CROP] East-crawl densify (30, 29) → (32, 29) (end=(31, 29), ultimate=(14, 48))
[CROP] Refill densify recover → (32, 29) from (30, 29) (no path)
[CROP] Past-fence densify south (31, 29) → (30, 32) (end=(30, 29), ultimate=(14, 48))
[CROP] Refill densify hop (31, 29) → (30, 32) (ultimate=(14, 48))
[CROP] East-crawl densify (30, 29) → (32, 29) (end=(31, 29), ultimate=(14, 48))
[CROP] Refill densify hop (30, 29) → (32, 29) (ultimate=(14, 48))
[CROP] East-crawl densify (30, 29) → (32, 29) (end=(31, 29), ultimate=(14, 48))
[CROP] East-crawl densify (30, 29) → (32, 29) (end=(31, 29), ultimate=(14, 48))
[CROP] Refill densify recover → (32, 29) from (30, 29) (no path)
[CROP] Past-fence densify south (31, 29) → (30, 32) (end=(30, 29), ultimate=(14, 48))
[CROP] Refill densify hop (31, 29) → (30, 32) (ultimate=(14, 48))
[CROP] East-crawl densify (30, 29) → (32, 29) (end=(31, 29), ultimate=(14, 48))
[CROP] Refill densify hop (30, 29) → (32, 29) (ultimate=(14, 48))
[CROP] East-crawl densify (30, 29) → (32, 29) (end=(31, 29), ultimate=(14, 48))
[CROP] East-crawl densify (30, 29) → (32, 29) (end=(31, 29), ultimate=(14, 48))
[CROP] Refill densify recover → (32, 29) from (30, 29) (no path)
[CROP] Past-fence densify south (31, 29) → (30, 32) (end=(30, 29), ultimate=(14, 48))
[CROP] Refill densify hop (31, 29) → (30, 32) (ultimate=(14, 48))
[CROP] East-crawl densify (30, 29) → (32, 29) (end=(31, 29), ultimate=(14, 48))
[CROP] Refill densify hop (30, 29) → (32, 29) (ultimate=(14, 48))
[CROP] East-crawl densify (30, 29) → (32, 29) (end=(31, 29), ultimate=(14, 48))
[CROP] East-crawl densify (30, 29) → (32, 29) (end=(31, 29), ultimate=(14, 48))
[CROP] Refill densify recover → (32, 29) from (30, 29) (no path)
[CROP] Past-fence densify south (31, 29) → (30, 32) (end=(30, 29), ultimate=(14, 48))
[CROP] Refill densify hop (31, 29) → (30, 32) (ultimate=(14, 48))
[CROP] East-crawl densify (30, 29) → (32, 29) (end=(31, 29), ultimate=(14, 48))
[CROP] Refill densify hop (30, 29) → (32, 29) (ultimate=(14, 48))
[CROP] East-crawl densify (30, 29) → (32, 29) (end=(31, 29), ultimate=(14, 48))
[CROP] East-crawl densify (30, 29) → (32, 29) (end=(31, 29), ultimate=(14, 48))
[CROP] Refill densify recover → (32, 29) from (30, 29) (no path)
[CROP] Past-fence densify south (31, 29) → (30, 32) (end=(30, 29), ultimate=(14, 48))
[CROP] Refill densify hop (31, 29) → (30, 32) (ultimate=(14, 48))
[CROP] East-crawl densify (30, 29) → (32, 29) (end=(31, 29), ultimate=(14, 48))
[CROP] Refill densify hop (30, 29) → (32, 29) (ultimate=(14, 48))
[CROP] East-crawl densify (30, 29) → (32, 29) (end=(31, 29), ultimate=(14, 48))
[CROP] East-crawl densify (30, 29) → (32, 29) (end=(31, 29), ultimate=(14, 48))
[CROP] Refill densify recover → (32, 29) from (30, 29) (no path)
[CROP] Past-fence densify south (31, 29) → (30, 32) (end=(30, 29), ultimate=(14, 48))
[CROP] Refill densify hop (31, 29) → (30, 32) (ultimate=(14, 48))
[CROP] East-crawl densify (30, 29) → (32, 29) (end=(31, 29), ultimate=(14, 48))
[CROP] Refill densify hop (30, 29) → (32, 29) (ultimate=(14, 48))
[CROP] East-crawl densify (30, 29) → (32, 29) (end=(31, 29), ultimate=(14, 48))
[CROP] East-crawl densify (30, 29) → (32, 29) (end=(31, 29), ultimate=(14, 48))
[CROP] Refill densify recover → (32, 29) from (30, 29) (no path)
[CROP] Past-fence densify south (31, 29) → (30, 32) (end=(30, 29), ultimate=(14, 48))
[CROP] Refill densify hop (31, 29) → (30, 32) (ultimate=(14, 48))
[CROP] East-crawl densify (30, 29) → (32, 29) (end=(31, 29), ultimate=(14, 48))
[CROP] Refill densify hop (30, 29) → (32, 29) (ultimate=(14, 48))
[CROP] East-crawl densify (30, 29) → (32, 29) (end=(31, 29), ultimate=(14, 48))
[CROP] East-crawl densify (30, 29) → (32, 29) (end=(31, 29), ultimate=(14, 48))
[CROP] Refill densify recover → (32, 29) from (30, 29) (no path)
[CROP] Past-fence densify south (31, 29) → (30, 32) (end=(30, 29), ultimate=(14, 48))
[CROP] Refill densify hop (31, 29) → (30, 32) (ultimate=(14, 48))
[CROP] East-crawl densify (30, 29) → (32, 29) (end=(31, 29), ultimate=(14, 48))
[CROP] Refill densify hop (30, 29) → (32, 29) (ultimate=(14, 48))
[CROP] East-crawl densify (30, 29) → (32, 29) (end=(31, 29), ultimate=(14, 48))
[CROP] East-crawl densify (30, 29) → (32, 29) (end=(31, 29), ultimate=(14, 48))
[CROP] Refill densify recover → (32, 29) from (30, 29) (no path)
[CROP] Past-fence densify south (31, 29) → (30, 32) (end=(30, 29), ultimate=(14, 48))
[CROP] Refill densify hop (31, 29) → (30, 32) (ultimate=(14, 48))
[CROP] East-crawl densify (30, 29) → (32, 29) (end=(31, 29), ultimate=(14, 48))
[CROP] Refill densify hop (30, 29) → (32, 29) (ultimate=(14, 48))
[CROP] East-crawl densify (30, 29) → (32, 29) (end=(31, 29), ultimate=(14, 48))
[CROP] East-crawl densify (30, 29) → (32, 29) (end=(31, 29), ultimate=(14, 48))
[CROP] Refill densify recover → (32, 29) from (30, 29) (no path)
[CROP] Past-fence densify south (31, 29) → (30, 32) (end=(30, 29), ultimate=(14, 48))
[CROP] Refill densify hop (31, 29) → (30, 32) (ultimate=(14, 48))
[CROP] East-crawl densify (30, 29) → (32, 29) (end=(31, 29), ultimate=(14, 48))
[CROP] Refill densify hop (30, 29) → (32, 29) (ultimate=(14, 48))
[CROP] East-crawl densify (30, 29) → (32, 29) (end=(31, 29), ultimate=(14, 48))
[CROP] East-crawl densify (30, 29) → (32, 29) (end=(31, 29), ultimate=(14, 48))
[CROP] Refill densify recover → (32, 29) from (30, 29) (no path)
[CROP] Past-fence densify south (31, 29) → (30, 32) (end=(30, 29), ultimate=(14, 48))
[CROP] Refill densify hop (31, 29) → (30, 32) (ultimate=(14, 48))
[CROP] East-crawl densify (30, 29) → (32, 29) (end=(31, 29), ultimate=(14, 48))
[CROP] Refill densify hop (30, 29) → (32, 29) (ultimate=(14, 48))
[CROP] East-crawl densify (30, 29) → (32, 29) (end=(31, 29), ultimate=(14, 48))
[CROP] East-crawl densify (30, 29) → (32, 29) (end=(31, 29), ultimate=(14, 48))
[CROP] Refill densify recover → (32, 29) from (30, 29) (no path)
[CROP] Past-fence densify south (31, 29) → (30, 32) (end=(30, 29), ultimate=(14, 48))
[CROP] Refill densify hop (31, 29) → (30, 32) (ultimate=(14, 48))
[CROP] East-crawl densify (30, 29) → (32, 29) (end=(31, 29), ultimate=(14, 48))
[CROP] Refill densify hop (30, 29) → (32, 29) (ultimate=(14, 48))
[CROP] East-crawl densify (30, 29) → (32, 29) (end=(31, 29), ultimate=(14, 48))
[CROP] East-crawl densify (30, 29) → (32, 29) (end=(31, 29), ultimate=(14, 48))
[CROP] Refill densify recover → (32, 29) from (30, 29) (no path)
[CROP] Past-fence densify south (31, 29) → (30, 32) (end=(30, 29), ultimate=(14, 48))
[CROP] Refill densify hop (31, 29) → (30, 32) (ultimate=(14, 48))
[CROP] East-crawl densify (30, 29) → (32, 29) (end=(31, 29), ultimate=(14, 48))
[CROP] Refill densify hop (30, 29) → (32, 29) (ultimate=(14, 48))
[CROP] East-crawl densify (30, 29) → (32, 29) (end=(31, 29), ultimate=(14, 48))
[CROP] East-crawl densify (30, 29) → (32, 29) (end=(31, 29), ultimate=(14, 48))
[CROP] Refill densify recover → (32, 29) from (30, 29) (no path)
[CROP] Past-fence densify south (31, 29) → (30, 32) (end=(30, 29), ultimate=(14, 48))
[CROP] Refill densify hop (31, 29) → (30, 32) (ultimate=(14, 48))
[CROP] East-crawl densify (30, 29) → (32, 29) (end=(31, 29), ultimate=(14, 48))
[CROP] Refill densify hop (30, 29) → (32, 29) (ultimate=(14, 48))
[CROP] East-crawl densify (30, 29) → (32, 29) (end=(31, 29), ultimate=(14, 48))
[CROP] East-crawl densify (30, 29) → (32, 29) (end=(31, 29), ultimate=(14, 48))
[CROP] Refill densify recover → (32, 29) from (30, 29) (no path)
[CROP] Past-fence densify south (31, 29) → (30, 32) (end=(30, 29), ultimate=(14, 48))
[CROP] Refill densify hop (31, 29) → (30, 32) (ultimate=(14, 48))
[CROP] East-crawl densify (30, 29) → (32, 29) (end=(31, 29), ultimate=(14, 48))
[CROP] Refill densify hop (30, 29) → (32, 29) (ultimate=(14, 48))
[CROP] East-crawl densify (30, 29) → (32, 29) (end=(31, 29), ultimate=(14, 48))
[CROP] East-crawl densify (30, 29) → (32, 29) (end=(31, 29), ultimate=(14, 48))
[CROP] Refill densify recover → (32, 29) from (30, 29) (no path)
[CROP] Past-fence densify south (31, 29) → (30, 32) (end=(30, 29), ultimate=(14, 48))
[CROP] Refill densify hop (31, 29) → (30, 32) (ultimate=(14, 48))
[CROP] East-crawl densify (30, 29) → (32, 29) (end=(31, 29), ultimate=(14, 48))
[CROP] Refill densify hop (30, 29) → (32, 29) (ultimate=(14, 48))
[CROP] East-crawl densify (30, 29) → (32, 29) (end=(31, 29), ultimate=(14, 48))
[CROP] East-crawl densify (30, 29) → (32, 29) (end=(31, 29), ultimate=(14, 48))
[CROP] Refill densify recover → (32, 29) from (30, 29) (no path)
[CROP] Past-fence densify south (31, 29) → (30, 32) (end=(30, 29), ultimate=(14, 48))
[CROP] Refill densify hop (31, 29) → (30, 32) (ultimate=(14, 48))
[CROP] East-crawl densify (30, 29) → (32, 29) (end=(31, 29), ultimate=(14, 48))
[CROP] Refill densify hop (30, 29) → (32, 29) (ultimate=(14, 48))
[CROP] East-crawl densify (30, 29) → (32, 29) (end=(31, 29), ultimate=(14, 48))
[CROP] East-crawl densify (30, 29) → (32, 29) (end=(31, 29), ultimate=(14, 48))
[CROP] Refill densify recover → (32, 29) from (30, 29) (no path)
[CROP] Past-fence densify south (31, 29) → (30, 32) (end=(30, 29), ultimate=(14, 48))
[CROP] Refill densify hop (31, 29) → (30, 32) (ultimate=(14, 48))
[CROP] East-crawl densify (30, 29) → (32, 29) (end=(31, 29), ultimate=(14, 48))
[CROP] Refill densify hop (30, 29) → (32, 29) (ultimate=(14, 48))
[CROP] East-crawl densify (30, 29) → (32, 29) (end=(31, 29), ultimate=(14, 48))
[CROP] East-crawl densify (30, 29) → (32, 29) (end=(31, 29), ultimate=(14, 48))
[CROP] Refill densify recover → (32, 29) from (30, 29) (no path)
[CROP] Past-fence densify south (31, 29) → (30, 32) (end=(30, 29), ultimate=(14, 48))
[CROP] Refill densify hop (31, 29) → (30, 32) (ultimate=(14, 48))
[CROP] East-crawl densify (30, 29) → (32, 29) (end=(31, 29), ultimate=(14, 48))
[CROP] Refill densify hop (30, 29) → (32, 29) (ultimate=(14, 48))
[CROP] East-crawl densify (30, 29) → (32, 29) (end=(31, 29), ultimate=(14, 48))
[CROP] East-crawl densify (30, 29) → (32, 29) (end=(31, 29), ultimate=(14, 48))
[CROP] Refill densify recover → (32, 29) from (30, 29) (no path)
[CROP] Past-fence densify south (31, 29) → (30, 32) (end=(30, 29), ultimate=(14, 48))
[CROP] Refill densify hop (31, 29) → (30, 32) (ultimate=(14, 48))
[CROP] East-crawl densify (30, 29) → (32, 29) (end=(31, 29), ultimate=(14, 48))
[CROP] Refill densify hop (30, 29) → (32, 29) (ultimate=(14, 48))
[CROP] East-crawl densify (30, 29) → (32, 29) (end=(31, 29), ultimate=(14, 48))
[CROP] East-crawl densify (30, 29) → (32, 29) (end=(31, 29), ultimate=(14, 48))
[CROP] Refill densify recover → (32, 29) from (30, 29) (no path)
[CROP] Past-fence densify south (31, 29) → (30, 32) (end=(30, 29), ultimate=(14, 48))
[CROP] Refill densify hop (31, 29) → (30, 32) (ultimate=(14, 48))
[CROP] East-crawl densify (30, 29) → (32, 29) (end=(31, 29), ultimate=(14, 48))
[CROP] Refill densify hop (30, 29) → (32, 29) (ultimate=(14, 48))
[CROP] East-crawl densify (30, 29) → (32, 29) (end=(31, 29), ultimate=(14, 48))
[CROP] East-crawl densify (30, 29) → (32, 29) (end=(31, 29), ultimate=(14, 48))
[CROP] Refill densify recover → (32, 29) from (30, 29) (no path)
[CROP] Past-fence densify south (31, 29) → (30, 32) (end=(30, 29), ultimate=(14, 48))
[CROP] Refill densify hop (31, 29) → (30, 32) (ultimate=(14, 48))
[CROP] East-crawl densify (30, 29) → (32, 29) (end=(31, 29), ultimate=(14, 48))
[CROP] Refill densify hop (30, 29) → (32, 29) (ultimate=(14, 48))
[CROP] East-crawl densify (30, 29) → (32, 29) (end=(31, 29), ultimate=(14, 48))
[CROP] East-crawl densify (30, 29) → (32, 29) (end=(31, 29), ultimate=(14, 48))
[CROP] Refill densify recover → (32, 29) from (30, 29) (no path)
[CROP] Past-fence densify south (31, 29) → (30, 32) (end=(30, 29), ultimate=(14, 48))
[CROP] Refill densify hop (31, 29) → (30, 32) (ultimate=(14, 48))
[CROP] East-crawl densify (30, 29) → (32, 29) (end=(31, 29), ultimate=(14, 48))
[CROP] Refill densify hop (30, 29) → (32, 29) (ultimate=(14, 48))
[CROP] East-crawl densify (30, 29) → (32, 29) (end=(31, 29), ultimate=(14, 48))
[CROP] East-crawl densify (30, 29) → (32, 29) (end=(31, 29), ultimate=(14, 48))
[CROP] Refill densify recover → (32, 29) from (30, 29) (no path)
[CROP] Past-fence densify south (31, 29) → (30, 32) (end=(30, 29), ultimate=(14, 48))
[CROP] Refill densify hop (31, 29) → (30, 32) (ultimate=(14, 48))
[CROP] East-crawl densify (30, 29) → (32, 29) (end=(31, 29), ultimate=(14, 48))
[CROP] Refill densify hop (30, 29) → (32, 29) (ultimate=(14, 48))
[CROP] East-crawl densify (30, 29) → (32, 29) (end=(31, 29), ultimate=(14, 48))
[CROP] East-crawl densify (30, 29) → (32, 29) (end=(31, 29), ultimate=(14, 48))
[CROP] Refill densify recover → (32, 29) from (30, 29) (no path)
[CROP] Past-fence densify south (31, 29) → (30, 32) (end=(30, 29), ultimate=(14, 48))
[CROP] Refill densify hop (31, 29) → (30, 32) (ultimate=(14, 48))
[CROP] East-crawl densify (30, 29) → (32, 29) (end=(31, 29), ultimate=(14, 48))
[CROP] Refill densify hop (30, 29) → (32, 29) (ultimate=(14, 48))
[CROP] East-crawl densify (30, 29) → (32, 29) (end=(31, 29), ultimate=(14, 48))
[CROP] East-crawl densify (30, 29) → (32, 29) (end=(31, 29), ultimate=(14, 48))
[CROP] Refill densify recover → (32, 29) from (30, 29) (no path)
[CROP] Past-fence densify south (31, 29) → (30, 32) (end=(30, 29), ultimate=(14, 48))
[CROP] Refill densify hop (31, 29) → (30, 32) (ultimate=(14, 48))
[CROP] East-crawl densify (30, 29) → (32, 29) (end=(31, 29), ultimate=(14, 48))
[CROP] Refill densify hop (30, 29) → (32, 29) (ultimate=(14, 48))
[CROP] East-crawl densify (30, 29) → (32, 29) (end=(31, 29), ultimate=(14, 48))
[CROP] East-crawl densify (30, 29) → (32, 29) (end=(31, 29), ultimate=(14, 48))
[CROP] Refill densify recover → (32, 29) from (30, 29) (no path)
[CROP] Past-fence densify south (31, 29) → (30, 32) (end=(30, 29), ultimate=(14, 48))
[CROP] Refill densify hop (31, 29) → (30, 32) (ultimate=(14, 48))
[CROP] East-crawl densify (30, 29) → (32, 29) (end=(31, 29), ultimate=(14, 48))
[CROP] Refill densify hop (30, 29) → (32, 29) (ultimate=(14, 48))
[CROP] East-crawl densify (30, 29) → (32, 29) (end=(31, 29), ultimate=(14, 48))
[CROP] East-crawl densify (30, 29) → (32, 29) (end=(31, 29), ultimate=(14, 48))
[CROP] Refill densify recover → (32, 29) from (30, 29) (no path)
[CROP] Past-fence densify south (31, 29) → (30, 32) (end=(30, 29), ultimate=(14, 48))
[CROP] Refill densify hop (31, 29) → (30, 32) (ultimate=(14, 48))
[CROP] East-crawl densify (30, 29) → (32, 29) (end=(31, 29), ultimate=(14, 48))
[CROP] Refill densify hop (30, 29) → (32, 29) (ultimate=(14, 48))
[CROP] East-crawl densify (30, 29) → (32, 29) (end=(31, 29), ultimate=(14, 48))
[CROP] East-crawl densify (30, 29) → (32, 29) (end=(31, 29), ultimate=(14, 48))
[CROP] Refill densify recover → (32, 29) from (30, 29) (no path)
[CROP] Past-fence densify south (31, 29) → (30, 32) (end=(30, 29), ultimate=(14, 48))
[CROP] Refill densify hop (31, 29) → (30, 32) (ultimate=(14, 48))
[CROP] East-crawl densify (30, 29) → (32, 29) (end=(31, 29), ultimate=(14, 48))
[CROP] Refill densify hop (30, 29) → (32, 29) (ultimate=(14, 48))
[CROP] East-crawl densify (30, 29) → (32, 29) (end=(31, 29), ultimate=(14, 48))
[CROP] East-crawl densify (30, 29) → (32, 29) (end=(31, 29), ultimate=(14, 48))
[CROP] Refill densify recover → (32, 29) from (30, 29) (no path)
[CROP] Past-fence densify south (31, 29) → (30, 32) (end=(30, 29), ultimate=(14, 48))
[CROP] Refill densify hop (31, 29) → (30, 32) (ultimate=(14, 48))
[CROP] East-crawl densify (30, 29) → (32, 29) (end=(31, 29), ultimate=(14, 48))
[CROP] Refill densify hop (30, 29) → (32, 29) (ultimate=(14, 48))
[CROP] East-crawl densify (30, 29) → (32, 29) (end=(31, 29), ultimate=(14, 48))
[CROP] East-crawl densify (30, 29) → (32, 29) (end=(31, 29), ultimate=(14, 48))
[CROP] Refill densify recover → (32, 29) from (30, 29) (no path)
[CROP] Past-fence densify south (31, 29) → (30, 32) (end=(30, 29), ultimate=(14, 48))
[CROP] Refill densify hop (31, 29) → (30, 32) (ultimate=(14, 48))
[CROP] East-crawl densify (30, 29) → (32, 29) (end=(31, 29), ultimate=(14, 48))
[CROP] Refill densify hop (30, 29) → (32, 29) (ultimate=(14, 48))
[CROP] East-crawl densify (30, 29) → (32, 29) (end=(31, 29), ultimate=(14, 48))
[CROP] East-crawl densify (30, 29) → (32, 29) (end=(31, 29), ultimate=(14, 48))
[CROP] Refill densify recover → (32, 29) from (30, 29) (no path)
[CROP] Past-fence densify south (31, 29) → (30, 32) (end=(30, 29), ultimate=(14, 48))
[CROP] Refill densify hop (31, 29) → (30, 32) (ultimate=(14, 48))
[CROP] East-crawl densify (30, 29) → (32, 29) (end=(31, 29), ultimate=(14, 48))
[CROP] Refill densify hop (30, 29) → (32, 29) (ultimate=(14, 48))
[CROP] East-crawl densify (30, 29) → (32, 29) (end=(31, 29), ultimate=(14, 48))
[CROP] East-crawl densify (30, 29) → (32, 29) (end=(31, 29), ultimate=(14, 48))
[CROP] Refill densify recover → (32, 29) from (30, 29) (no path)
[CROP] Past-fence densify south (31, 29) → (30, 32) (end=(30, 29), ultimate=(14, 48))
[CROP] Refill densify hop (31, 29) → (30, 32) (ultimate=(14, 48))
[CROP] East-crawl densify (30, 29) → (32, 29) (end=(31, 29), ultimate=(14, 48))
[CROP] Refill densify hop (30, 29) → (32, 29) (ultimate=(14, 48))
[CROP] East-crawl densify (30, 29) → (32, 29) (end=(31, 29), ultimate=(14, 48))
[CROP] East-crawl densify (30, 29) → (32, 29) (end=(31, 29), ultimate=(14, 48))
[CROP] Refill densify recover → (32, 29) from (30, 29) (no path)
[CROP] Past-fence densify south (31, 29) → (30, 32) (end=(30, 29), ultimate=(14, 48))
[CROP] Refill densify hop (31, 29) → (30, 32) (ultimate=(14, 48))
[CROP] East-crawl densify (30, 29) → (32, 29) (end=(31, 29), ultimate=(14, 48))
[CROP] Refill densify hop (30, 29) → (32, 29) (ultimate=(14, 48))
[CROP] East-crawl densify (30, 29) → (32, 29) (end=(31, 29), ultimate=(14, 48))
[CROP] East-crawl densify (30, 29) → (32, 29) (end=(31, 29), ultimate=(14, 48))
[CROP] Refill densify recover → (32, 29) from (30, 29) (no path)
[CROP] Past-fence densify south (31, 29) → (30, 32) (end=(30, 29), ultimate=(14, 48))
[CROP] Refill densify hop (31, 29) → (30, 32) (ultimate=(14, 48))
[CROP] East-crawl densify (30, 29) → (32, 29) (end=(31, 29), ultimate=(14, 48))
[CROP] Refill densify hop (30, 29) → (32, 29) (ultimate=(14, 48))
[CROP] East-crawl densify (30, 29) → (32, 29) (end=(31, 29), ultimate=(14, 48))
[CROP] East-crawl densify (30, 29) → (32, 29) (end=(31, 29), ultimate=(14, 48))
[CROP] Refill densify recover → (32, 29) from (30, 29) (no path)
[CROP] Past-fence densify south (31, 29) → (30, 32) (end=(30, 29), ultimate=(14, 48))
[CROP] Refill densify hop (31, 29) → (30, 32) (ultimate=(14, 48))
[CROP] East-crawl densify (30, 29) → (32, 29) (end=(31, 29), ultimate=(14, 48))
[CROP] Refill densify hop (30, 29) → (32, 29) (ultimate=(14, 48))
[CROP] East-crawl densify (30, 29) → (32, 29) (end=(31, 29), ultimate=(14, 48))
[CROP] East-crawl densify (30, 29) → (32, 29) (end=(31, 29), ultimate=(14, 48))
[CROP] Refill densify recover → (32, 29) from (30, 29) (no path)
[CROP] Past-fence densify south (31, 29) → (30, 32) (end=(30, 29), ultimate=(14, 48))
[CROP] Refill densify hop (31, 29) → (30, 32) (ultimate=(14, 48))
[CROP] East-crawl densify (30, 29) → (32, 29) (end=(31, 29), ultimate=(14, 48))
[CROP] Refill densify hop (30, 29) → (32, 29) (ultimate=(14, 48))
[CROP] East-crawl densify (30, 29) → (32, 29) (end=(31, 29), ultimate=(14, 48))
[CROP] East-crawl densify (30, 29) → (32, 29) (end=(31, 29), ultimate=(14, 48))
[CROP] Refill densify recover → (32, 29) from (30, 29) (no path)
[CROP] Past-fence densify south (31, 29) → (30, 32) (end=(30, 29), ultimate=(14, 48))
[CROP] Refill densify hop (31, 29) → (30, 32) (ultimate=(14, 48))
[CROP] East-crawl densify (30, 29) → (32, 29) (end=(31, 29), ultimate=(14, 48))
[CROP] Refill densify hop (30, 29) → (32, 29) (ultimate=(14, 48))
[CROP] East-crawl densify (30, 29) → (32, 29) (end=(31, 29), ultimate=(14, 48))
[CROP] East-crawl densify (30, 29) → (32, 29) (end=(31, 29), ultimate=(14, 48))
[CROP] Refill densify recover → (32, 29) from (30, 29) (no path)
[CROP] Past-fence densify south (31, 29) → (30, 32) (end=(30, 29), ultimate=(14, 48))
[CROP] Refill densify hop (31, 29) → (30, 32) (ultimate=(14, 48))
[CROP] East-crawl densify (30, 29) → (32, 29) (end=(31, 29), ultimate=(14, 48))
[CROP] Refill densify hop (30, 29) → (32, 29) (ultimate=(14, 48))
[CROP] East-crawl densify (30, 29) → (32, 29) (end=(31, 29), ultimate=(14, 48))
[CROP] East-crawl densify (30, 29) → (32, 29) (end=(31, 29), ultimate=(14, 48))
[CROP] Refill densify recover → (32, 29) from (30, 29) (no path)
[CROP] Past-fence densify south (31, 29) → (30, 32) (end=(30, 29), ultimate=(14, 48))
[CROP] Refill densify hop (31, 29) → (30, 32) (ultimate=(14, 48))
[CROP] East-crawl densify (30, 29) → (32, 29) (end=(31, 29), ultimate=(14, 48))
[CROP] Refill densify hop (30, 29) → (32, 29) (ultimate=(14, 48))
[CROP] East-crawl densify (30, 29) → (32, 29) (end=(31, 29), ultimate=(14, 48))
[CROP] East-crawl densify (30, 29) → (32, 29) (end=(31, 29), ultimate=(14, 48))
[CROP] Refill densify recover → (32, 29) from (30, 29) (no path)
[CROP] Past-fence densify south (31, 29) → (30, 32) (end=(30, 29), ultimate=(14, 48))
[CROP] Refill densify hop (31, 29) → (30, 32) (ultimate=(14, 48))
[CROP] East-crawl densify (30, 29) → (32, 29) (end=(31, 29), ultimate=(14, 48))
[CROP] Refill densify hop (30, 29) → (32, 29) (ultimate=(14, 48))
[CROP] East-crawl densify (30, 29) → (32, 29) (end=(31, 29), ultimate=(14, 48))
[CROP] East-crawl densify (30, 29) → (32, 29) (end=(31, 29), ultimate=(14, 48))
[CROP] Refill densify recover → (32, 29) from (30, 29) (no path)
[CROP] Past-fence densify south (31, 29) → (30, 32) (end=(30, 29), ultimate=(14, 48))
[CROP] Refill densify hop (31, 29) → (30, 32) (ultimate=(14, 48))
[CROP] East-crawl densify (30, 29) → (32, 29) (end=(31, 29), ultimate=(14, 48))
[CROP] Refill densify hop (30, 29) → (32, 29) (ultimate=(14, 48))
[CROP] East-crawl densify (30, 29) → (32, 29) (end=(31, 29), ultimate=(14, 48))
[CROP] East-crawl densify (30, 29) → (32, 29) (end=(31, 29), ultimate=(14, 48))
[CROP] Refill densify recover → (32, 29) from (30, 29) (no path)
[CROP] Past-fence densify south (31, 29) → (30, 32) (end=(30, 29), ultimate=(14, 48))
[CROP] Refill densify hop (31, 29) → (30, 32) (ultimate=(14, 48))
[CROP] East-crawl densify (30, 29) → (32, 29) (end=(31, 29), ultimate=(14, 48))
[CROP] Refill densify hop (30, 29) → (32, 29) (ultimate=(14, 48))
[CROP] East-crawl densify (30, 29) → (32, 29) (end=(31, 29), ultimate=(14, 48))
[CROP] East-crawl densify (30, 29) → (32, 29) (end=(31, 29), ultimate=(14, 48))
[CROP] Refill densify recover → (32, 29) from (30, 29) (no path)
[CROP] Past-fence densify south (31, 29) → (30, 32) (end=(30, 29), ultimate=(14, 48))
[CROP] Refill densify hop (31, 29) → (30, 32) (ultimate=(14, 48))
[CROP] East-crawl densify (30, 29) → (32, 29) (end=(31, 29), ultimate=(14, 48))
[CROP] Refill densify hop (30, 29) → (32, 29) (ultimate=(14, 48))
[CROP] East-crawl densify (30, 29) → (32, 29) (end=(31, 29), ultimate=(14, 48))
[CROP] East-crawl densify (30, 29) → (32, 29) (end=(31, 29), ultimate=(14, 48))
[CROP] Refill densify recover → (32, 29) from (30, 29) (no path)
[CROP] Past-fence densify south (31, 29) → (30, 32) (end=(30, 29), ultimate=(14, 48))
[CROP] Refill densify hop (31, 29) → (30, 32) (ultimate=(14, 48))
[CROP] East-crawl densify (30, 29) → (32, 29) (end=(31, 29), ultimate=(14, 48))
[CROP] Refill densify hop (30, 29) → (32, 29) (ultimate=(14, 48))
[CROP] East-crawl densify (30, 29) → (32, 29) (end=(31, 29), ultimate=(14, 48))
[CROP] East-crawl densify (30, 29) → (32, 29) (end=(31, 29), ultimate=(14, 48))
[CROP] Refill densify recover → (32, 29) from (30, 29) (no path)
[CROP] Past-fence densify south (31, 29) → (30, 32) (end=(30, 29), ultimate=(14, 48))
[CROP] Refill densify hop (31, 29) → (30, 32) (ultimate=(14, 48))
[CROP] East-crawl densify (30, 29) → (32, 29) (end=(31, 29), ultimate=(14, 48))
[CROP] Refill densify hop (30, 29) → (32, 29) (ultimate=(14, 48))
[CROP] East-crawl densify (30, 29) → (32, 29) (end=(31, 29), ultimate=(14, 48))
[CROP] East-crawl densify (30, 29) → (32, 29) (end=(31, 29), ultimate=(14, 48))
[CROP] Refill densify recover → (32, 29) from (30, 29) (no path)
[CROP] Past-fence densify south (31, 29) → (30, 32) (end=(30, 29), ultimate=(14, 48))
[CROP] Refill densify hop (31, 29) → (30, 32) (ultimate=(14, 48))
[CROP] East-crawl densify (30, 29) → (32, 29) (end=(31, 29), ultimate=(14, 48))
[CROP] Refill densify hop (30, 29) → (32, 29) (ultimate=(14, 48))
[CROP] East-crawl densify (30, 29) → (32, 29) (end=(31, 29), ultimate=(14, 48))
[CROP] East-crawl densify (30, 29) → (32, 29) (end=(31, 29), ultimate=(14, 48))
[CROP] Refill densify recover → (32, 29) from (30, 29) (no path)
[CROP] Past-fence densify south (31, 29) → (30, 32) (end=(30, 29), ultimate=(14, 48))
[CROP] Refill densify hop (31, 29) → (30, 32) (ultimate=(14, 48))
[CROP] East-crawl densify (30, 29) → (32, 29) (end=(31, 29), ultimate=(14, 48))
[CROP] Refill densify hop (30, 29) → (32, 29) (ultimate=(14, 48))
[CROP] East-crawl densify (30, 29) → (32, 29) (end=(31, 29), ultimate=(14, 48))
[CROP] East-crawl densify (30, 29) → (32, 29) (end=(31, 29), ultimate=(14, 48))
[CROP] Refill densify recover → (32, 29) from (30, 29) (no path)
[CROP] Past-fence densify south (31, 29) → (30, 32) (end=(30, 29), ultimate=(14, 48))
[CROP] Refill densify hop (31, 29) → (30, 32) (ultimate=(14, 48))
[CROP] East-crawl densify (30, 29) → (32, 29) (end=(31, 29), ultimate=(14, 48))
[CROP] Refill densify hop (30, 29) → (32, 29) (ultimate=(14, 48))
[CROP] East-crawl densify (30, 29) → (32, 29) (end=(31, 29), ultimate=(14, 48))
[CROP] East-crawl densify (30, 29) → (32, 29) (end=(31, 29), ultimate=(14, 48))
[CROP] Refill densify recover → (32, 29) from (30, 29) (no path)
[CROP] Past-fence densify south (31, 29) → (30, 32) (end=(30, 29), ultimate=(14, 48))
[CROP] Refill densify hop (31, 29) → (30, 32) (ultimate=(14, 48))
[CROP] East-crawl densify (30, 29) → (32, 29) (end=(31, 29), ultimate=(14, 48))
[CROP] Refill densify hop (30, 29) → (32, 29) (ultimate=(14, 48))
[CROP] East-crawl densify (30, 29) → (32, 29) (end=(31, 29), ultimate=(14, 48))
[CROP] East-crawl densify (30, 29) → (32, 29) (end=(31, 29), ultimate=(14, 48))
[CROP] Refill densify recover → (32, 29) from (30, 29) (no path)
[CROP] Past-fence densify south (31, 29) → (30, 32) (end=(30, 29), ultimate=(14, 48))
[CROP] Refill densify hop (31, 29) → (30, 32) (ultimate=(14, 48))
[CROP] East-crawl densify (30, 29) → (32, 29) (end=(31, 29), ultimate=(14, 48))
[CROP] Refill densify hop (30, 29) → (32, 29) (ultimate=(14, 48))
[CROP] East-crawl densify (30, 29) → (32, 29) (end=(31, 29), ultimate=(14, 48))
[CROP] East-crawl densify (30, 29) → (32, 29) (end=(31, 29), ultimate=(14, 48))
[CROP] Refill densify recover → (32, 29) from (30, 29) (no path)
[CROP] Past-fence densify south (31, 29) → (30, 32) (end=(30, 29), ultimate=(14, 48))
[CROP] Refill densify hop (31, 29) → (30, 32) (ultimate=(14, 48))
[CROP] East-crawl densify (30, 29) → (32, 29) (end=(31, 29), ultimate=(14, 48))
[CROP] Refill densify hop (30, 29) → (32, 29) (ultimate=(14, 48))
[CROP] East-crawl densify (30, 29) → (32, 29) (end=(31, 29), ultimate=(14, 48))
[CROP] East-crawl densify (30, 29) → (32, 29) (end=(31, 29), ultimate=(14, 48))
[CROP] Refill densify recover → (32, 29) from (30, 29) (no path)
[CROP] Past-fence densify south (31, 29) → (30, 32) (end=(30, 29), ultimate=(14, 48))
[CROP] Refill densify hop (31, 29) → (30, 32) (ultimate=(14, 48))
[CROP] East-crawl densify (30, 29) → (32, 29) (end=(31, 29), ultimate=(14, 48))
[CROP] Refill densify hop (30, 29) → (32, 29) (ultimate=(14, 48))
[CROP] East-crawl densify (30, 29) → (32, 29) (end=(31, 29), ultimate=(14, 48))
[CROP] East-crawl densify (30, 29) → (32, 29) (end=(31, 29), ultimate=(14, 48))
[CROP] Refill densify recover → (32, 29) from (30, 29) (no path)
[CROP] Past-fence densify south (31, 29) → (30, 32) (end=(30, 29), ultimate=(14, 48))
[CROP] Refill densify hop (31, 29) → (30, 32) (ultimate=(14, 48))
[CROP] East-crawl densify (30, 29) → (32, 29) (end=(31, 29), ultimate=(14, 48))
[CROP] Refill densify hop (30, 29) → (32, 29) (ultimate=(14, 48))
[CROP] East-crawl densify (30, 29) → (32, 29) (end=(31, 29), ultimate=(14, 48))
[CROP] East-crawl densify (30, 29) → (32, 29) (end=(31, 29), ultimate=(14, 48))
[CROP] Refill densify recover → (32, 29) from (30, 29) (no path)
[CROP] Past-fence densify south (31, 29) → (30, 32) (end=(30, 29), ultimate=(14, 48))
[CROP] Refill densify hop (31, 29) → (30, 32) (ultimate=(14, 48))
[CROP] East-crawl densify (30, 29) → (32, 29) (end=(31, 29), ultimate=(14, 48))
[CROP] Refill densify hop (30, 29) → (32, 29) (ultimate=(14, 48))
[CROP] East-crawl densify (30, 29) → (32, 29) (end=(31, 29), ultimate=(14, 48))
[CROP] East-crawl densify (30, 29) → (32, 29) (end=(31, 29), ultimate=(14, 48))
[CROP] Refill densify recover → (32, 29) from (30, 29) (no path)
[CROP] Past-fence densify south (31, 29) → (30, 32) (end=(30, 29), ultimate=(14, 48))
[CROP] Refill densify hop (31, 29) → (30, 32) (ultimate=(14, 48))
[CROP] East-crawl densify (30, 29) → (32, 29) (end=(31, 29), ultimate=(14, 48))
[CROP] Refill densify hop (30, 29) → (32, 29) (ultimate=(14, 48))
[CROP] East-crawl densify (30, 29) → (32, 29) (end=(31, 29), ultimate=(14, 48))
[CROP] East-crawl densify (30, 29) → (32, 29) (end=(31, 29), ultimate=(14, 48))
[CROP] Refill densify recover → (32, 29) from (30, 29) (no path)
[CROP] Past-fence densify south (31, 29) → (30, 32) (end=(30, 29), ultimate=(14, 48))
[CROP] Refill densify hop (31, 29) → (30, 32) (ultimate=(14, 48))
[CROP] East-crawl densify (30, 29) → (32, 29) (end=(31, 29), ultimate=(14, 48))
[CROP] Refill densify hop (30, 29) → (32, 29) (ultimate=(14, 48))
[CROP] East-crawl densify (30, 29) → (32, 29) (end=(31, 29), ultimate=(14, 48))
[CROP] East-crawl densify (30, 29) → (32, 29) (end=(31, 29), ultimate=(14, 48))
[CROP] Refill densify recover → (32, 29) from (30, 29) (no path)
[CROP] Past-fence densify south (31, 29) → (30, 32) (end=(30, 29), ultimate=(14, 48))
[CROP] Refill densify hop (31, 29) → (30, 32) (ultimate=(14, 48))
[CROP] East-crawl densify (30, 29) → (32, 29) (end=(31, 29), ultimate=(14, 48))
[CROP] Refill densify hop (30, 29) → (32, 29) (ultimate=(14, 48))
[CROP] East-crawl densify (30, 29) → (32, 29) (end=(31, 29), ultimate=(14, 48))
[CROP] East-crawl densify (30, 29) → (32, 29) (end=(31, 29), ultimate=(14, 48))
[CROP] Refill densify recover → (32, 29) from (30, 29) (no path)
[CROP] Past-fence densify south (31, 29) → (30, 32) (end=(30, 29), ultimate=(14, 48))
[CROP] Refill densify hop (31, 29) → (30, 32) (ultimate=(14, 48))
[CROP] East-crawl densify (30, 29) → (32, 29) (end=(31, 29), ultimate=(14, 48))
[CROP] Refill densify hop (30, 29) → (32, 29) (ultimate=(14, 48))
[CROP] East-crawl densify (30, 29) → (32, 29) (end=(31, 29), ultimate=(14, 48))
[CROP] East-crawl densify (30, 29) → (32, 29) (end=(31, 29), ultimate=(14, 48))
[CROP] Refill densify recover → (32, 29) from (30, 29) (no path)
[CROP] Past-fence densify south (31, 29) → (30, 32) (end=(30, 29), ultimate=(14, 48))
[CROP] Refill densify hop (31, 29) → (30, 32) (ultimate=(14, 48))
[CROP] East-crawl densify (30, 29) → (32, 29) (end=(31, 29), ultimate=(14, 48))
[CROP] Refill densify hop (30, 29) → (32, 29) (ultimate=(14, 48))
[CROP] East-crawl densify (30, 29) → (32, 29) (end=(31, 29), ultimate=(14, 48))
[CROP] East-crawl densify (30, 29) → (32, 29) (end=(31, 29), ultimate=(14, 48))
[CROP] Refill densify recover → (32, 29) from (30, 29) (no path)
[CROP] Past-fence densify south (31, 29) → (30, 32) (end=(30, 29), ultimate=(14, 48))
[CROP] Refill densify hop (31, 29) → (30, 32) (ultimate=(14, 48))
[CROP] East-crawl densify (30, 29) → (32, 29) (end=(31, 29), ultimate=(14, 48))
[CROP] Refill densify hop (30, 29) → (32, 29) (ultimate=(14, 48))
[CROP] East-crawl densify (30, 29) → (32, 29) (end=(31, 29), ultimate=(14, 48))
[CROP] East-crawl densify (30, 29) → (32, 29) (end=(31, 29), ultimate=(14, 48))
[CROP] Refill densify recover → (32, 29) from (30, 29) (no path)
[CROP] Past-fence densify south (31, 29) → (30, 32) (end=(30, 29), ultimate=(14, 48))
[CROP] Refill densify hop (31, 29) → (30, 32) (ultimate=(14, 48))
[CROP] East-crawl densify (30, 29) → (32, 29) (end=(31, 29), ultimate=(14, 48))
[CROP] Refill densify hop (30, 29) → (32, 29) (ultimate=(14, 48))
[CROP] East-crawl densify (30, 29) → (32, 29) (end=(31, 29), ultimate=(14, 48))
[CROP] East-crawl densify (30, 29) → (32, 29) (end=(31, 29), ultimate=(14, 48))
[CROP] Refill densify recover → (32, 29) from (30, 29) (no path)
[CROP] Past-fence densify south (31, 29) → (30, 32) (end=(30, 29), ultimate=(14, 48))
[CROP] Refill densify hop (31, 29) → (30, 32) (ultimate=(14, 48))
[CROP] East-crawl densify (30, 29) → (32, 29) (end=(31, 29), ultimate=(14, 48))
[CROP] Refill densify hop (30, 29) → (32, 29) (ultimate=(14, 48))
[CROP] East-crawl densify (30, 29) → (32, 29) (end=(31, 29), ultimate=(14, 48))
[CROP] East-crawl densify (30, 29) → (32, 29) (end=(31, 29), ultimate=(14, 48))
[CROP] Refill densify recover → (32, 29) from (30, 29) (no path)
[CROP] Past-fence densify south (31, 29) → (30, 32) (end=(30, 29), ultimate=(14, 48))
[CROP] Refill densify hop (31, 29) → (30, 32) (ultimate=(14, 48))
[CROP] East-crawl densify (30, 29) → (32, 29) (end=(31, 29), ultimate=(14, 48))
[CROP] Refill densify hop (30, 29) → (32, 29) (ultimate=(14, 48))
[CROP] East-crawl densify (30, 29) → (32, 29) (end=(31, 29), ultimate=(14, 48))
[CROP] East-crawl densify (30, 29) → (32, 29) (end=(31, 29), ultimate=(14, 48))
[CROP] Refill densify recover → (32, 29) from (30, 29) (no path)
[CROP] Past-fence densify south (31, 29) → (30, 32) (end=(30, 29), ultimate=(14, 48))
[CROP] Refill densify hop (31, 29) → (30, 32) (ultimate=(14, 48))
[CROP] East-crawl densify (30, 29) → (32, 29) (end=(31, 29), ultimate=(14, 48))
[CROP] Refill densify hop (30, 29) → (32, 29) (ultimate=(14, 48))
[CROP] East-crawl densify (30, 29) → (32, 29) (end=(31, 29), ultimate=(14, 48))
[CROP] East-crawl densify (30, 29) → (32, 29) (end=(31, 29), ultimate=(14, 48))
[CROP] Refill densify recover → (32, 29) from (30, 29) (no path)
[CROP] Past-fence densify south (31, 29) → (30, 32) (end=(30, 29), ultimate=(14, 48))
[CROP] Refill densify hop (31, 29) → (30, 32) (ultimate=(14, 48))
[CROP] East-crawl densify (30, 29) → (32, 29) (end=(31, 29), ultimate=(14, 48))
[CROP] Refill densify hop (30, 29) → (32, 29) (ultimate=(14, 48))
[CROP] East-crawl densify (30, 29) → (32, 29) (end=(31, 29), ultimate=(14, 48))
[CROP] East-crawl densify (30, 29) → (32, 29) (end=(31, 29), ultimate=(14, 48))
[CROP] Refill densify recover → (32, 29) from (30, 29) (no path)
[CROP] Past-fence densify south (31, 29) → (30, 32) (end=(30, 29), ultimate=(14, 48))
[CROP] Refill densify hop (31, 29) → (30, 32) (ultimate=(14, 48))
[CROP] East-crawl densify (30, 29) → (32, 29) (end=(31, 29), ultimate=(14, 48))
[CROP] Refill densify hop (30, 29) → (32, 29) (ultimate=(14, 48))
[CROP] East-crawl densify (30, 29) → (32, 29) (end=(31, 29), ultimate=(14, 48))
[CROP] East-crawl densify (30, 29) → (32, 29) (end=(31, 29), ultimate=(14, 48))
[CROP] Refill densify recover → (32, 29) from (30, 29) (no path)
[CROP] Past-fence densify south (31, 29) → (30, 32) (end=(30, 29), ultimate=(14, 48))
[CROP] Refill densify hop (31, 29) → (30, 32) (ultimate=(14, 48))
[CROP] East-crawl densify (30, 29) → (32, 29) (end=(31, 29), ultimate=(14, 48))
[CROP] Refill densify hop (30, 29) → (32, 29) (ultimate=(14, 48))
[CROP] East-crawl densify (30, 29) → (32, 29) (end=(31, 29), ultimate=(14, 48))
[CROP] East-crawl densify (30, 29) → (32, 29) (end=(31, 29), ultimate=(14, 48))
[CROP] Refill densify recover → (32, 29) from (30, 29) (no path)
[CROP] Past-fence densify south (31, 29) → (30, 32) (end=(30, 29), ultimate=(14, 48))
[CROP] Refill densify hop (31, 29) → (30, 32) (ultimate=(14, 48))
[CROP] East-crawl densify (30, 29) → (32, 29) (end=(31, 29), ultimate=(14, 48))
[CROP] Refill densify hop (30, 29) → (32, 29) (ultimate=(14, 48))
[CROP] East-crawl densify (30, 29) → (32, 29) (end=(31, 29), ultimate=(14, 48))
[CROP] East-crawl densify (30, 29) → (32, 29) (end=(31, 29), ultimate=(14, 48))
[CROP] Refill densify recover → (32, 29) from (30, 29) (no path)
[CROP] Past-fence densify south (31, 29) → (30, 32) (end=(30, 29), ultimate=(14, 48))
[CROP] Refill densify hop (31, 29) → (30, 32) (ultimate=(14, 48))
[CROP] East-crawl densify (30, 29) → (32, 29) (end=(31, 29), ultimate=(14, 48))
[CROP] Refill densify hop (30, 29) → (32, 29) (ultimate=(14, 48))
[CROP] East-crawl densify (30, 29) → (32, 29) (end=(31, 29), ultimate=(14, 48))
[CROP] East-crawl densify (30, 29) → (32, 29) (end=(31, 29), ultimate=(14, 48))
[CROP] Refill densify recover → (32, 29) from (30, 29) (no path)
[RUN] f=86000 date=S0D7 18:12 $160 phase=PLAN_DAY date=0:7 completed=5/40
[CROP] Past-fence densify south (31, 29) → (30, 32) (end=(30, 29), ultimate=(14, 48))
[CROP] Refill densify hop (31, 29) → (30, 32) (ultimate=(14, 48))
[CROP] East-crawl densify (30, 29) → (32, 29) (end=(31, 29), ultimate=(14, 48))
[CROP] Refill densify hop (30, 29) → (32, 29) (ultimate=(14, 48))
[CROP] East-crawl densify (30, 29) → (32, 29) (end=(31, 29), ultimate=(14, 48))
[CROP] East-crawl densify (30, 29) → (32, 29) (end=(31, 29), ultimate=(14, 48))
[CROP] Refill densify recover → (32, 29) from (30, 29) (no path)
[CROP] Past-fence densify south (31, 29) → (30, 32) (end=(30, 29), ultimate=(14, 48))
[CROP] Refill densify hop (31, 29) → (30, 32) (ultimate=(14, 48))
[CROP] East-crawl densify (30, 29) → (32, 29) (end=(31, 29), ultimate=(14, 48))
[CROP] Refill densify hop (30, 29) → (32, 29) (ultimate=(14, 48))
[CROP] East-crawl densify (30, 29) → (32, 29) (end=(31, 29), ultimate=(14, 48))
[CROP] East-crawl densify (30, 29) → (32, 29) (end=(31, 29), ultimate=(14, 48))
[CROP] Refill densify recover → (32, 29) from (30, 29) (no path)
[CROP] Past-fence densify south (31, 29) → (30, 32) (end=(30, 29), ultimate=(14, 48))
[CROP] Refill densify hop (31, 29) → (30, 32) (ultimate=(14, 48))
[CROP] East-crawl densify (30, 29) → (32, 29) (end=(31, 29), ultimate=(14, 48))
[CROP] Refill densify hop (30, 29) → (32, 29) (ultimate=(14, 48))
[CROP] East-crawl densify (30, 29) → (32, 29) (end=(31, 29), ultimate=(14, 48))
[CROP] East-crawl densify (30, 29) → (32, 29) (end=(31, 29), ultimate=(14, 48))
[CROP] Refill densify recover → (32, 29) from (30, 29) (no path)
[CROP] Past-fence densify south (31, 29) → (30, 32) (end=(30, 29), ultimate=(14, 48))
[CROP] Refill densify hop (31, 29) → (30, 32) (ultimate=(14, 48))
[CROP] East-crawl densify (30, 29) → (32, 29) (end=(31, 29), ultimate=(14, 48))
[CROP] Refill densify hop (30, 29) → (32, 29) (ultimate=(14, 48))
[CROP] East-crawl densify (30, 29) → (32, 29) (end=(31, 29), ultimate=(14, 48))
[CROP] East-crawl densify (30, 29) → (32, 29) (end=(31, 29), ultimate=(14, 48))
[CROP] Refill densify recover → (32, 29) from (30, 29) (no path)
[CROP] Past-fence densify south (31, 29) → (30, 32) (end=(30, 29), ultimate=(14, 48))
[CROP] Refill densify hop (31, 29) → (30, 32) (ultimate=(14, 48))
[CROP] East-crawl densify (30, 29) → (32, 29) (end=(31, 29), ultimate=(14, 48))
[CROP] Refill densify hop (30, 29) → (32, 29) (ultimate=(14, 48))
[CROP] East-crawl densify (30, 29) → (32, 29) (end=(31, 29), ultimate=(14, 48))
[CROP] East-crawl densify (30, 29) → (32, 29) (end=(31, 29), ultimate=(14, 48))
[CROP] Refill densify recover → (32, 29) from (30, 29) (no path)
[CROP] Past-fence densify south (31, 29) → (30, 32) (end=(30, 29), ultimate=(14, 48))
[CROP] Refill densify hop (31, 29) → (30, 32) (ultimate=(14, 48))
[CROP] East-crawl densify (30, 29) → (32, 29) (end=(31, 29), ultimate=(14, 48))
[CROP] Refill densify hop (30, 29) → (32, 29) (ultimate=(14, 48))
[CROP] East-crawl densify (30, 29) → (32, 29) (end=(31, 29), ultimate=(14, 48))
[CROP] East-crawl densify (30, 29) → (32, 29) (end=(31, 29), ultimate=(14, 48))
[CROP] Refill densify recover → (32, 29) from (30, 29) (no path)
[CROP] Past-fence densify south (31, 29) → (30, 32) (end=(30, 29), ultimate=(14, 48))
[CROP] Refill densify hop (31, 29) → (30, 32) (ultimate=(14, 48))
[CROP] East-crawl densify (30, 29) → (32, 29) (end=(31, 29), ultimate=(14, 48))
[CROP] Refill densify hop (30, 29) → (32, 29) (ultimate=(14, 48))
[CROP] East-crawl densify (30, 29) → (32, 29) (end=(31, 29), ultimate=(14, 48))
[CROP] East-crawl densify (30, 29) → (32, 29) (end=(31, 29), ultimate=(14, 48))
[CROP] Refill densify recover → (32, 29) from (30, 29) (no path)
[CROP] Past-fence densify south (31, 29) → (30, 32) (end=(30, 29), ultimate=(14, 48))
[CROP] Refill densify hop (31, 29) → (30, 32) (ultimate=(14, 48))
[CROP] East-crawl densify (30, 29) → (32, 29) (end=(31, 29), ultimate=(14, 48))
[CROP] Refill densify hop (30, 29) → (32, 29) (ultimate=(14, 48))
[CROP] East-crawl densify (30, 29) → (32, 29) (end=(31, 29), ultimate=(14, 48))
[CROP] East-crawl densify (30, 29) → (32, 29) (end=(31, 29), ultimate=(14, 48))
[CROP] Refill densify recover → (32, 29) from (30, 29) (no path)
[CROP] Past-fence densify south (31, 29) → (30, 32) (end=(30, 29), ultimate=(14, 48))
[CROP] Refill densify hop (31, 29) → (30, 32) (ultimate=(14, 48))
[CROP] East-crawl densify (30, 29) → (32, 29) (end=(31, 29), ultimate=(14, 48))
[CROP] Refill densify hop (30, 29) → (32, 29) (ultimate=(14, 48))
[CROP] East-crawl densify (30, 29) → (32, 29) (end=(31, 29), ultimate=(14, 48))
[CROP] East-crawl densify (30, 29) → (32, 29) (end=(31, 29), ultimate=(14, 48))
[CROP] Refill densify recover → (32, 29) from (30, 29) (no path)
[CROP] Past-fence densify south (31, 29) → (30, 32) (end=(30, 29), ultimate=(14, 48))
[CROP] Refill densify hop (31, 29) → (30, 32) (ultimate=(14, 48))
[CROP] East-crawl densify (30, 29) → (32, 29) (end=(31, 29), ultimate=(14, 48))
[CROP] Refill densify hop (30, 29) → (32, 29) (ultimate=(14, 48))
[CROP] East-crawl densify (30, 29) → (32, 29) (end=(31, 29), ultimate=(14, 48))
[CROP] East-crawl densify (30, 29) → (32, 29) (end=(31, 29), ultimate=(14, 48))
[CROP] Refill densify recover → (32, 29) from (30, 29) (no path)
[CROP] Past-fence densify south (31, 29) → (30, 32) (end=(30, 29), ultimate=(14, 48))
[CROP] Refill densify hop (31, 29) → (30, 32) (ultimate=(14, 48))
[CROP] East-crawl densify (30, 29) → (32, 29) (end=(31, 29), ultimate=(14, 48))
[CROP] Refill densify hop (30, 29) → (32, 29) (ultimate=(14, 48))
[CROP] East-crawl densify (30, 29) → (32, 29) (end=(31, 29), ultimate=(14, 48))
[CROP] East-crawl densify (30, 29) → (32, 29) (end=(31, 29), ultimate=(14, 48))
[CROP] Refill densify recover → (32, 29) from (30, 29) (no path)
[CROP] Past-fence densify south (31, 29) → (30, 32) (end=(30, 29), ultimate=(14, 48))
[CROP] Refill densify hop (31, 29) → (30, 32) (ultimate=(14, 48))
[CROP] East-crawl densify (30, 29) → (32, 29) (end=(31, 29), ultimate=(14, 48))
[CROP] Refill densify hop (30, 29) → (32, 29) (ultimate=(14, 48))
[CROP] East-crawl densify (30, 29) → (32, 29) (end=(31, 29), ultimate=(14, 48))
[CROP] East-crawl densify (30, 29) → (32, 29) (end=(31, 29), ultimate=(14, 48))
[CROP] Refill densify recover → (32, 29) from (30, 29) (no path)
[CROP] Past-fence densify south (31, 29) → (30, 32) (end=(30, 29), ultimate=(14, 48))
[CROP] Refill densify hop (31, 29) → (30, 32) (ultimate=(14, 48))
[CROP] East-crawl densify (30, 29) → (32, 29) (end=(31, 29), ultimate=(14, 48))
[CROP] Refill densify hop (30, 29) → (32, 29) (ultimate=(14, 48))
[CROP] East-crawl densify (30, 29) → (32, 29) (end=(31, 29), ultimate=(14, 48))
[CROP] East-crawl densify (30, 29) → (32, 29) (end=(31, 29), ultimate=(14, 48))
[CROP] Refill densify recover → (32, 29) from (30, 29) (no path)
[CROP] Past-fence densify south (31, 29) → (30, 32) (end=(30, 29), ultimate=(14, 48))
[CROP] Refill densify hop (31, 29) → (30, 32) (ultimate=(14, 48))
[CROP] East-crawl densify (30, 29) → (32, 29) (end=(31, 29), ultimate=(14, 48))
[CROP] Refill densify hop (30, 29) → (32, 29) (ultimate=(14, 48))
[CROP] East-crawl densify (30, 29) → (32, 29) (end=(31, 29), ultimate=(14, 48))
[CROP] East-crawl densify (30, 29) → (32, 29) (end=(31, 29), ultimate=(14, 48))
[CROP] Refill densify recover → (32, 29) from (30, 29) (no path)
[CROP] Past-fence densify south (31, 29) → (30, 32) (end=(30, 29), ultimate=(14, 48))
[CROP] Refill densify hop (31, 29) → (30, 32) (ultimate=(14, 48))
[CROP] East-crawl densify (30, 29) → (32, 29) (end=(31, 29), ultimate=(14, 48))
[CROP] Refill densify hop (30, 29) → (32, 29) (ultimate=(14, 48))
[CROP] East-crawl densify (30, 29) → (32, 29) (end=(31, 29), ultimate=(14, 48))
[CROP] East-crawl densify (30, 29) → (32, 29) (end=(31, 29), ultimate=(14, 48))
[CROP] Refill densify recover → (32, 29) from (30, 29) (no path)
[CROP] Past-fence densify south (31, 29) → (30, 32) (end=(30, 29), ultimate=(14, 48))
[CROP] Refill densify hop (31, 29) → (30, 32) (ultimate=(14, 48))
[CROP] East-crawl densify (30, 29) → (32, 29) (end=(31, 29), ultimate=(14, 48))
[CROP] Refill densify hop (30, 29) → (32, 29) (ultimate=(14, 48))
[CROP] East-crawl densify (30, 29) → (32, 29) (end=(31, 29), ultimate=(14, 48))
[CROP] East-crawl densify (30, 29) → (32, 29) (end=(31, 29), ultimate=(14, 48))
[CROP] Refill densify recover → (32, 29) from (30, 29) (no path)
[CROP] Past-fence densify south (31, 29) → (30, 32) (end=(30, 29), ultimate=(14, 48))
[CROP] Refill densify hop (31, 29) → (30, 32) (ultimate=(14, 48))
[CROP] East-crawl densify (30, 29) → (32, 29) (end=(31, 29), ultimate=(14, 48))
[CROP] Refill densify hop (30, 29) → (32, 29) (ultimate=(14, 48))
[CROP] East-crawl densify (30, 29) → (32, 29) (end=(31, 29), ultimate=(14, 48))
[CROP] East-crawl densify (30, 29) → (32, 29) (end=(31, 29), ultimate=(14, 48))
[CROP] Refill densify recover → (32, 29) from (30, 29) (no path)
[CROP] Past-fence densify south (31, 29) → (30, 32) (end=(30, 29), ultimate=(14, 48))
[CROP] Refill densify hop (31, 29) → (30, 32) (ultimate=(14, 48))
[CROP] East-crawl densify (30, 29) → (32, 29) (end=(31, 29), ultimate=(14, 48))
[CROP] Refill densify hop (30, 29) → (32, 29) (ultimate=(14, 48))
[CROP] East-crawl densify (30, 29) → (32, 29) (end=(31, 29), ultimate=(14, 48))
[CROP] East-crawl densify (30, 29) → (32, 29) (end=(31, 29), ultimate=(14, 48))
[CROP] Refill densify recover → (32, 29) from (30, 29) (no path)
[CROP] Past-fence densify south (31, 29) → (30, 32) (end=(30, 29), ultimate=(14, 48))
[CROP] Refill densify hop (31, 29) → (30, 32) (ultimate=(14, 48))
[CROP] East-crawl densify (30, 29) → (32, 29) (end=(31, 29), ultimate=(14, 48))
[CROP] Refill densify hop (30, 29) → (32, 29) (ultimate=(14, 48))
[CROP] East-crawl densify (30, 29) → (32, 29) (end=(31, 29), ultimate=(14, 48))
[CROP] East-crawl densify (30, 29) → (32, 29) (end=(31, 29), ultimate=(14, 48))
[CROP] Refill densify recover → (32, 29) from (30, 29) (no path)
[CROP] Past-fence densify south (31, 29) → (30, 32) (end=(30, 29), ultimate=(14, 48))
[CROP] Refill densify hop (31, 29) → (30, 32) (ultimate=(14, 48))
[CROP] East-crawl densify (30, 29) → (32, 29) (end=(31, 29), ultimate=(14, 48))
[CROP] Refill densify hop (30, 29) → (32, 29) (ultimate=(14, 48))
[CROP] East-crawl densify (30, 29) → (32, 29) (end=(31, 29), ultimate=(14, 48))
[CROP] East-crawl densify (30, 29) → (32, 29) (end=(31, 29), ultimate=(14, 48))
[CROP] Refill densify recover → (32, 29) from (30, 29) (no path)
[CROP] Past-fence densify south (31, 29) → (30, 32) (end=(30, 29), ultimate=(14, 48))
[CROP] Refill densify hop (31, 29) → (30, 32) (ultimate=(14, 48))
[CROP] East-crawl densify (30, 29) → (32, 29) (end=(31, 29), ultimate=(14, 48))
[CROP] Refill densify hop (30, 29) → (32, 29) (ultimate=(14, 48))
[CROP] East-crawl densify (30, 29) → (32, 29) (end=(31, 29), ultimate=(14, 48))
[CROP] East-crawl densify (30, 29) → (32, 29) (end=(31, 29), ultimate=(14, 48))
[CROP] Refill densify recover → (32, 29) from (30, 29) (no path)
[CROP] Past-fence densify south (31, 29) → (30, 32) (end=(30, 29), ultimate=(14, 48))
[CROP] Refill densify hop (31, 29) → (30, 32) (ultimate=(14, 48))
[CROP] East-crawl densify (30, 29) → (32, 29) (end=(31, 29), ultimate=(14, 48))
[CROP] Refill densify hop (30, 29) → (32, 29) (ultimate=(14, 48))
[CROP] East-crawl densify (30, 29) → (32, 29) (end=(31, 29), ultimate=(14, 48))
[CROP] East-crawl densify (30, 29) → (32, 29) (end=(31, 29), ultimate=(14, 48))
[CROP] Refill densify recover → (32, 29) from (30, 29) (no path)
[CROP] Past-fence densify south (31, 29) → (30, 32) (end=(30, 29), ultimate=(14, 48))
[CROP] Refill densify hop (31, 29) → (30, 32) (ultimate=(14, 48))
[CROP] East-crawl densify (30, 29) → (32, 29) (end=(31, 29), ultimate=(14, 48))
[CROP] Refill densify hop (30, 29) → (32, 29) (ultimate=(14, 48))
[CROP] East-crawl densify (30, 29) → (32, 29) (end=(31, 29), ultimate=(14, 48))
[CROP] East-crawl densify (30, 29) → (32, 29) (end=(31, 29), ultimate=(14, 48))
[CROP] Refill densify recover → (32, 29) from (30, 29) (no path)
[CROP] Past-fence densify south (31, 29) → (30, 32) (end=(30, 29), ultimate=(14, 48))
[CROP] Refill densify hop (31, 29) → (30, 32) (ultimate=(14, 48))
[CROP] East-crawl densify (30, 29) → (32, 29) (end=(31, 29), ultimate=(14, 48))
[CROP] Refill densify hop (30, 29) → (32, 29) (ultimate=(14, 48))
[CROP] East-crawl densify (30, 29) → (32, 29) (end=(31, 29), ultimate=(14, 48))
[CROP] East-crawl densify (30, 29) → (32, 29) (end=(31, 29), ultimate=(14, 48))
[CROP] Refill densify recover → (32, 29) from (30, 29) (no path)
[CROP] Past-fence densify south (31, 29) → (30, 32) (end=(30, 29), ultimate=(14, 48))
[CROP] Refill densify hop (31, 29) → (30, 32) (ultimate=(14, 48))
[CROP] East-crawl densify (30, 29) → (32, 29) (end=(31, 29), ultimate=(14, 48))
[CROP] Refill densify hop (30, 29) → (32, 29) (ultimate=(14, 48))
[CROP] East-crawl densify (30, 29) → (32, 29) (end=(31, 29), ultimate=(14, 48))
[CROP] East-crawl densify (30, 29) → (32, 29) (end=(31, 29), ultimate=(14, 48))
[CROP] Refill densify recover → (32, 29) from (30, 29) (no path)
[CROP] Past-fence densify south (31, 29) → (30, 32) (end=(30, 29), ultimate=(14, 48))
[CROP] Refill densify hop (31, 29) → (30, 32) (ultimate=(14, 48))
[CROP] East-crawl densify (30, 29) → (32, 29) (end=(31, 29), ultimate=(14, 48))
[CROP] Refill densify hop (30, 29) → (32, 29) (ultimate=(14, 48))
[CROP] East-crawl densify (30, 29) → (32, 29) (end=(31, 29), ultimate=(14, 48))
[CROP] East-crawl densify (30, 29) → (32, 29) (end=(31, 29), ultimate=(14, 48))
[CROP] Refill densify recover → (32, 29) from (30, 29) (no path)
[CROP] Past-fence densify south (31, 29) → (30, 32) (end=(30, 29), ultimate=(14, 48))
[CROP] Refill densify hop (31, 29) → (30, 32) (ultimate=(14, 48))
[CROP] East-crawl densify (30, 29) → (32, 29) (end=(31, 29), ultimate=(14, 48))
[CROP] Refill densify hop (30, 29) → (32, 29) (ultimate=(14, 48))
[CROP] East-crawl densify (30, 29) → (32, 29) (end=(31, 29), ultimate=(14, 48))
[CROP] East-crawl densify (30, 29) → (32, 29) (end=(31, 29), ultimate=(14, 48))
[CROP] Refill densify recover → (32, 29) from (30, 29) (no path)
[CROP] Past-fence densify south (31, 29) → (30, 32) (end=(30, 29), ultimate=(14, 48))
[CROP] Refill densify hop (31, 29) → (30, 32) (ultimate=(14, 48))
[CROP] East-crawl densify (30, 29) → (32, 29) (end=(31, 29), ultimate=(14, 48))
[CROP] Refill densify hop (30, 29) → (32, 29) (ultimate=(14, 48))
[CROP] East-crawl densify (30, 29) → (32, 29) (end=(31, 29), ultimate=(14, 48))
[CROP] East-crawl densify (30, 29) → (32, 29) (end=(31, 29), ultimate=(14, 48))
[CROP] Refill densify recover → (32, 29) from (30, 29) (no path)
[CROP] Past-fence densify south (31, 29) → (30, 32) (end=(30, 29), ultimate=(14, 48))
[CROP] Refill densify hop (31, 29) → (30, 32) (ultimate=(14, 48))
[CROP] East-crawl densify (30, 29) → (32, 29) (end=(31, 29), ultimate=(14, 48))
[CROP] Refill densify hop (30, 29) → (32, 29) (ultimate=(14, 48))
[CROP] East-crawl densify (30, 29) → (32, 29) (end=(31, 29), ultimate=(14, 48))
[CROP] East-crawl densify (30, 29) → (32, 29) (end=(31, 29), ultimate=(14, 48))
[CROP] Refill densify recover → (32, 29) from (30, 29) (no path)
[CROP] Past-fence densify south (31, 29) → (30, 32) (end=(30, 29), ultimate=(14, 48))
[CROP] Refill densify hop (31, 29) → (30, 32) (ultimate=(14, 48))
[CROP] East-crawl densify (30, 29) → (32, 29) (end=(31, 29), ultimate=(14, 48))
[CROP] Refill densify hop (30, 29) → (32, 29) (ultimate=(14, 48))
[CROP] East-crawl densify (30, 29) → (32, 29) (end=(31, 29), ultimate=(14, 48))
[CROP] East-crawl densify (30, 29) → (32, 29) (end=(31, 29), ultimate=(14, 48))
[CROP] Refill densify recover → (32, 29) from (30, 29) (no path)
[CROP] Past-fence densify south (31, 29) → (30, 32) (end=(30, 29), ultimate=(14, 48))
[CROP] Refill densify hop (31, 29) → (30, 32) (ultimate=(14, 48))
[CROP] East-crawl densify (30, 29) → (32, 29) (end=(31, 29), ultimate=(14, 48))
[CROP] Refill densify hop (30, 29) → (32, 29) (ultimate=(14, 48))
[CROP] East-crawl densify (30, 29) → (32, 29) (end=(31, 29), ultimate=(14, 48))
[CROP] East-crawl densify (30, 29) → (32, 29) (end=(31, 29), ultimate=(14, 48))
[CROP] Refill densify recover → (32, 29) from (30, 29) (no path)
[CROP] Past-fence densify south (31, 29) → (30, 32) (end=(30, 29), ultimate=(14, 48))
[CROP] Refill densify hop (31, 29) → (30, 32) (ultimate=(14, 48))
[CROP] East-crawl densify (30, 29) → (32, 29) (end=(31, 29), ultimate=(14, 48))
[CROP] Refill densify hop (30, 29) → (32, 29) (ultimate=(14, 48))
[CROP] East-crawl densify (30, 29) → (32, 29) (end=(31, 29), ultimate=(14, 48))
[CROP] East-crawl densify (30, 29) → (32, 29) (end=(31, 29), ultimate=(14, 48))
[CROP] Refill densify recover → (32, 29) from (30, 29) (no path)
[CROP] Past-fence densify south (31, 29) → (30, 32) (end=(30, 29), ultimate=(14, 48))
[CROP] Refill densify hop (31, 29) → (30, 32) (ultimate=(14, 48))
[CROP] East-crawl densify (30, 29) → (32, 29) (end=(31, 29), ultimate=(14, 48))
[CROP] Refill densify hop (30, 29) → (32, 29) (ultimate=(14, 48))
[CROP] East-crawl densify (30, 29) → (32, 29) (end=(31, 29), ultimate=(14, 48))
[CROP] East-crawl densify (30, 29) → (32, 29) (end=(31, 29), ultimate=(14, 48))
[CROP] Refill densify recover → (32, 29) from (30, 29) (no path)
[CROP] Past-fence densify south (31, 29) → (30, 32) (end=(30, 29), ultimate=(14, 48))
[CROP] Refill densify hop (31, 29) → (30, 32) (ultimate=(14, 48))
[CROP] East-crawl densify (30, 29) → (32, 29) (end=(31, 29), ultimate=(14, 48))
[CROP] Refill densify hop (30, 29) → (32, 29) (ultimate=(14, 48))
[CROP] East-crawl densify (30, 29) → (32, 29) (end=(31, 29), ultimate=(14, 48))
[CROP] East-crawl densify (30, 29) → (32, 29) (end=(31, 29), ultimate=(14, 48))
[CROP] Refill densify recover → (32, 29) from (30, 29) (no path)
[CROP] Past-fence densify south (31, 29) → (30, 32) (end=(30, 29), ultimate=(14, 48))
[CROP] Refill densify hop (31, 29) → (30, 32) (ultimate=(14, 48))
[CROP] East-crawl densify (30, 29) → (32, 29) (end=(31, 29), ultimate=(14, 48))
[CROP] Refill densify hop (30, 29) → (32, 29) (ultimate=(14, 48))
[CROP] East-crawl densify (30, 29) → (32, 29) (end=(31, 29), ultimate=(14, 48))
[CROP] East-crawl densify (30, 29) → (32, 29) (end=(31, 29), ultimate=(14, 48))
[CROP] Refill densify recover → (32, 29) from (30, 29) (no path)
[CROP] Past-fence densify south (31, 29) → (30, 32) (end=(30, 29), ultimate=(14, 48))
[CROP] Refill densify hop (31, 29) → (30, 32) (ultimate=(14, 48))
[CROP] East-crawl densify (30, 29) → (32, 29) (end=(31, 29), ultimate=(14, 48))
[CROP] Refill densify hop (30, 29) → (32, 29) (ultimate=(14, 48))
[CROP] East-crawl densify (30, 29) → (32, 29) (end=(31, 29), ultimate=(14, 48))
[CROP] East-crawl densify (30, 29) → (32, 29) (end=(31, 29), ultimate=(14, 48))
[CROP] Refill densify recover → (32, 29) from (30, 29) (no path)
[CROP] Past-fence densify south (31, 29) → (30, 32) (end=(30, 29), ultimate=(14, 48))
[CROP] Refill densify hop (31, 29) → (30, 32) (ultimate=(14, 48))
[CROP] East-crawl densify (30, 29) → (32, 29) (end=(31, 29), ultimate=(14, 48))
[CROP] Refill densify hop (30, 29) → (32, 29) (ultimate=(14, 48))
[CROP] East-crawl densify (30, 29) → (32, 29) (end=(31, 29), ultimate=(14, 48))
[CROP] East-crawl densify (30, 29) → (32, 29) (end=(31, 29), ultimate=(14, 48))
[CROP] Refill densify recover → (32, 29) from (30, 29) (no path)
[CROP] Past-fence densify south (31, 29) → (30, 32) (end=(30, 29), ultimate=(14, 48))
[CROP] Refill densify hop (31, 29) → (30, 32) (ultimate=(14, 48))
[CROP] East-crawl densify (30, 29) → (32, 29) (end=(31, 29), ultimate=(14, 48))
[CROP] Refill densify hop (30, 29) → (32, 29) (ultimate=(14, 48))
[CROP] East-crawl densify (30, 29) → (32, 29) (end=(31, 29), ultimate=(14, 48))
[CROP] East-crawl densify (30, 29) → (32, 29) (end=(31, 29), ultimate=(14, 48))
[CROP] Refill densify recover → (32, 29) from (30, 29) (no path)
[CROP] Past-fence densify south (31, 29) → (30, 32) (end=(30, 29), ultimate=(14, 48))
[CROP] Refill densify hop (31, 29) → (30, 32) (ultimate=(14, 48))
[CROP] East-crawl densify (30, 29) → (32, 29) (end=(31, 29), ultimate=(14, 48))
[CROP] Refill densify hop (30, 29) → (32, 29) (ultimate=(14, 48))
[CROP] East-crawl densify (30, 29) → (32, 29) (end=(31, 29), ultimate=(14, 48))
[CROP] East-crawl densify (30, 29) → (32, 29) (end=(31, 29), ultimate=(14, 48))
[CROP] Refill densify recover → (32, 29) from (30, 29) (no path)
[CROP] Past-fence densify south (31, 29) → (30, 32) (end=(30, 29), ultimate=(14, 48))
[CROP] Refill densify hop (31, 29) → (30, 32) (ultimate=(14, 48))
[CROP] East-crawl densify (30, 29) → (32, 29) (end=(31, 29), ultimate=(14, 48))
[CROP] Refill densify hop (30, 29) → (32, 29) (ultimate=(14, 48))
[CROP] East-crawl densify (30, 29) → (32, 29) (end=(31, 29), ultimate=(14, 48))
[CROP] East-crawl densify (30, 29) → (32, 29) (end=(31, 29), ultimate=(14, 48))
[CROP] Refill densify recover → (32, 29) from (30, 29) (no path)
[CROP] Past-fence densify south (31, 29) → (30, 32) (end=(30, 29), ultimate=(14, 48))
[CROP] Refill densify hop (31, 29) → (30, 32) (ultimate=(14, 48))
[CROP] East-crawl densify (30, 29) → (32, 29) (end=(31, 29), ultimate=(14, 48))
[CROP] Refill densify hop (30, 29) → (32, 29) (ultimate=(14, 48))
[CROP] East-crawl densify (30, 29) → (32, 29) (end=(31, 29), ultimate=(14, 48))
[CROP] East-crawl densify (30, 29) → (32, 29) (end=(31, 29), ultimate=(14, 48))
[CROP] Refill densify recover → (32, 29) from (30, 29) (no path)
[CROP] Past-fence densify south (31, 29) → (30, 32) (end=(30, 29), ultimate=(14, 48))
[CROP] Refill densify hop (31, 29) → (30, 32) (ultimate=(14, 48))
[CROP] East-crawl densify (30, 29) → (32, 29) (end=(31, 29), ultimate=(14, 48))
[CROP] Refill densify hop (30, 29) → (32, 29) (ultimate=(14, 48))
[CROP] East-crawl densify (30, 29) → (32, 29) (end=(31, 29), ultimate=(14, 48))
[CROP] East-crawl densify (30, 29) → (32, 29) (end=(31, 29), ultimate=(14, 48))
[CROP] Refill densify recover → (32, 29) from (30, 29) (no path)
[CROP] Past-fence densify south (31, 29) → (30, 32) (end=(30, 29), ultimate=(14, 48))
[CROP] Refill densify hop (31, 29) → (30, 32) (ultimate=(14, 48))
[CROP] East-crawl densify (30, 29) → (32, 29) (end=(31, 29), ultimate=(14, 48))
[CROP] Refill densify hop (30, 29) → (32, 29) (ultimate=(14, 48))
[CROP] East-crawl densify (30, 29) → (32, 29) (end=(31, 29), ultimate=(14, 48))
[CROP] East-crawl densify (30, 29) → (32, 29) (end=(31, 29), ultimate=(14, 48))
[CROP] Refill densify recover → (32, 29) from (30, 29) (no path)
[CROP] Past-fence densify south (31, 29) → (30, 32) (end=(30, 29), ultimate=(14, 48))
[CROP] Refill densify hop (31, 29) → (30, 32) (ultimate=(14, 48))
[CROP] East-crawl densify (30, 29) → (32, 29) (end=(31, 29), ultimate=(14, 48))
[CROP] Refill densify hop (30, 29) → (32, 29) (ultimate=(14, 48))
[CROP] East-crawl densify (30, 29) → (32, 29) (end=(31, 29), ultimate=(14, 48))
[CROP] East-crawl densify (30, 29) → (32, 29) (end=(31, 29), ultimate=(14, 48))
[CROP] Refill densify recover → (32, 29) from (30, 29) (no path)
[CROP] Past-fence densify south (31, 29) → (30, 32) (end=(30, 29), ultimate=(14, 48))
[CROP] Refill densify hop (31, 29) → (30, 32) (ultimate=(14, 48))
[CROP] East-crawl densify (30, 29) → (32, 29) (end=(31, 29), ultimate=(14, 48))
[CROP] Refill densify hop (30, 29) → (32, 29) (ultimate=(14, 48))
[CROP] East-crawl densify (30, 29) → (32, 29) (end=(31, 29), ultimate=(14, 48))
[CROP] East-crawl densify (30, 29) → (32, 29) (end=(31, 29), ultimate=(14, 48))
[CROP] Refill densify recover → (32, 29) from (30, 29) (no path)
[CROP] Past-fence densify south (31, 29) → (30, 32) (end=(30, 29), ultimate=(14, 48))
[CROP] Refill densify hop (31, 29) → (30, 32) (ultimate=(14, 48))
[CROP] East-crawl densify (30, 29) → (32, 29) (end=(31, 29), ultimate=(14, 48))
[CROP] Refill densify hop (30, 29) → (32, 29) (ultimate=(14, 48))
[CROP] East-crawl densify (30, 29) → (32, 29) (end=(31, 29), ultimate=(14, 48))
[CROP] East-crawl densify (30, 29) → (32, 29) (end=(31, 29), ultimate=(14, 48))
[CROP] Refill densify recover → (32, 29) from (30, 29) (no path)
[CROP] Past-fence densify south (31, 29) → (30, 32) (end=(30, 29), ultimate=(14, 48))
[CROP] Refill densify hop (31, 29) → (30, 32) (ultimate=(14, 48))
[CROP] East-crawl densify (30, 29) → (32, 29) (end=(31, 29), ultimate=(14, 48))
[CROP] Refill densify hop (30, 29) → (32, 29) (ultimate=(14, 48))
[CROP] East-crawl densify (30, 29) → (32, 29) (end=(31, 29), ultimate=(14, 48))
[CROP] East-crawl densify (30, 29) → (32, 29) (end=(31, 29), ultimate=(14, 48))
[CROP] Refill densify recover → (32, 29) from (30, 29) (no path)
[CROP] Past-fence densify south (31, 29) → (30, 32) (end=(30, 29), ultimate=(14, 48))
[CROP] Refill densify hop (31, 29) → (30, 32) (ultimate=(14, 48))
[CROP] East-crawl densify (30, 29) → (32, 29) (end=(31, 29), ultimate=(14, 48))
[CROP] Refill densify hop (30, 29) → (32, 29) (ultimate=(14, 48))
[CROP] East-crawl densify (30, 29) → (32, 29) (end=(31, 29), ultimate=(14, 48))
[CROP] East-crawl densify (30, 29) → (32, 29) (end=(31, 29), ultimate=(14, 48))
[CROP] Refill densify recover → (32, 29) from (30, 29) (no path)
[CROP] Past-fence densify south (31, 29) → (30, 32) (end=(30, 29), ultimate=(14, 48))
[CROP] Refill densify hop (31, 29) → (30, 32) (ultimate=(14, 48))
[CROP] East-crawl densify (30, 29) → (32, 29) (end=(31, 29), ultimate=(14, 48))
[CROP] Refill densify hop (30, 29) → (32, 29) (ultimate=(14, 48))
[CROP] East-crawl densify (30, 29) → (32, 29) (end=(31, 29), ultimate=(14, 48))
[CROP] East-crawl densify (30, 29) → (32, 29) (end=(31, 29), ultimate=(14, 48))
[CROP] Refill densify recover → (32, 29) from (30, 29) (no path)
[CROP] Past-fence densify south (31, 29) → (30, 32) (end=(30, 29), ultimate=(14, 48))
[CROP] Refill densify hop (31, 29) → (30, 32) (ultimate=(14, 48))
[CROP] East-crawl densify (30, 29) → (32, 29) (end=(31, 29), ultimate=(14, 48))
[CROP] Refill densify hop (30, 29) → (32, 29) (ultimate=(14, 48))
[CROP] East-crawl densify (30, 29) → (32, 29) (end=(31, 29), ultimate=(14, 48))
[CROP] East-crawl densify (30, 29) → (32, 29) (end=(31, 29), ultimate=(14, 48))
[CROP] Refill densify recover → (32, 29) from (30, 29) (no path)
[CROP] Past-fence densify south (31, 29) → (30, 32) (end=(30, 29), ultimate=(14, 48))
[CROP] Refill densify hop (31, 29) → (30, 32) (ultimate=(14, 48))
[CROP] East-crawl densify (30, 29) → (32, 29) (end=(31, 29), ultimate=(14, 48))
[CROP] Refill densify hop (30, 29) → (32, 29) (ultimate=(14, 48))
[CROP] East-crawl densify (30, 29) → (32, 29) (end=(31, 29), ultimate=(14, 48))
[CROP] East-crawl densify (30, 29) → (32, 29) (end=(31, 29), ultimate=(14, 48))
[CROP] Refill densify recover → (32, 29) from (30, 29) (no path)
[CROP] Past-fence densify south (31, 29) → (30, 32) (end=(30, 29), ultimate=(14, 48))
[CROP] Refill densify hop (31, 29) → (30, 32) (ultimate=(14, 48))
[CROP] East-crawl densify (30, 29) → (32, 29) (end=(31, 29), ultimate=(14, 48))
[CROP] Refill densify hop (30, 29) → (32, 29) (ultimate=(14, 48))
[CROP] East-crawl densify (30, 29) → (32, 29) (end=(31, 29), ultimate=(14, 48))
[CROP] East-crawl densify (30, 29) → (32, 29) (end=(31, 29), ultimate=(14, 48))
[CROP] Refill densify recover → (32, 29) from (30, 29) (no path)
[CROP] Past-fence densify south (31, 29) → (30, 32) (end=(30, 29), ultimate=(14, 48))
[CROP] Refill densify hop (31, 29) → (30, 32) (ultimate=(14, 48))
[CROP] East-crawl densify (30, 29) → (32, 29) (end=(31, 29), ultimate=(14, 48))
[CROP] Refill densify hop (30, 29) → (32, 29) (ultimate=(14, 48))
[CROP] East-crawl densify (30, 29) → (32, 29) (end=(31, 29), ultimate=(14, 48))
[CROP] East-crawl densify (30, 29) → (32, 29) (end=(31, 29), ultimate=(14, 48))
[CROP] Refill densify recover → (32, 29) from (30, 29) (no path)
[CROP] Past-fence densify south (31, 29) → (30, 32) (end=(30, 29), ultimate=(14, 48))
[CROP] Refill densify hop (31, 29) → (30, 32) (ultimate=(14, 48))
[CROP] East-crawl densify (30, 29) → (32, 29) (end=(31, 29), ultimate=(14, 48))
[CROP] Refill densify hop (30, 29) → (32, 29) (ultimate=(14, 48))
[CROP] East-crawl densify (30, 29) → (32, 29) (end=(31, 29), ultimate=(14, 48))
[CROP] East-crawl densify (30, 29) → (32, 29) (end=(31, 29), ultimate=(14, 48))
[CROP] Refill densify recover → (32, 29) from (30, 29) (no path)
[CROP] Past-fence densify south (31, 29) → (30, 32) (end=(30, 29), ultimate=(14, 48))
[CROP] Refill densify hop (31, 29) → (30, 32) (ultimate=(14, 48))
[CROP] East-crawl densify (30, 29) → (32, 29) (end=(31, 29), ultimate=(14, 48))
[CROP] Refill densify hop (30, 29) → (32, 29) (ultimate=(14, 48))
[CROP] East-crawl densify (30, 29) → (32, 29) (end=(31, 29), ultimate=(14, 48))
[CROP] East-crawl densify (30, 29) → (32, 29) (end=(31, 29), ultimate=(14, 48))
[CROP] Refill densify recover → (32, 29) from (30, 29) (no path)
[CROP] Past-fence densify south (31, 29) → (30, 32) (end=(30, 29), ultimate=(14, 48))
[CROP] Refill densify hop (31, 29) → (30, 32) (ultimate=(14, 48))
[CROP] East-crawl densify (30, 29) → (32, 29) (end=(31, 29), ultimate=(14, 48))
[CROP] Refill densify hop (30, 29) → (32, 29) (ultimate=(14, 48))
[CROP] East-crawl densify (30, 29) → (32, 29) (end=(31, 29), ultimate=(14, 48))
[CROP] East-crawl densify (30, 29) → (32, 29) (end=(31, 29), ultimate=(14, 48))
[CROP] Refill densify recover → (32, 29) from (30, 29) (no path)
[CROP] Past-fence densify south (31, 29) → (30, 32) (end=(30, 29), ultimate=(14, 48))
[CROP] Refill densify hop (31, 29) → (30, 32) (ultimate=(14, 48))
[CROP] East-crawl densify (30, 29) → (32, 29) (end=(31, 29), ultimate=(14, 48))
[CROP] Refill densify hop (30, 29) → (32, 29) (ultimate=(14, 48))
[CROP] East-crawl densify (30, 29) → (32, 29) (end=(31, 29), ultimate=(14, 48))
[CROP] East-crawl densify (30, 29) → (32, 29) (end=(31, 29), ultimate=(14, 48))
[CROP] Refill densify recover → (32, 29) from (30, 29) (no path)
[CROP] Past-fence densify south (31, 29) → (30, 32) (end=(30, 29), ultimate=(14, 48))
[CROP] Refill densify hop (31, 29) → (30, 32) (ultimate=(14, 48))
[CROP] East-crawl densify (30, 29) → (32, 29) (end=(31, 29), ultimate=(14, 48))
[CROP] Refill densify hop (30, 29) → (32, 29) (ultimate=(14, 48))
[CROP] East-crawl densify (30, 29) → (32, 29) (end=(31, 29), ultimate=(14, 48))
[CROP] East-crawl densify (30, 29) → (32, 29) (end=(31, 29), ultimate=(14, 48))
[CROP] Refill densify recover → (32, 29) from (30, 29) (no path)
[CROP] Past-fence densify south (31, 29) → (30, 32) (end=(30, 29), ultimate=(14, 48))
[CROP] Refill densify hop (31, 29) → (30, 32) (ultimate=(14, 48))
[CROP] East-crawl densify (30, 29) → (32, 29) (end=(31, 29), ultimate=(14, 48))
[CROP] Refill densify hop (30, 29) → (32, 29) (ultimate=(14, 48))
[CROP] East-crawl densify (30, 29) → (32, 29) (end=(31, 29), ultimate=(14, 48))
[CROP] East-crawl densify (30, 29) → (32, 29) (end=(31, 29), ultimate=(14, 48))
[CROP] Refill densify recover → (32, 29) from (30, 29) (no path)
[CROP] Past-fence densify south (31, 29) → (30, 32) (end=(30, 29), ultimate=(14, 48))
[CROP] Refill densify hop (31, 29) → (30, 32) (ultimate=(14, 48))
[CROP] East-crawl densify (30, 29) → (32, 29) (end=(31, 29), ultimate=(14, 48))
[CROP] Refill densify hop (30, 29) → (32, 29) (ultimate=(14, 48))
[CROP] East-crawl densify (30, 29) → (32, 29) (end=(31, 29), ultimate=(14, 48))
[CROP] East-crawl densify (30, 29) → (32, 29) (end=(31, 29), ultimate=(14, 48))
[CROP] Refill densify recover → (32, 29) from (30, 29) (no path)
[CROP] Past-fence densify south (31, 29) → (30, 32) (end=(30, 29), ultimate=(14, 48))
[CROP] Refill densify hop (31, 29) → (30, 32) (ultimate=(14, 48))
[CROP] East-crawl densify (30, 29) → (32, 29) (end=(31, 29), ultimate=(14, 48))
[CROP] Refill densify hop (30, 29) → (32, 29) (ultimate=(14, 48))
[CROP] East-crawl densify (30, 29) → (32, 29) (end=(31, 29), ultimate=(14, 48))
[CROP] East-crawl densify (30, 29) → (32, 29) (end=(31, 29), ultimate=(14, 48))
[CROP] Refill densify recover → (32, 29) from (30, 29) (no path)
[CROP] Past-fence densify south (31, 29) → (30, 32) (end=(30, 29), ultimate=(14, 48))
[CROP] Refill densify hop (31, 29) → (30, 32) (ultimate=(14, 48))
[CROP] East-crawl densify (30, 29) → (32, 29) (end=(31, 29), ultimate=(14, 48))
[CROP] Refill densify hop (30, 29) → (32, 29) (ultimate=(14, 48))
[CROP] East-crawl densify (30, 29) → (32, 29) (end=(31, 29), ultimate=(14, 48))
[CROP] East-crawl densify (30, 29) → (32, 29) (end=(31, 29), ultimate=(14, 48))
[CROP] Refill densify recover → (32, 29) from (30, 29) (no path)
[CROP] Past-fence densify south (31, 29) → (30, 32) (end=(30, 29), ultimate=(14, 48))
[CROP] Refill densify hop (31, 29) → (30, 32) (ultimate=(14, 48))
[CROP] East-crawl densify (30, 29) → (32, 29) (end=(31, 29), ultimate=(14, 48))
[CROP] Refill densify hop (30, 29) → (32, 29) (ultimate=(14, 48))
[CROP] East-crawl densify (30, 29) → (32, 29) (end=(31, 29), ultimate=(14, 48))
[CROP] East-crawl densify (30, 29) → (32, 29) (end=(31, 29), ultimate=(14, 48))
[CROP] Refill densify recover → (32, 29) from (30, 29) (no path)
[CROP] Past-fence densify south (31, 29) → (30, 32) (end=(30, 29), ultimate=(14, 48))
[CROP] Refill densify hop (31, 29) → (30, 32) (ultimate=(14, 48))
[CROP] East-crawl densify (30, 29) → (32, 29) (end=(31, 29), ultimate=(14, 48))
[CROP] Refill densify hop (30, 29) → (32, 29) (ultimate=(14, 48))
[CROP] East-crawl densify (30, 29) → (32, 29) (end=(31, 29), ultimate=(14, 48))
[CROP] East-crawl densify (30, 29) → (32, 29) (end=(31, 29), ultimate=(14, 48))
[CROP] Refill densify recover → (32, 29) from (30, 29) (no path)
[CROP] Past-fence densify south (31, 29) → (30, 32) (end=(30, 29), ultimate=(14, 48))
[CROP] Refill densify hop (31, 29) → (30, 32) (ultimate=(14, 48))
[CROP] East-crawl densify (30, 29) → (32, 29) (end=(31, 29), ultimate=(14, 48))
[CROP] Refill densify hop (30, 29) → (32, 29) (ultimate=(14, 48))
[CROP] East-crawl densify (30, 29) → (32, 29) (end=(31, 29), ultimate=(14, 48))
[CROP] East-crawl densify (30, 29) → (32, 29) (end=(31, 29), ultimate=(14, 48))
[CROP] Refill densify recover → (32, 29) from (30, 29) (no path)
[CROP] Past-fence densify south (31, 29) → (30, 32) (end=(30, 29), ultimate=(14, 48))
[CROP] Refill densify hop (31, 29) → (30, 32) (ultimate=(14, 48))
[CROP] East-crawl densify (30, 29) → (32, 29) (end=(31, 29), ultimate=(14, 48))
[CROP] Refill densify hop (30, 29) → (32, 29) (ultimate=(14, 48))
[CROP] East-crawl densify (30, 29) → (32, 29) (end=(31, 29), ultimate=(14, 48))
[CROP] East-crawl densify (30, 29) → (32, 29) (end=(31, 29), ultimate=(14, 48))
[CROP] Refill densify recover → (32, 29) from (30, 29) (no path)
[CROP] Past-fence densify south (31, 29) → (30, 32) (end=(30, 29), ultimate=(14, 48))
[CROP] Refill densify hop (31, 29) → (30, 32) (ultimate=(14, 48))
[CROP] East-crawl densify (30, 29) → (32, 29) (end=(31, 29), ultimate=(14, 48))
[CROP] Refill densify hop (30, 29) → (32, 29) (ultimate=(14, 48))
[CROP] East-crawl densify (30, 29) → (32, 29) (end=(31, 29), ultimate=(14, 48))
[CROP] East-crawl densify (30, 29) → (32, 29) (end=(31, 29), ultimate=(14, 48))
[CROP] Refill densify recover → (32, 29) from (30, 29) (no path)
[CROP] Past-fence densify south (31, 29) → (30, 32) (end=(30, 29), ultimate=(14, 48))
[CROP] Refill densify hop (31, 29) → (30, 32) (ultimate=(14, 48))
[CROP] East-crawl densify (30, 29) → (32, 29) (end=(31, 29), ultimate=(14, 48))
[CROP] Refill densify hop (30, 29) → (32, 29) (ultimate=(14, 48))
[CROP] East-crawl densify (30, 29) → (32, 29) (end=(31, 29), ultimate=(14, 48))
[CROP] East-crawl densify (30, 29) → (32, 29) (end=(31, 29), ultimate=(14, 48))
[CROP] Refill densify recover → (32, 29) from (30, 29) (no path)
[CROP] Past-fence densify south (31, 29) → (30, 32) (end=(30, 29), ultimate=(14, 48))
[CROP] Refill densify hop (31, 29) → (30, 32) (ultimate=(14, 48))
[CROP] East-crawl densify (30, 29) → (32, 29) (end=(31, 29), ultimate=(14, 48))
[CROP] Refill densify hop (30, 29) → (32, 29) (ultimate=(14, 48))
[CROP] East-crawl densify (30, 29) → (32, 29) (end=(31, 29), ultimate=(14, 48))
[CROP] East-crawl densify (30, 29) → (32, 29) (end=(31, 29), ultimate=(14, 48))
[CROP] Refill densify recover → (32, 29) from (30, 29) (no path)
[CROP] Past-fence densify south (31, 29) → (30, 32) (end=(30, 29), ultimate=(14, 48))
[CROP] Refill densify hop (31, 29) → (30, 32) (ultimate=(14, 48))
[CROP] East-crawl densify (30, 29) → (32, 29) (end=(31, 29), ultimate=(14, 48))
[CROP] Refill densify hop (30, 29) → (32, 29) (ultimate=(14, 48))
[CROP] East-crawl densify (30, 29) → (32, 29) (end=(31, 29), ultimate=(14, 48))
[CROP] East-crawl densify (30, 29) → (32, 29) (end=(31, 29), ultimate=(14, 48))
[CROP] Refill densify recover → (32, 29) from (30, 29) (no path)
[CROP] Past-fence densify south (31, 29) → (30, 32) (end=(30, 29), ultimate=(14, 48))
[CROP] Refill densify hop (31, 29) → (30, 32) (ultimate=(14, 48))
[CROP] East-crawl densify (30, 29) → (32, 29) (end=(31, 29), ultimate=(14, 48))
[CROP] Refill densify hop (30, 29) → (32, 29) (ultimate=(14, 48))
[CROP] East-crawl densify (30, 29) → (32, 29) (end=(31, 29), ultimate=(14, 48))
[CROP] East-crawl densify (30, 29) → (32, 29) (end=(31, 29), ultimate=(14, 48))
[CROP] Refill densify recover → (32, 29) from (30, 29) (no path)
[CROP] Past-fence densify south (31, 29) → (30, 32) (end=(30, 29), ultimate=(14, 48))
[CROP] Refill densify hop (31, 29) → (30, 32) (ultimate=(14, 48))
[CROP] East-crawl densify (30, 29) → (32, 29) (end=(31, 29), ultimate=(14, 48))
[CROP] Refill densify hop (30, 29) → (32, 29) (ultimate=(14, 48))
[CROP] East-crawl densify (30, 29) → (32, 29) (end=(31, 29), ultimate=(14, 48))
[CROP] East-crawl densify (30, 29) → (32, 29) (end=(31, 29), ultimate=(14, 48))
[CROP] Refill densify recover → (32, 29) from (30, 29) (no path)
[CROP] Past-fence densify south (31, 29) → (30, 32) (end=(30, 29), ultimate=(14, 48))
[CROP] Refill densify hop (31, 29) → (30, 32) (ultimate=(14, 48))
[CROP] East-crawl densify (30, 29) → (32, 29) (end=(31, 29), ultimate=(14, 48))
[CROP] Refill densify hop (30, 29) → (32, 29) (ultimate=(14, 48))
[CROP] East-crawl densify (30, 29) → (32, 29) (end=(31, 29), ultimate=(14, 48))
[CROP] East-crawl densify (30, 29) → (32, 29) (end=(31, 29), ultimate=(14, 48))
[CROP] Refill densify recover → (32, 29) from (30, 29) (no path)
[CROP] Past-fence densify south (31, 29) → (30, 32) (end=(30, 29), ultimate=(14, 48))
[CROP] Refill densify hop (31, 29) → (30, 32) (ultimate=(14, 48))
[CROP] East-crawl densify (30, 29) → (32, 29) (end=(31, 29), ultimate=(14, 48))
[CROP] Refill densify hop (30, 29) → (32, 29) (ultimate=(14, 48))
[CROP] East-crawl densify (30, 29) → (32, 29) (end=(31, 29), ultimate=(14, 48))
[CROP] East-crawl densify (30, 29) → (32, 29) (end=(31, 29), ultimate=(14, 48))
[CROP] Refill densify recover → (32, 29) from (30, 29) (no path)
[CROP] Past-fence densify south (31, 29) → (30, 32) (end=(30, 29), ultimate=(14, 48))
[CROP] Refill densify hop (31, 29) → (30, 32) (ultimate=(14, 48))
[CROP] East-crawl densify (30, 29) → (32, 29) (end=(31, 29), ultimate=(14, 48))
[CROP] Refill densify hop (30, 29) → (32, 29) (ultimate=(14, 48))
[CROP] East-crawl densify (30, 29) → (32, 29) (end=(31, 29), ultimate=(14, 48))
[CROP] East-crawl densify (30, 29) → (32, 29) (end=(31, 29), ultimate=(14, 48))
[CROP] Refill densify recover → (32, 29) from (30, 29) (no path)
[CROP] Past-fence densify south (31, 29) → (30, 32) (end=(30, 29), ultimate=(14, 48))
[CROP] Refill densify hop (31, 29) → (30, 32) (ultimate=(14, 48))
[CROP] East-crawl densify (30, 29) → (32, 29) (end=(31, 29), ultimate=(14, 48))
[CROP] Refill densify hop (30, 29) → (32, 29) (ultimate=(14, 48))
[CROP] East-crawl densify (30, 29) → (32, 29) (end=(31, 29), ultimate=(14, 48))
[CROP] East-crawl densify (30, 29) → (32, 29) (end=(31, 29), ultimate=(14, 48))
[CROP] Refill densify recover → (32, 29) from (30, 29) (no path)
[CROP] Past-fence densify south (31, 29) → (30, 32) (end=(30, 29), ultimate=(14, 48))
[CROP] Refill densify hop (31, 29) → (30, 32) (ultimate=(14, 48))
[CROP] East-crawl densify (30, 29) → (32, 29) (end=(31, 29), ultimate=(14, 48))
[CROP] Refill densify hop (30, 29) → (32, 29) (ultimate=(14, 48))
[CROP] East-crawl densify (30, 29) → (32, 29) (end=(31, 29), ultimate=(14, 48))
[CROP] East-crawl densify (30, 29) → (32, 29) (end=(31, 29), ultimate=(14, 48))
[CROP] Refill densify recover → (32, 29) from (30, 29) (no path)
[CROP] Past-fence densify south (31, 29) → (30, 32) (end=(30, 29), ultimate=(14, 48))
[CROP] Refill densify hop (31, 29) → (30, 32) (ultimate=(14, 48))
[CROP] East-crawl densify (30, 29) → (32, 29) (end=(31, 29), ultimate=(14, 48))
[CROP] Refill densify hop (30, 29) → (32, 29) (ultimate=(14, 48))
[CROP] East-crawl densify (30, 29) → (32, 29) (end=(31, 29), ultimate=(14, 48))
[CROP] East-crawl densify (30, 29) → (32, 29) (end=(31, 29), ultimate=(14, 48))
[CROP] Refill densify recover → (32, 29) from (30, 29) (no path)
[CROP] Past-fence densify south (31, 29) → (30, 32) (end=(30, 29), ultimate=(14, 48))
[CROP] Refill densify hop (31, 29) → (30, 32) (ultimate=(14, 48))
[CROP] East-crawl densify (30, 29) → (32, 29) (end=(31, 29), ultimate=(14, 48))
[CROP] Refill densify hop (30, 29) → (32, 29) (ultimate=(14, 48))
[CROP] East-crawl densify (30, 29) → (32, 29) (end=(31, 29), ultimate=(14, 48))
[CROP] East-crawl densify (30, 29) → (32, 29) (end=(31, 29), ultimate=(14, 48))
[CROP] Refill densify recover → (32, 29) from (30, 29) (no path)
[CROP] Past-fence densify south (31, 29) → (30, 32) (end=(30, 29), ultimate=(14, 48))
[CROP] Refill densify hop (31, 29) → (30, 32) (ultimate=(14, 48))
[CROP] East-crawl densify (30, 29) → (32, 29) (end=(31, 29), ultimate=(14, 48))
[CROP] Refill densify hop (30, 29) → (32, 29) (ultimate=(14, 48))
[CROP] East-crawl densify (30, 29) → (32, 29) (end=(31, 29), ultimate=(14, 48))
[CROP] East-crawl densify (30, 29) → (32, 29) (end=(31, 29), ultimate=(14, 48))
[CROP] Refill densify recover → (32, 29) from (30, 29) (no path)
[CROP] Past-fence densify south (31, 29) → (30, 32) (end=(30, 29), ultimate=(14, 48))
[CROP] Refill densify hop (31, 29) → (30, 32) (ultimate=(14, 48))
[CROP] East-crawl densify (30, 29) → (32, 29) (end=(31, 29), ultimate=(14, 48))
[CROP] Refill densify hop (30, 29) → (32, 29) (ultimate=(14, 48))
[CROP] East-crawl densify (30, 29) → (32, 29) (end=(31, 29), ultimate=(14, 48))
[CROP] East-crawl densify (30, 29) → (32, 29) (end=(31, 29), ultimate=(14, 48))
[CROP] Refill densify recover → (32, 29) from (30, 29) (no path)
[CROP] Past-fence densify south (31, 29) → (30, 32) (end=(30, 29), ultimate=(14, 48))
[CROP] Refill densify hop (31, 29) → (30, 32) (ultimate=(14, 48))
[CROP] East-crawl densify (30, 29) → (32, 29) (end=(31, 29), ultimate=(14, 48))
[CROP] Refill densify hop (30, 29) → (32, 29) (ultimate=(14, 48))
[CROP] East-crawl densify (30, 29) → (32, 29) (end=(31, 29), ultimate=(14, 48))
[CROP] East-crawl densify (30, 29) → (32, 29) (end=(31, 29), ultimate=(14, 48))
[CROP] Refill densify recover → (32, 29) from (30, 29) (no path)
[CROP] Past-fence densify south (31, 29) → (30, 32) (end=(30, 29), ultimate=(14, 48))
[CROP] Refill densify hop (31, 29) → (30, 32) (ultimate=(14, 48))
[CROP] East-crawl densify (30, 29) → (32, 29) (end=(31, 29), ultimate=(14, 48))
[CROP] Refill densify hop (30, 29) → (32, 29) (ultimate=(14, 48))
[CROP] East-crawl densify (30, 29) → (32, 29) (end=(31, 29), ultimate=(14, 48))
[CROP] East-crawl densify (30, 29) → (32, 29) (end=(31, 29), ultimate=(14, 48))
[CROP] Refill densify recover → (32, 29) from (30, 29) (no path)
[CROP] Past-fence densify south (31, 29) → (30, 32) (end=(30, 29), ultimate=(14, 48))
[CROP] Refill densify hop (31, 29) → (30, 32) (ultimate=(14, 48))
[CROP] East-crawl densify (30, 29) → (32, 29) (end=(31, 29), ultimate=(14, 48))
[CROP] Refill densify hop (30, 29) → (32, 29) (ultimate=(14, 48))
[CROP] East-crawl densify (30, 29) → (32, 29) (end=(31, 29), ultimate=(14, 48))
[CROP] East-crawl densify (30, 29) → (32, 29) (end=(31, 29), ultimate=(14, 48))
[CROP] Refill densify recover → (32, 29) from (30, 29) (no path)
[CROP] Past-fence densify south (31, 29) → (30, 32) (end=(30, 29), ultimate=(14, 48))
[CROP] Refill densify hop (31, 29) → (30, 32) (ultimate=(14, 48))
[CROP] East-crawl densify (30, 29) → (32, 29) (end=(31, 29), ultimate=(14, 48))
[CROP] Refill densify hop (30, 29) → (32, 29) (ultimate=(14, 48))
[CROP] East-crawl densify (30, 29) → (32, 29) (end=(31, 29), ultimate=(14, 48))
[CROP] East-crawl densify (30, 29) → (32, 29) (end=(31, 29), ultimate=(14, 48))
[CROP] Refill densify recover → (32, 29) from (30, 29) (no path)
[CROP] Past-fence densify south (31, 29) → (30, 32) (end=(30, 29), ultimate=(14, 48))
[CROP] Refill densify hop (31, 29) → (30, 32) (ultimate=(14, 48))
[CROP] East-crawl densify (30, 29) → (32, 29) (end=(31, 29), ultimate=(14, 48))
[CROP] Refill densify hop (30, 29) → (32, 29) (ultimate=(14, 48))
[CROP] East-crawl densify (30, 29) → (32, 29) (end=(31, 29), ultimate=(14, 48))
[CROP] East-crawl densify (30, 29) → (32, 29) (end=(31, 29), ultimate=(14, 48))
[CROP] Refill densify recover → (32, 29) from (30, 29) (no path)
[CROP] Past-fence densify south (31, 29) → (30, 32) (end=(30, 29), ultimate=(14, 48))
[CROP] Refill densify hop (31, 29) → (30, 32) (ultimate=(14, 48))
[CROP] East-crawl densify (30, 29) → (32, 29) (end=(31, 29), ultimate=(14, 48))
[CROP] Refill densify hop (30, 29) → (32, 29) (ultimate=(14, 48))
[CROP] East-crawl densify (30, 29) → (32, 29) (end=(31, 29), ultimate=(14, 48))
[CROP] East-crawl densify (30, 29) → (32, 29) (end=(31, 29), ultimate=(14, 48))
[CROP] Refill densify recover → (32, 29) from (30, 29) (no path)
[CROP] Past-fence densify south (31, 29) → (30, 32) (end=(30, 29), ultimate=(14, 48))
[CROP] Refill densify hop (31, 29) → (30, 32) (ultimate=(14, 48))
[CROP] East-crawl densify (30, 29) → (32, 29) (end=(31, 29), ultimate=(14, 48))
[CROP] Refill densify hop (30, 29) → (32, 29) (ultimate=(14, 48))
[CROP] East-crawl densify (30, 29) → (32, 29) (end=(31, 29), ultimate=(14, 48))
[CROP] East-crawl densify (30, 29) → (32, 29) (end=(31, 29), ultimate=(14, 48))
[CROP] Refill densify recover → (32, 29) from (30, 29) (no path)
[CROP] Past-fence densify south (31, 29) → (30, 32) (end=(30, 29), ultimate=(14, 48))
[CROP] Refill densify hop (31, 29) → (30, 32) (ultimate=(14, 48))
[CROP] East-crawl densify (30, 29) → (32, 29) (end=(31, 29), ultimate=(14, 48))
[CROP] Refill densify hop (30, 29) → (32, 29) (ultimate=(14, 48))
[CROP] East-crawl densify (30, 29) → (32, 29) (end=(31, 29), ultimate=(14, 48))
[CROP] East-crawl densify (30, 29) → (32, 29) (end=(31, 29), ultimate=(14, 48))
[CROP] Refill densify recover → (32, 29) from (30, 29) (no path)
[CROP] Past-fence densify south (31, 29) → (30, 32) (end=(30, 29), ultimate=(14, 48))
[CROP] Refill densify hop (31, 29) → (30, 32) (ultimate=(14, 48))
[CROP] East-crawl densify (30, 29) → (32, 29) (end=(31, 29), ultimate=(14, 48))
[CROP] Refill densify hop (30, 29) → (32, 29) (ultimate=(14, 48))
[CROP] East-crawl densify (30, 29) → (32, 29) (end=(31, 29), ultimate=(14, 48))
[CROP] East-crawl densify (30, 29) → (32, 29) (end=(31, 29), ultimate=(14, 48))
[CROP] Refill densify recover → (32, 29) from (30, 29) (no path)
[CROP] Past-fence densify south (31, 29) → (30, 32) (end=(30, 29), ultimate=(14, 48))
[CROP] Refill densify hop (31, 29) → (30, 32) (ultimate=(14, 48))
[CROP] East-crawl densify (30, 29) → (32, 29) (end=(31, 29), ultimate=(14, 48))
[CROP] Refill densify hop (30, 29) → (32, 29) (ultimate=(14, 48))
[CROP] East-crawl densify (30, 29) → (32, 29) (end=(31, 29), ultimate=(14, 48))
[CROP] East-crawl densify (30, 29) → (32, 29) (end=(31, 29), ultimate=(14, 48))
[CROP] Refill densify recover → (32, 29) from (30, 29) (no path)
[CROP] Past-fence densify south (31, 29) → (30, 32) (end=(30, 29), ultimate=(14, 48))
[CROP] Refill densify hop (31, 29) → (30, 32) (ultimate=(14, 48))
[CROP] East-crawl densify (30, 29) → (32, 29) (end=(31, 29), ultimate=(14, 48))
[CROP] Refill densify hop (30, 29) → (32, 29) (ultimate=(14, 48))
[CROP] East-crawl densify (30, 29) → (32, 29) (end=(31, 29), ultimate=(14, 48))
[CROP] East-crawl densify (30, 29) → (32, 29) (end=(31, 29), ultimate=(14, 48))
[CROP] Refill densify recover → (32, 29) from (30, 29) (no path)
[CROP] Past-fence densify south (31, 29) → (30, 32) (end=(30, 29), ultimate=(14, 48))
[CROP] Refill densify hop (31, 29) → (30, 32) (ultimate=(14, 48))
[CROP] East-crawl densify (30, 29) → (32, 29) (end=(31, 29), ultimate=(14, 48))
[CROP] Refill densify hop (30, 29) → (32, 29) (ultimate=(14, 48))
[CROP] East-crawl densify (30, 29) → (32, 29) (end=(31, 29), ultimate=(14, 48))
[CROP] East-crawl densify (30, 29) → (32, 29) (end=(31, 29), ultimate=(14, 48))
[CROP] Refill densify recover → (32, 29) from (30, 29) (no path)
[CROP] Past-fence densify south (31, 29) → (30, 32) (end=(30, 29), ultimate=(14, 48))
[CROP] Refill densify hop (31, 29) → (30, 32) (ultimate=(14, 48))
[CROP] East-crawl densify (30, 29) → (32, 29) (end=(31, 29), ultimate=(14, 48))
[CROP] Refill densify hop (30, 29) → (32, 29) (ultimate=(14, 48))
[CROP] East-crawl densify (30, 29) → (32, 29) (end=(31, 29), ultimate=(14, 48))
[CROP] East-crawl densify (30, 29) → (32, 29) (end=(31, 29), ultimate=(14, 48))
[CROP] Refill densify recover → (32, 29) from (30, 29) (no path)
[CROP] Past-fence densify south (31, 29) → (30, 32) (end=(30, 29), ultimate=(14, 48))
[CROP] Refill densify hop (31, 29) → (30, 32) (ultimate=(14, 48))
[CROP] East-crawl densify (30, 29) → (32, 29) (end=(31, 29), ultimate=(14, 48))
[CROP] Refill densify hop (30, 29) → (32, 29) (ultimate=(14, 48))
[CROP] East-crawl densify (30, 29) → (32, 29) (end=(31, 29), ultimate=(14, 48))
[CROP] East-crawl densify (30, 29) → (32, 29) (end=(31, 29), ultimate=(14, 48))
[CROP] Refill densify recover → (32, 29) from (30, 29) (no path)
[CROP] Past-fence densify south (31, 29) → (30, 32) (end=(30, 29), ultimate=(14, 48))
[CROP] Refill densify hop (31, 29) → (30, 32) (ultimate=(14, 48))
[CROP] East-crawl densify (30, 29) → (32, 29) (end=(31, 29), ultimate=(14, 48))
[CROP] Refill densify hop (30, 29) → (32, 29) (ultimate=(14, 48))
[CROP] East-crawl densify (30, 29) → (32, 29) (end=(31, 29), ultimate=(14, 48))
[CROP] East-crawl densify (30, 29) → (32, 29) (end=(31, 29), ultimate=(14, 48))
[CROP] Refill densify recover → (32, 29) from (30, 29) (no path)
[CROP] Past-fence densify south (31, 29) → (30, 32) (end=(30, 29), ultimate=(14, 48))
[CROP] Refill densify hop (31, 29) → (30, 32) (ultimate=(14, 48))
[CROP] East-crawl densify (30, 29) → (32, 29) (end=(31, 29), ultimate=(14, 48))
[CROP] Refill densify hop (30, 29) → (32, 29) (ultimate=(14, 48))
[CROP] East-crawl densify (30, 29) → (32, 29) (end=(31, 29), ultimate=(14, 48))
[CROP] East-crawl densify (30, 29) → (32, 29) (end=(31, 29), ultimate=(14, 48))
[CROP] Refill densify recover → (32, 29) from (30, 29) (no path)
[CROP] Past-fence densify south (31, 29) → (30, 32) (end=(30, 29), ultimate=(14, 48))
[CROP] Refill densify hop (31, 29) → (30, 32) (ultimate=(14, 48))
[CROP] East-crawl densify (30, 29) → (32, 29) (end=(31, 29), ultimate=(14, 48))
[CROP] Refill densify hop (30, 29) → (32, 29) (ultimate=(14, 48))
[CROP] East-crawl densify (30, 29) → (32, 29) (end=(31, 29), ultimate=(14, 48))
[CROP] East-crawl densify (30, 29) → (32, 29) (end=(31, 29), ultimate=(14, 48))
[CROP] Refill densify recover → (32, 29) from (30, 29) (no path)
[CROP] Past-fence densify south (31, 29) → (30, 32) (end=(30, 29), ultimate=(14, 48))
[CROP] Refill densify hop (31, 29) → (30, 32) (ultimate=(14, 48))
[CROP] East-crawl densify (30, 29) → (32, 29) (end=(31, 29), ultimate=(14, 48))
[CROP] Refill densify hop (30, 29) → (32, 29) (ultimate=(14, 48))
[CROP] East-crawl densify (30, 29) → (32, 29) (end=(31, 29), ultimate=(14, 48))
[CROP] East-crawl densify (30, 29) → (32, 29) (end=(31, 29), ultimate=(14, 48))
[CROP] Refill densify recover → (32, 29) from (30, 29) (no path)
[CROP] Past-fence densify south (31, 29) → (30, 32) (end=(30, 29), ultimate=(14, 48))
[CROP] Refill densify hop (31, 29) → (30, 32) (ultimate=(14, 48))
[CROP] East-crawl densify (30, 29) → (32, 29) (end=(31, 29), ultimate=(14, 48))
[CROP] Refill densify hop (30, 29) → (32, 29) (ultimate=(14, 48))
[CROP] East-crawl densify (30, 29) → (32, 29) (end=(31, 29), ultimate=(14, 48))
[CROP] East-crawl densify (30, 29) → (32, 29) (end=(31, 29), ultimate=(14, 48))
[CROP] Refill densify recover → (32, 29) from (30, 29) (no path)
[CROP] Past-fence densify south (31, 29) → (30, 32) (end=(30, 29), ultimate=(14, 48))
[CROP] Refill densify hop (31, 29) → (30, 32) (ultimate=(14, 48))
[CROP] East-crawl densify (30, 29) → (32, 29) (end=(31, 29), ultimate=(14, 48))
[CROP] Refill densify hop (30, 29) → (32, 29) (ultimate=(14, 48))
[CROP] East-crawl densify (30, 29) → (32, 29) (end=(31, 29), ultimate=(14, 48))
[CROP] East-crawl densify (30, 29) → (32, 29) (end=(31, 29), ultimate=(14, 48))
[CROP] Refill densify recover → (32, 29) from (30, 29) (no path)
[CROP] Past-fence densify south (31, 29) → (30, 32) (end=(30, 29), ultimate=(14, 48))
[CROP] Refill densify hop (31, 29) → (30, 32) (ultimate=(14, 48))
[CROP] East-crawl densify (30, 29) → (32, 29) (end=(31, 29), ultimate=(14, 48))
[CROP] Refill densify hop (30, 29) → (32, 29) (ultimate=(14, 48))
[CROP] East-crawl densify (30, 29) → (32, 29) (end=(31, 29), ultimate=(14, 48))
[CROP] East-crawl densify (30, 29) → (32, 29) (end=(31, 29), ultimate=(14, 48))
[CROP] Refill densify recover → (32, 29) from (30, 29) (no path)
[CROP] Past-fence densify south (31, 29) → (30, 32) (end=(30, 29), ultimate=(14, 48))
[CROP] Refill densify hop (31, 29) → (30, 32) (ultimate=(14, 48))
[CROP] East-crawl densify (30, 29) → (32, 29) (end=(31, 29), ultimate=(14, 48))
[CROP] Refill densify hop (30, 29) → (32, 29) (ultimate=(14, 48))
[CROP] East-crawl densify (30, 29) → (32, 29) (end=(31, 29), ultimate=(14, 48))
[CROP] East-crawl densify (30, 29) → (32, 29) (end=(31, 29), ultimate=(14, 48))
[CROP] Refill densify recover → (32, 29) from (30, 29) (no path)
[CROP] Past-fence densify south (31, 29) → (30, 32) (end=(30, 29), ultimate=(14, 48))
[CROP] Refill densify hop (31, 29) → (30, 32) (ultimate=(14, 48))
[CROP] East-crawl densify (30, 29) → (32, 29) (end=(31, 29), ultimate=(14, 48))
[CROP] Refill densify hop (30, 29) → (32, 29) (ultimate=(14, 48))
[CROP] East-crawl densify (30, 29) → (32, 29) (end=(31, 29), ultimate=(14, 48))
[CROP] East-crawl densify (30, 29) → (32, 29) (end=(31, 29), ultimate=(14, 48))
[CROP] Refill densify recover → (32, 29) from (30, 29) (no path)
[CROP] Past-fence densify south (31, 29) → (30, 32) (end=(30, 29), ultimate=(14, 48))
[CROP] Refill densify hop (31, 29) → (30, 32) (ultimate=(14, 48))
[CROP] East-crawl densify (30, 29) → (32, 29) (end=(31, 29), ultimate=(14, 48))
[CROP] Refill densify hop (30, 29) → (32, 29) (ultimate=(14, 48))
[CROP] East-crawl densify (30, 29) → (32, 29) (end=(31, 29), ultimate=(14, 48))
[CROP] East-crawl densify (30, 29) → (32, 29) (end=(31, 29), ultimate=(14, 48))
[CROP] Refill densify recover → (32, 29) from (30, 29) (no path)
[CROP] Past-fence densify south (31, 29) → (30, 32) (end=(30, 29), ultimate=(14, 48))
[CROP] Refill densify hop (31, 29) → (30, 32) (ultimate=(14, 48))
[CROP] East-crawl densify (30, 29) → (32, 29) (end=(31, 29), ultimate=(14, 48))
[CROP] Refill densify hop (30, 29) → (32, 29) (ultimate=(14, 48))
[CROP] East-crawl densify (30, 29) → (32, 29) (end=(31, 29), ultimate=(14, 48))
[CROP] East-crawl densify (30, 29) → (32, 29) (end=(31, 29), ultimate=(14, 48))
[CROP] Refill densify recover → (32, 29) from (30, 29) (no path)
[CROP] Past-fence densify south (31, 29) → (30, 32) (end=(30, 29), ultimate=(14, 48))
[CROP] Refill densify hop (31, 29) → (30, 32) (ultimate=(14, 48))
[CROP] East-crawl densify (30, 29) → (32, 29) (end=(31, 29), ultimate=(14, 48))
[CROP] Refill densify hop (30, 29) → (32, 29) (ultimate=(14, 48))
[CROP] East-crawl densify (30, 29) → (32, 29) (end=(31, 29), ultimate=(14, 48))
[CROP] East-crawl densify (30, 29) → (32, 29) (end=(31, 29), ultimate=(14, 48))
[CROP] Refill densify recover → (32, 29) from (30, 29) (no path)
[CROP] Past-fence densify south (31, 29) → (30, 32) (end=(30, 29), ultimate=(14, 48))
[CROP] Refill densify hop (31, 29) → (30, 32) (ultimate=(14, 48))
[CROP] East-crawl densify (30, 29) → (32, 29) (end=(31, 29), ultimate=(14, 48))
[CROP] Refill densify hop (30, 29) → (32, 29) (ultimate=(14, 48))
[CROP] East-crawl densify (30, 29) → (32, 29) (end=(31, 29), ultimate=(14, 48))
[CROP] East-crawl densify (30, 29) → (32, 29) (end=(31, 29), ultimate=(14, 48))
[CROP] Refill densify recover → (32, 29) from (30, 29) (no path)
[CROP] Past-fence densify south (31, 29) → (30, 32) (end=(30, 29), ultimate=(14, 48))
[CROP] Refill densify hop (31, 29) → (30, 32) (ultimate=(14, 48))
[CROP] East-crawl densify (30, 29) → (32, 29) (end=(31, 29), ultimate=(14, 48))
[CROP] Refill densify hop (30, 29) → (32, 29) (ultimate=(14, 48))
[CROP] East-crawl densify (30, 29) → (32, 29) (end=(31, 29), ultimate=(14, 48))
[CROP] East-crawl densify (30, 29) → (32, 29) (end=(31, 29), ultimate=(14, 48))
[CROP] Refill densify recover → (32, 29) from (30, 29) (no path)
[CROP] Past-fence densify south (31, 29) → (30, 32) (end=(30, 29), ultimate=(14, 48))
[CROP] Refill densify hop (31, 29) → (30, 32) (ultimate=(14, 48))
[CROP] East-crawl densify (30, 29) → (32, 29) (end=(31, 29), ultimate=(14, 48))
[CROP] Refill densify hop (30, 29) → (32, 29) (ultimate=(14, 48))
[CROP] East-crawl densify (30, 29) → (32, 29) (end=(31, 29), ultimate=(14, 48))
[CROP] East-crawl densify (30, 29) → (32, 29) (end=(31, 29), ultimate=(14, 48))
[CROP] Refill densify recover → (32, 29) from (30, 29) (no path)
[CROP] Past-fence densify south (31, 29) → (30, 32) (end=(30, 29), ultimate=(14, 48))
[CROP] Refill densify hop (31, 29) → (30, 32) (ultimate=(14, 48))
[CROP] East-crawl densify (30, 29) → (32, 29) (end=(31, 29), ultimate=(14, 48))
[CROP] Refill densify hop (30, 29) → (32, 29) (ultimate=(14, 48))
[CROP] East-crawl densify (30, 29) → (32, 29) (end=(31, 29), ultimate=(14, 48))
[CROP] East-crawl densify (30, 29) → (32, 29) (end=(31, 29), ultimate=(14, 48))
[CROP] Refill densify recover → (32, 29) from (30, 29) (no path)
[CROP] Past-fence densify south (31, 29) → (30, 32) (end=(30, 29), ultimate=(14, 48))
[CROP] Refill densify hop (31, 29) → (30, 32) (ultimate=(14, 48))
[CROP] East-crawl densify (30, 29) → (32, 29) (end=(31, 29), ultimate=(14, 48))
[CROP] Refill densify hop (30, 29) → (32, 29) (ultimate=(14, 48))
[CROP] East-crawl densify (30, 29) → (32, 29) (end=(31, 29), ultimate=(14, 48))
[CROP] East-crawl densify (30, 29) → (32, 29) (end=(31, 29), ultimate=(14, 48))
[CROP] Refill densify recover → (32, 29) from (30, 29) (no path)
[CROP] Past-fence densify south (31, 29) → (30, 32) (end=(30, 29), ultimate=(14, 48))
[CROP] Refill densify hop (31, 29) → (30, 32) (ultimate=(14, 48))
[CROP] East-crawl densify (30, 29) → (32, 29) (end=(31, 29), ultimate=(14, 48))
[CROP] Refill densify hop (30, 29) → (32, 29) (ultimate=(14, 48))
[CROP] East-crawl densify (30, 29) → (32, 29) (end=(31, 29), ultimate=(14, 48))
[CROP] East-crawl densify (30, 29) → (32, 29) (end=(31, 29), ultimate=(14, 48))
[CROP] Refill densify recover → (32, 29) from (30, 29) (no path)
[CROP] Past-fence densify south (31, 29) → (30, 32) (end=(30, 29), ultimate=(14, 48))
[CROP] Refill densify hop (31, 29) → (30, 32) (ultimate=(14, 48))
[CROP] East-crawl densify (30, 29) → (32, 29) (end=(31, 29), ultimate=(14, 48))
[CROP] Refill densify hop (30, 29) → (32, 29) (ultimate=(14, 48))
[CROP] East-crawl densify (30, 29) → (32, 29) (end=(31, 29), ultimate=(14, 48))
[CROP] East-crawl densify (30, 29) → (32, 29) (end=(31, 29), ultimate=(14, 48))
[CROP] Refill densify recover → (32, 29) from (30, 29) (no path)
[CROP] Past-fence densify south (31, 29) → (30, 32) (end=(30, 29), ultimate=(14, 48))
[CROP] Refill densify hop (31, 29) → (30, 32) (ultimate=(14, 48))
[CROP] East-crawl densify (30, 29) → (32, 29) (end=(31, 29), ultimate=(14, 48))
[CROP] Refill densify hop (30, 29) → (32, 29) (ultimate=(14, 48))
[CROP] East-crawl densify (30, 29) → (32, 29) (end=(31, 29), ultimate=(14, 48))
[CROP] East-crawl densify (30, 29) → (32, 29) (end=(31, 29), ultimate=(14, 48))
[CROP] Refill densify recover → (32, 29) from (30, 29) (no path)
[CROP] Past-fence densify south (31, 29) → (30, 32) (end=(30, 29), ultimate=(14, 48))
[CROP] Refill densify hop (31, 29) → (30, 32) (ultimate=(14, 48))
[CROP] East-crawl densify (30, 29) → (32, 29) (end=(31, 29), ultimate=(14, 48))
[CROP] Refill densify hop (30, 29) → (32, 29) (ultimate=(14, 48))
[CROP] East-crawl densify (30, 29) → (32, 29) (end=(31, 29), ultimate=(14, 48))
[CROP] East-crawl densify (30, 29) → (32, 29) (end=(31, 29), ultimate=(14, 48))
[CROP] Refill densify recover → (32, 29) from (30, 29) (no path)
[CROP] Past-fence densify south (31, 29) → (30, 32) (end=(30, 29), ultimate=(14, 48))
[CROP] Refill densify hop (31, 29) → (30, 32) (ultimate=(14, 48))
[CROP] East-crawl densify (30, 29) → (32, 29) (end=(31, 29), ultimate=(14, 48))
[CROP] Refill densify hop (30, 29) → (32, 29) (ultimate=(14, 48))
[CROP] East-crawl densify (30, 29) → (32, 29) (end=(31, 29), ultimate=(14, 48))
[CROP] East-crawl densify (30, 29) → (32, 29) (end=(31, 29), ultimate=(14, 48))
[CROP] Refill densify recover → (32, 29) from (30, 29) (no path)
[CROP] Past-fence densify south (31, 29) → (30, 32) (end=(30, 29), ultimate=(14, 48))
[CROP] Refill densify hop (31, 29) → (30, 32) (ultimate=(14, 48))
[CROP] East-crawl densify (30, 29) → (32, 29) (end=(31, 29), ultimate=(14, 48))
[CROP] Refill densify hop (30, 29) → (32, 29) (ultimate=(14, 48))
[CROP] East-crawl densify (30, 29) → (32, 29) (end=(31, 29), ultimate=(14, 48))
[CROP] East-crawl densify (30, 29) → (32, 29) (end=(31, 29), ultimate=(14, 48))
[CROP] Refill densify recover → (32, 29) from (30, 29) (no path)
[CROP] Past-fence densify south (31, 29) → (30, 32) (end=(30, 29), ultimate=(14, 48))
[CROP] Refill densify hop (31, 29) → (30, 32) (ultimate=(14, 48))
[CROP] East-crawl densify (30, 29) → (32, 29) (end=(31, 29), ultimate=(14, 48))
[CROP] Refill densify hop (30, 29) → (32, 29) (ultimate=(14, 48))
[CROP] East-crawl densify (30, 29) → (32, 29) (end=(31, 29), ultimate=(14, 48))
[CROP] East-crawl densify (30, 29) → (32, 29) (end=(31, 29), ultimate=(14, 48))
[CROP] Refill densify recover → (32, 29) from (30, 29) (no path)
[CROP] Past-fence densify south (31, 29) → (30, 32) (end=(30, 29), ultimate=(14, 48))
[CROP] Refill densify hop (31, 29) → (30, 32) (ultimate=(14, 48))
[CROP] East-crawl densify (30, 29) → (32, 29) (end=(31, 29), ultimate=(14, 48))
[CROP] Refill densify hop (30, 29) → (32, 29) (ultimate=(14, 48))
[CROP] East-crawl densify (30, 29) → (32, 29) (end=(31, 29), ultimate=(14, 48))
[CROP] East-crawl densify (30, 29) → (32, 29) (end=(31, 29), ultimate=(14, 48))
[CROP] Refill densify recover → (32, 29) from (30, 29) (no path)
[CROP] Past-fence densify south (31, 29) → (30, 32) (end=(30, 29), ultimate=(14, 48))
[CROP] Refill densify hop (31, 29) → (30, 32) (ultimate=(14, 48))
[CROP] East-crawl densify (30, 29) → (32, 29) (end=(31, 29), ultimate=(14, 48))
[CROP] Refill densify hop (30, 29) → (32, 29) (ultimate=(14, 48))
[CROP] East-crawl densify (30, 29) → (32, 29) (end=(31, 29), ultimate=(14, 48))
[CROP] East-crawl densify (30, 29) → (32, 29) (end=(31, 29), ultimate=(14, 48))
[CROP] Refill densify recover → (32, 29) from (30, 29) (no path)
[CROP] Past-fence densify south (31, 29) → (30, 32) (end=(30, 29), ultimate=(14, 48))
[CROP] Refill densify hop (31, 29) → (30, 32) (ultimate=(14, 48))
[CROP] East-crawl densify (30, 29) → (32, 29) (end=(31, 29), ultimate=(14, 48))
[CROP] Refill densify hop (30, 29) → (32, 29) (ultimate=(14, 48))
[CROP] East-crawl densify (30, 29) → (32, 29) (end=(31, 29), ultimate=(14, 48))
[CROP] East-crawl densify (30, 29) → (32, 29) (end=(31, 29), ultimate=(14, 48))
[CROP] Refill densify recover → (32, 29) from (30, 29) (no path)
[CROP] Past-fence densify south (31, 29) → (30, 32) (end=(30, 29), ultimate=(14, 48))
[CROP] Refill densify hop (31, 29) → (30, 32) (ultimate=(14, 48))
[CROP] East-crawl densify (30, 29) → (32, 29) (end=(31, 29), ultimate=(14, 48))
[CROP] Refill densify hop (30, 29) → (32, 29) (ultimate=(14, 48))
[CROP] East-crawl densify (30, 29) → (32, 29) (end=(31, 29), ultimate=(14, 48))
[CROP] East-crawl densify (30, 29) → (32, 29) (end=(31, 29), ultimate=(14, 48))
[CROP] Refill densify recover → (32, 29) from (30, 29) (no path)
[CROP] Past-fence densify south (31, 29) → (30, 32) (end=(30, 29), ultimate=(14, 48))
[CROP] Refill densify hop (31, 29) → (30, 32) (ultimate=(14, 48))
[CROP] East-crawl densify (30, 29) → (32, 29) (end=(31, 29), ultimate=(14, 48))
[CROP] Refill densify hop (30, 29) → (32, 29) (ultimate=(14, 48))
[CROP] East-crawl densify (30, 29) → (32, 29) (end=(31, 29), ultimate=(14, 48))
[CROP] East-crawl densify (30, 29) → (32, 29) (end=(31, 29), ultimate=(14, 48))
[CROP] Refill densify recover → (32, 29) from (30, 29) (no path)
[CROP] Past-fence densify south (31, 29) → (30, 32) (end=(30, 29), ultimate=(14, 48))
[CROP] Refill densify hop (31, 29) → (30, 32) (ultimate=(14, 48))
[CROP] East-crawl densify (30, 29) → (32, 29) (end=(31, 29), ultimate=(14, 48))
[CROP] Refill densify hop (30, 29) → (32, 29) (ultimate=(14, 48))
[CROP] East-crawl densify (30, 29) → (32, 29) (end=(31, 29), ultimate=(14, 48))
[CROP] East-crawl densify (30, 29) → (32, 29) (end=(31, 29), ultimate=(14, 48))
[CROP] Refill densify recover → (32, 29) from (30, 29) (no path)
[CROP] Past-fence densify south (31, 29) → (30, 32) (end=(30, 29), ultimate=(14, 48))
[CROP] Refill densify hop (31, 29) → (30, 32) (ultimate=(14, 48))
[CROP] East-crawl densify (30, 29) → (32, 29) (end=(31, 29), ultimate=(14, 48))
[CROP] Refill densify hop (30, 29) → (32, 29) (ultimate=(14, 48))
[CROP] East-crawl densify (30, 29) → (32, 29) (end=(31, 29), ultimate=(14, 48))
[CROP] East-crawl densify (30, 29) → (32, 29) (end=(31, 29), ultimate=(14, 48))
[CROP] Refill densify recover → (32, 29) from (30, 29) (no path)
[CROP] Past-fence densify south (31, 29) → (30, 32) (end=(30, 29), ultimate=(14, 48))
[CROP] Refill densify hop (31, 29) → (30, 32) (ultimate=(14, 48))
[CROP] East-crawl densify (30, 29) → (32, 29) (end=(31, 29), ultimate=(14, 48))
[CROP] Refill densify hop (30, 29) → (32, 29) (ultimate=(14, 48))
[CROP] East-crawl densify (30, 29) → (32, 29) (end=(31, 29), ultimate=(14, 48))
[CROP] East-crawl densify (30, 29) → (32, 29) (end=(31, 29), ultimate=(14, 48))
[CROP] Refill densify recover → (32, 29) from (30, 29) (no path)
[CROP] Past-fence densify south (31, 29) → (30, 32) (end=(30, 29), ultimate=(14, 48))
[CROP] Refill densify hop (31, 29) → (30, 32) (ultimate=(14, 48))
[CROP] East-crawl densify (30, 29) → (32, 29) (end=(31, 29), ultimate=(14, 48))
[CROP] Refill densify hop (30, 29) → (32, 29) (ultimate=(14, 48))
[CROP] East-crawl densify (30, 29) → (32, 29) (end=(31, 29), ultimate=(14, 48))
[CROP] East-crawl densify (30, 29) → (32, 29) (end=(31, 29), ultimate=(14, 48))
[CROP] Refill densify recover → (32, 29) from (30, 29) (no path)
[CROP] Past-fence densify south (31, 29) → (30, 32) (end=(30, 29), ultimate=(14, 48))
[CROP] Refill densify hop (31, 29) → (30, 32) (ultimate=(14, 48))
[CROP] East-crawl densify (30, 29) → (32, 29) (end=(31, 29), ultimate=(14, 48))
[CROP] Refill densify hop (30, 29) → (32, 29) (ultimate=(14, 48))
[CROP] East-crawl densify (30, 29) → (32, 29) (end=(31, 29), ultimate=(14, 48))
[CROP] East-crawl densify (30, 29) → (32, 29) (end=(31, 29), ultimate=(14, 48))
[CROP] Refill densify recover → (32, 29) from (30, 29) (no path)
[CROP] Past-fence densify south (31, 29) → (30, 32) (end=(30, 29), ultimate=(14, 48))
[CROP] Refill densify hop (31, 29) → (30, 32) (ultimate=(14, 48))
[CROP] East-crawl densify (30, 29) → (32, 29) (end=(31, 29), ultimate=(14, 48))
[CROP] Refill densify hop (30, 29) → (32, 29) (ultimate=(14, 48))
[CROP] East-crawl densify (30, 29) → (32, 29) (end=(31, 29), ultimate=(14, 48))
[CROP] East-crawl densify (30, 29) → (32, 29) (end=(31, 29), ultimate=(14, 48))
[CROP] Refill densify recover → (32, 29) from (30, 29) (no path)
[CROP] Past-fence densify south (31, 29) → (30, 32) (end=(30, 29), ultimate=(14, 48))
[CROP] Refill densify hop (31, 29) → (30, 32) (ultimate=(14, 48))
[CROP] East-crawl densify (30, 29) → (32, 29) (end=(31, 29), ultimate=(14, 48))
[CROP] Refill densify hop (30, 29) → (32, 29) (ultimate=(14, 48))
[CROP] East-crawl densify (30, 29) → (32, 29) (end=(31, 29), ultimate=(14, 48))
[CROP] East-crawl densify (30, 29) → (32, 29) (end=(31, 29), ultimate=(14, 48))
[CROP] Refill densify recover → (32, 29) from (30, 29) (no path)
[CROP] Past-fence densify south (31, 29) → (30, 32) (end=(30, 29), ultimate=(14, 48))
[CROP] Refill densify hop (31, 29) → (30, 32) (ultimate=(14, 48))
[CROP] East-crawl densify (30, 29) → (32, 29) (end=(31, 29), ultimate=(14, 48))
[CROP] Refill densify hop (30, 29) → (32, 29) (ultimate=(14, 48))
[CROP] East-crawl densify (30, 29) → (32, 29) (end=(31, 29), ultimate=(14, 48))
[CROP] East-crawl densify (30, 29) → (32, 29) (end=(31, 29), ultimate=(14, 48))
[CROP] Refill densify recover → (32, 29) from (30, 29) (no path)
[CROP] Past-fence densify south (31, 29) → (30, 32) (end=(30, 29), ultimate=(14, 48))
[CROP] Refill densify hop (31, 29) → (30, 32) (ultimate=(14, 48))
[CROP] East-crawl densify (30, 29) → (32, 29) (end=(31, 29), ultimate=(14, 48))
[CROP] Refill densify hop (30, 29) → (32, 29) (ultimate=(14, 48))
[CROP] East-crawl densify (30, 29) → (32, 29) (end=(31, 29), ultimate=(14, 48))
[CROP] East-crawl densify (30, 29) → (32, 29) (end=(31, 29), ultimate=(14, 48))
[CROP] Refill densify recover → (32, 29) from (30, 29) (no path)
[CROP] Past-fence densify south (31, 29) → (30, 32) (end=(30, 29), ultimate=(14, 48))
[CROP] Refill densify hop (31, 29) → (30, 32) (ultimate=(14, 48))
[CROP] East-crawl densify (30, 29) → (32, 29) (end=(31, 29), ultimate=(14, 48))
[CROP] Refill densify hop (30, 29) → (32, 29) (ultimate=(14, 48))
[CROP] East-crawl densify (30, 29) → (32, 29) (end=(31, 29), ultimate=(14, 48))
[CROP] East-crawl densify (30, 29) → (32, 29) (end=(31, 29), ultimate=(14, 48))
[CROP] Refill densify recover → (32, 29) from (30, 29) (no path)
[CROP] Past-fence densify south (31, 29) → (30, 32) (end=(30, 29), ultimate=(14, 48))
[CROP] Refill densify hop (31, 29) → (30, 32) (ultimate=(14, 48))
[CROP] East-crawl densify (30, 29) → (32, 29) (end=(31, 29), ultimate=(14, 48))
[CROP] Refill densify hop (30, 29) → (32, 29) (ultimate=(14, 48))
[CROP] East-crawl densify (30, 29) → (32, 29) (end=(31, 29), ultimate=(14, 48))
[CROP] East-crawl densify (30, 29) → (32, 29) (end=(31, 29), ultimate=(14, 48))
[CROP] Refill densify recover → (32, 29) from (30, 29) (no path)
[CROP] Past-fence densify south (31, 29) → (30, 32) (end=(30, 29), ultimate=(14, 48))
[CROP] Refill densify hop (31, 29) → (30, 32) (ultimate=(14, 48))
[CROP] East-crawl densify (30, 29) → (32, 29) (end=(31, 29), ultimate=(14, 48))
[CROP] Refill densify hop (30, 29) → (32, 29) (ultimate=(14, 48))
[CROP] East-crawl densify (30, 29) → (32, 29) (end=(31, 29), ultimate=(14, 48))
[CROP] East-crawl densify (30, 29) → (32, 29) (end=(31, 29), ultimate=(14, 48))
[CROP] Refill densify recover → (32, 29) from (30, 29) (no path)
[CROP] Past-fence densify south (31, 29) → (30, 32) (end=(30, 29), ultimate=(14, 48))
[CROP] Refill densify hop (31, 29) → (30, 32) (ultimate=(14, 48))
[CROP] East-crawl densify (30, 29) → (32, 29) (end=(31, 29), ultimate=(14, 48))
[CROP] Refill densify hop (30, 29) → (32, 29) (ultimate=(14, 48))
[CROP] East-crawl densify (30, 29) → (32, 29) (end=(31, 29), ultimate=(14, 48))
[CROP] East-crawl densify (30, 29) → (32, 29) (end=(31, 29), ultimate=(14, 48))
[CROP] Refill densify recover → (32, 29) from (30, 29) (no path)
[CROP] Past-fence densify south (31, 29) → (30, 32) (end=(30, 29), ultimate=(14, 48))
[CROP] Refill densify hop (31, 29) → (30, 32) (ultimate=(14, 48))
[CROP] East-crawl densify (30, 29) → (32, 29) (end=(31, 29), ultimate=(14, 48))
[CROP] Refill densify hop (30, 29) → (32, 29) (ultimate=(14, 48))
[CROP] East-crawl densify (30, 29) → (32, 29) (end=(31, 29), ultimate=(14, 48))
[CROP] East-crawl densify (30, 29) → (32, 29) (end=(31, 29), ultimate=(14, 48))
[CROP] Refill densify recover → (32, 29) from (30, 29) (no path)
[CROP] Past-fence densify south (31, 29) → (30, 32) (end=(30, 29), ultimate=(14, 48))
[CROP] Refill densify hop (31, 29) → (30, 32) (ultimate=(14, 48))
[CROP] East-crawl densify (30, 29) → (32, 29) (end=(31, 29), ultimate=(14, 48))
[CROP] Refill densify hop (30, 29) → (32, 29) (ultimate=(14, 48))
[CROP] East-crawl densify (30, 29) → (32, 29) (end=(31, 29), ultimate=(14, 48))
[CROP] East-crawl densify (30, 29) → (32, 29) (end=(31, 29), ultimate=(14, 48))
[CROP] Refill densify recover → (32, 29) from (30, 29) (no path)
[CROP] Past-fence densify south (31, 29) → (30, 32) (end=(30, 29), ultimate=(14, 48))
[CROP] Refill densify hop (31, 29) → (30, 32) (ultimate=(14, 48))
[CROP] East-crawl densify (30, 29) → (32, 29) (end=(31, 29), ultimate=(14, 48))
[CROP] Refill densify hop (30, 29) → (32, 29) (ultimate=(14, 48))
[CROP] East-crawl densify (30, 29) → (32, 29) (end=(31, 29), ultimate=(14, 48))
[CROP] East-crawl densify (30, 29) → (32, 29) (end=(31, 29), ultimate=(14, 48))
[CROP] Refill densify recover → (32, 29) from (30, 29) (no path)
[CROP] Past-fence densify south (31, 29) → (30, 32) (end=(30, 29), ultimate=(14, 48))
[CROP] Refill densify hop (31, 29) → (30, 32) (ultimate=(14, 48))
[CROP] East-crawl densify (30, 29) → (32, 29) (end=(31, 29), ultimate=(14, 48))
[CROP] Refill densify hop (30, 29) → (32, 29) (ultimate=(14, 48))
[CROP] East-crawl densify (30, 29) → (32, 29) (end=(31, 29), ultimate=(14, 48))
[CROP] East-crawl densify (30, 29) → (32, 29) (end=(31, 29), ultimate=(14, 48))
[CROP] Refill densify recover → (32, 29) from (30, 29) (no path)
[CROP] Past-fence densify south (31, 29) → (30, 32) (end=(30, 29), ultimate=(14, 48))
[CROP] Refill densify hop (31, 29) → (30, 32) (ultimate=(14, 48))
[CROP] East-crawl densify (30, 29) → (32, 29) (end=(31, 29), ultimate=(14, 48))
[CROP] Refill densify hop (30, 29) → (32, 29) (ultimate=(14, 48))
[CROP] East-crawl densify (30, 29) → (32, 29) (end=(31, 29), ultimate=(14, 48))
[CROP] East-crawl densify (30, 29) → (32, 29) (end=(31, 29), ultimate=(14, 48))
[CROP] Refill densify recover → (32, 29) from (30, 29) (no path)
[CROP] Past-fence densify south (31, 29) → (30, 32) (end=(30, 29), ultimate=(14, 48))
[CROP] Refill densify hop (31, 29) → (30, 32) (ultimate=(14, 48))
[CROP] East-crawl densify (30, 29) → (32, 29) (end=(31, 29), ultimate=(14, 48))
[CROP] Refill densify hop (30, 29) → (32, 29) (ultimate=(14, 48))
[CROP] East-crawl densify (30, 29) → (32, 29) (end=(31, 29), ultimate=(14, 48))
[CROP] East-crawl densify (30, 29) → (32, 29) (end=(31, 29), ultimate=(14, 48))
[CROP] Refill densify recover → (32, 29) from (30, 29) (no path)
[CROP] Past-fence densify south (31, 29) → (30, 32) (end=(30, 29), ultimate=(14, 48))
[CROP] Refill densify hop (31, 29) → (30, 32) (ultimate=(14, 48))
[CROP] East-crawl densify (30, 29) → (32, 29) (end=(31, 29), ultimate=(14, 48))
[CROP] Refill densify hop (30, 29) → (32, 29) (ultimate=(14, 48))
[CROP] East-crawl densify (30, 29) → (32, 29) (end=(31, 29), ultimate=(14, 48))
[CROP] East-crawl densify (30, 29) → (32, 29) (end=(31, 29), ultimate=(14, 48))
[CROP] Refill densify recover → (32, 29) from (30, 29) (no path)
[CROP] Past-fence densify south (31, 29) → (30, 32) (end=(30, 29), ultimate=(14, 48))
[CROP] Refill densify hop (31, 29) → (30, 32) (ultimate=(14, 48))
[CROP] East-crawl densify (30, 29) → (32, 29) (end=(31, 29), ultimate=(14, 48))
[CROP] Refill densify hop (30, 29) → (32, 29) (ultimate=(14, 48))
[CROP] East-crawl densify (30, 29) → (32, 29) (end=(31, 29), ultimate=(14, 48))
[CROP] East-crawl densify (30, 29) → (32, 29) (end=(31, 29), ultimate=(14, 48))
[CROP] Refill densify recover → (32, 29) from (30, 29) (no path)
[CROP] Past-fence densify south (31, 29) → (30, 32) (end=(30, 29), ultimate=(14, 48))
[CROP] Refill densify hop (31, 29) → (30, 32) (ultimate=(14, 48))
[CROP] East-crawl densify (30, 29) → (32, 29) (end=(31, 29), ultimate=(14, 48))
[CROP] Refill densify hop (30, 29) → (32, 29) (ultimate=(14, 48))
[CROP] East-crawl densify (30, 29) → (32, 29) (end=(31, 29), ultimate=(14, 48))
[CROP] East-crawl densify (30, 29) → (32, 29) (end=(31, 29), ultimate=(14, 48))
[CROP] Refill densify recover → (32, 29) from (30, 29) (no path)
[CROP] Past-fence densify south (31, 29) → (30, 32) (end=(30, 29), ultimate=(14, 48))
[CROP] Refill densify hop (31, 29) → (30, 32) (ultimate=(14, 48))
[CROP] East-crawl densify (30, 29) → (32, 29) (end=(31, 29), ultimate=(14, 48))
[CROP] Refill densify hop (30, 29) → (32, 29) (ultimate=(14, 48))
[CROP] East-crawl densify (30, 29) → (32, 29) (end=(31, 29), ultimate=(14, 48))
[CROP] East-crawl densify (30, 29) → (32, 29) (end=(31, 29), ultimate=(14, 48))
[CROP] Refill densify recover → (32, 29) from (30, 29) (no path)
[CROP] Past-fence densify south (31, 29) → (30, 32) (end=(30, 29), ultimate=(14, 48))
[CROP] Refill densify hop (31, 29) → (30, 32) (ultimate=(14, 48))
[CROP] East-crawl densify (30, 29) → (32, 29) (end=(31, 29), ultimate=(14, 48))
[CROP] Refill densify hop (30, 29) → (32, 29) (ultimate=(14, 48))
[CROP] East-crawl densify (30, 29) → (32, 29) (end=(31, 29), ultimate=(14, 48))
[CROP] East-crawl densify (30, 29) → (32, 29) (end=(31, 29), ultimate=(14, 48))
[CROP] Refill densify recover → (32, 29) from (30, 29) (no path)
[CROP] Past-fence densify south (31, 29) → (30, 32) (end=(30, 29), ultimate=(14, 48))
[CROP] Refill densify hop (31, 29) → (30, 32) (ultimate=(14, 48))
[CROP] East-crawl densify (30, 29) → (32, 29) (end=(31, 29), ultimate=(14, 48))
[CROP] Refill densify hop (30, 29) → (32, 29) (ultimate=(14, 48))
[CROP] East-crawl densify (30, 29) → (32, 29) (end=(31, 29), ultimate=(14, 48))
[CROP] East-crawl densify (30, 29) → (32, 29) (end=(31, 29), ultimate=(14, 48))
[CROP] Refill densify recover → (32, 29) from (30, 29) (no path)
[CROP] Past-fence densify south (31, 29) → (30, 32) (end=(30, 29), ultimate=(14, 48))
[CROP] Refill densify hop (31, 29) → (30, 32) (ultimate=(14, 48))
[CROP] East-crawl densify (30, 29) → (32, 29) (end=(31, 29), ultimate=(14, 48))
[CROP] Refill densify hop (30, 29) → (32, 29) (ultimate=(14, 48))
[CROP] East-crawl densify (30, 29) → (32, 29) (end=(31, 29), ultimate=(14, 48))
[CROP] East-crawl densify (30, 29) → (32, 29) (end=(31, 29), ultimate=(14, 48))
[CROP] Refill densify recover → (32, 29) from (30, 29) (no path)
[CROP] Past-fence densify south (31, 29) → (30, 32) (end=(30, 29), ultimate=(14, 48))
[CROP] Refill densify hop (31, 29) → (30, 32) (ultimate=(14, 48))
[CROP] East-crawl densify (30, 29) → (32, 29) (end=(31, 29), ultimate=(14, 48))
[CROP] Refill densify hop (30, 29) → (32, 29) (ultimate=(14, 48))
[CROP] East-crawl densify (30, 29) → (32, 29) (end=(31, 29), ultimate=(14, 48))
[CROP] East-crawl densify (30, 29) → (32, 29) (end=(31, 29), ultimate=(14, 48))
[CROP] Refill densify recover → (32, 29) from (30, 29) (no path)
[CROP] Past-fence densify south (31, 29) → (30, 32) (end=(30, 29), ultimate=(14, 48))
[CROP] Refill densify hop (31, 29) → (30, 32) (ultimate=(14, 48))
[CROP] East-crawl densify (30, 29) → (32, 29) (end=(31, 29), ultimate=(14, 48))
[CROP] Refill densify hop (30, 29) → (32, 29) (ultimate=(14, 48))
[CROP] East-crawl densify (30, 29) → (32, 29) (end=(31, 29), ultimate=(14, 48))
[CROP] East-crawl densify (30, 29) → (32, 29) (end=(31, 29), ultimate=(14, 48))
[CROP] Refill densify recover → (32, 29) from (30, 29) (no path)
[CROP] Past-fence densify south (31, 29) → (30, 32) (end=(30, 29), ultimate=(14, 48))
[CROP] Refill densify hop (31, 29) → (30, 32) (ultimate=(14, 48))
[CROP] East-crawl densify (30, 29) → (32, 29) (end=(31, 29), ultimate=(14, 48))
[CROP] Refill densify hop (30, 29) → (32, 29) (ultimate=(14, 48))
[CROP] East-crawl densify (30, 29) → (32, 29) (end=(31, 29), ultimate=(14, 48))
[CROP] East-crawl densify (30, 29) → (32, 29) (end=(31, 29), ultimate=(14, 48))
[CROP] Refill densify recover → (32, 29) from (30, 29) (no path)
[CROP] Past-fence densify south (31, 29) → (30, 32) (end=(30, 29), ultimate=(14, 48))
[CROP] Refill densify hop (31, 29) → (30, 32) (ultimate=(14, 48))
[CROP] East-crawl densify (30, 29) → (32, 29) (end=(31, 29), ultimate=(14, 48))
[CROP] Refill densify hop (30, 29) → (32, 29) (ultimate=(14, 48))
[CROP] East-crawl densify (30, 29) → (32, 29) (end=(31, 29), ultimate=(14, 48))
[CROP] East-crawl densify (30, 29) → (32, 29) (end=(31, 29), ultimate=(14, 48))
[CROP] Refill densify recover → (32, 29) from (30, 29) (no path)
[CROP] Past-fence densify south (31, 29) → (30, 32) (end=(30, 29), ultimate=(14, 48))
[CROP] Refill densify hop (31, 29) → (30, 32) (ultimate=(14, 48))
[CROP] East-crawl densify (30, 29) → (32, 29) (end=(31, 29), ultimate=(14, 48))
[CROP] Refill densify hop (30, 29) → (32, 29) (ultimate=(14, 48))
[CROP] East-crawl densify (30, 29) → (32, 29) (end=(31, 29), ultimate=(14, 48))
[CROP] East-crawl densify (30, 29) → (32, 29) (end=(31, 29), ultimate=(14, 48))
[CROP] Refill densify recover → (32, 29) from (30, 29) (no path)
[CROP] Past-fence densify south (31, 29) → (30, 32) (end=(30, 29), ultimate=(14, 48))
[CROP] Refill densify hop (31, 29) → (30, 32) (ultimate=(14, 48))
[CROP] East-crawl densify (30, 29) → (32, 29) (end=(31, 29), ultimate=(14, 48))
[CROP] Refill densify hop (30, 29) → (32, 29) (ultimate=(14, 48))
[CROP] East-crawl densify (30, 29) → (32, 29) (end=(31, 29), ultimate=(14, 48))
[CROP] East-crawl densify (30, 29) → (32, 29) (end=(31, 29), ultimate=(14, 48))
[CROP] Refill densify recover → (32, 29) from (30, 29) (no path)
[CROP] Past-fence densify south (31, 29) → (30, 32) (end=(30, 29), ultimate=(14, 48))
[CROP] Refill densify hop (31, 29) → (30, 32) (ultimate=(14, 48))
[CROP] East-crawl densify (30, 29) → (32, 29) (end=(31, 29), ultimate=(14, 48))
[CROP] Refill densify hop (30, 29) → (32, 29) (ultimate=(14, 48))
[CROP] East-crawl densify (30, 29) → (32, 29) (end=(31, 29), ultimate=(14, 48))
[CROP] East-crawl densify (30, 29) → (32, 29) (end=(31, 29), ultimate=(14, 48))
[CROP] Refill densify recover → (32, 29) from (30, 29) (no path)
[CROP] Past-fence densify south (31, 29) → (30, 32) (end=(30, 29), ultimate=(14, 48))
[CROP] Refill densify hop (31, 29) → (30, 32) (ultimate=(14, 48))
[CROP] East-crawl densify (30, 29) → (32, 29) (end=(31, 29), ultimate=(14, 48))
[CROP] Refill densify hop (30, 29) → (32, 29) (ultimate=(14, 48))
[CROP] East-crawl densify (30, 29) → (32, 29) (end=(31, 29), ultimate=(14, 48))
[CROP] East-crawl densify (30, 29) → (32, 29) (end=(31, 29), ultimate=(14, 48))
[CROP] Refill densify recover → (32, 29) from (30, 29) (no path)
[CROP] Past-fence densify south (31, 29) → (30, 32) (end=(30, 29), ultimate=(14, 48))
[CROP] Refill densify hop (31, 29) → (30, 32) (ultimate=(14, 48))
[CROP] East-crawl densify (30, 29) → (32, 29) (end=(31, 29), ultimate=(14, 48))
[CROP] Refill densify hop (30, 29) → (32, 29) (ultimate=(14, 48))
[CROP] East-crawl densify (30, 29) → (32, 29) (end=(31, 29), ultimate=(14, 48))
[CROP] East-crawl densify (30, 29) → (32, 29) (end=(31, 29), ultimate=(14, 48))
[CROP] Refill densify recover → (32, 29) from (30, 29) (no path)
[CROP] Past-fence densify south (31, 29) → (30, 32) (end=(30, 29), ultimate=(14, 48))
[CROP] Refill densify hop (31, 29) → (30, 32) (ultimate=(14, 48))
[CROP] East-crawl densify (30, 29) → (32, 29) (end=(31, 29), ultimate=(14, 48))
[CROP] Refill densify hop (30, 29) → (32, 29) (ultimate=(14, 48))
[CROP] East-crawl densify (30, 29) → (32, 29) (end=(31, 29), ultimate=(14, 48))
[CROP] East-crawl densify (30, 29) → (32, 29) (end=(31, 29), ultimate=(14, 48))
[CROP] Refill densify recover → (32, 29) from (30, 29) (no path)
[CROP] Past-fence densify south (31, 29) → (30, 32) (end=(30, 29), ultimate=(14, 48))
[CROP] Refill densify hop (31, 29) → (30, 32) (ultimate=(14, 48))
[CROP] East-crawl densify (30, 29) → (32, 29) (end=(31, 29), ultimate=(14, 48))
[CROP] Refill densify hop (30, 29) → (32, 29) (ultimate=(14, 48))
[CROP] East-crawl densify (30, 29) → (32, 29) (end=(31, 29), ultimate=(14, 48))
[CROP] East-crawl densify (30, 29) → (32, 29) (end=(31, 29), ultimate=(14, 48))
[CROP] Refill densify recover → (32, 29) from (30, 29) (no path)
[CROP] Past-fence densify south (31, 29) → (30, 32) (end=(30, 29), ultimate=(14, 48))
[CROP] Refill densify hop (31, 29) → (30, 32) (ultimate=(14, 48))
[CROP] East-crawl densify (30, 29) → (32, 29) (end=(31, 29), ultimate=(14, 48))
[CROP] Refill densify hop (30, 29) → (32, 29) (ultimate=(14, 48))
[CROP] East-crawl densify (30, 29) → (32, 29) (end=(31, 29), ultimate=(14, 48))
[CROP] East-crawl densify (30, 29) → (32, 29) (end=(31, 29), ultimate=(14, 48))
[CROP] Refill densify recover → (32, 29) from (30, 29) (no path)
[CROP] Past-fence densify south (31, 29) → (30, 32) (end=(30, 29), ultimate=(14, 48))
[CROP] Refill densify hop (31, 29) → (30, 32) (ultimate=(14, 48))
[CROP] East-crawl densify (30, 29) → (32, 29) (end=(31, 29), ultimate=(14, 48))
[CROP] Refill densify hop (30, 29) → (32, 29) (ultimate=(14, 48))
[CROP] East-crawl densify (30, 29) → (32, 29) (end=(31, 29), ultimate=(14, 48))
[CROP] East-crawl densify (30, 29) → (32, 29) (end=(31, 29), ultimate=(14, 48))
[CROP] Refill densify recover → (32, 29) from (30, 29) (no path)
[CROP] Past-fence densify south (31, 29) → (30, 32) (end=(30, 29), ultimate=(14, 48))
[CROP] Refill densify hop (31, 29) → (30, 32) (ultimate=(14, 48))
[CROP] East-crawl densify (30, 29) → (32, 29) (end=(31, 29), ultimate=(14, 48))
[CROP] Refill densify hop (30, 29) → (32, 29) (ultimate=(14, 48))
[CROP] East-crawl densify (30, 29) → (32, 29) (end=(31, 29), ultimate=(14, 48))
[CROP] East-crawl densify (30, 29) → (32, 29) (end=(31, 29), ultimate=(14, 48))
[CROP] Refill densify recover → (32, 29) from (30, 29) (no path)
[CROP] Past-fence densify south (31, 29) → (30, 32) (end=(30, 29), ultimate=(14, 48))
[CROP] Refill densify hop (31, 29) → (30, 32) (ultimate=(14, 48))
[CROP] East-crawl densify (30, 29) → (32, 29) (end=(31, 29), ultimate=(14, 48))
[CROP] Refill densify hop (30, 29) → (32, 29) (ultimate=(14, 48))
[CROP] East-crawl densify (30, 29) → (32, 29) (end=(31, 29), ultimate=(14, 48))
[CROP] East-crawl densify (30, 29) → (32, 29) (end=(31, 29), ultimate=(14, 48))
[CROP] Refill densify recover → (32, 29) from (30, 29) (no path)
[CROP] Past-fence densify south (31, 29) → (30, 32) (end=(30, 29), ultimate=(14, 48))
[CROP] Refill densify hop (31, 29) → (30, 32) (ultimate=(14, 48))
[CROP] East-crawl densify (30, 29) → (32, 29) (end=(31, 29), ultimate=(14, 48))
[CROP] Refill densify hop (30, 29) → (32, 29) (ultimate=(14, 48))
[CROP] East-crawl densify (30, 29) → (32, 29) (end=(31, 29), ultimate=(14, 48))
[CROP] East-crawl densify (30, 29) → (32, 29) (end=(31, 29), ultimate=(14, 48))
[CROP] Refill densify recover → (32, 29) from (30, 29) (no path)
[CROP] Past-fence densify south (31, 29) → (30, 32) (end=(30, 29), ultimate=(14, 48))
[CROP] Refill densify hop (31, 29) → (30, 32) (ultimate=(14, 48))
[CROP] East-crawl densify (30, 29) → (32, 29) (end=(31, 29), ultimate=(14, 48))
[CROP] Refill densify hop (30, 29) → (32, 29) (ultimate=(14, 48))
[CROP] East-crawl densify (30, 29) → (32, 29) (end=(31, 29), ultimate=(14, 48))
[CROP] East-crawl densify (30, 29) → (32, 29) (end=(31, 29), ultimate=(14, 48))
[CROP] Refill densify recover → (32, 29) from (30, 29) (no path)
[CROP] Past-fence densify south (31, 29) → (30, 32) (end=(30, 29), ultimate=(14, 48))
[CROP] Refill densify hop (31, 29) → (30, 32) (ultimate=(14, 48))
[CROP] East-crawl densify (30, 29) → (32, 29) (end=(31, 29), ultimate=(14, 48))
[CROP] Refill densify hop (30, 29) → (32, 29) (ultimate=(14, 48))
[CROP] East-crawl densify (30, 29) → (32, 29) (end=(31, 29), ultimate=(14, 48))
[CROP] East-crawl densify (30, 29) → (32, 29) (end=(31, 29), ultimate=(14, 48))
[CROP] Refill densify recover → (32, 29) from (30, 29) (no path)
[CROP] Past-fence densify south (31, 29) → (30, 32) (end=(30, 29), ultimate=(14, 48))
[CROP] Refill densify hop (31, 29) → (30, 32) (ultimate=(14, 48))
[CROP] East-crawl densify (30, 29) → (32, 29) (end=(31, 29), ultimate=(14, 48))
[CROP] Refill densify hop (30, 29) → (32, 29) (ultimate=(14, 48))
[CROP] East-crawl densify (30, 29) → (32, 29) (end=(31, 29), ultimate=(14, 48))
[CROP] East-crawl densify (30, 29) → (32, 29) (end=(31, 29), ultimate=(14, 48))
[CROP] Refill densify recover → (32, 29) from (30, 29) (no path)
[CROP] Past-fence densify south (31, 29) → (30, 32) (end=(30, 29), ultimate=(14, 48))
[CROP] Refill densify hop (31, 29) → (30, 32) (ultimate=(14, 48))
[CROP] East-crawl densify (30, 29) → (32, 29) (end=(31, 29), ultimate=(14, 48))
[CROP] Refill densify hop (30, 29) → (32, 29) (ultimate=(14, 48))
[CROP] East-crawl densify (30, 29) → (32, 29) (end=(31, 29), ultimate=(14, 48))
[CROP] East-crawl densify (30, 29) → (32, 29) (end=(31, 29), ultimate=(14, 48))
[CROP] Refill densify recover → (32, 29) from (30, 29) (no path)
[CROP] Past-fence densify south (31, 29) → (30, 32) (end=(30, 29), ultimate=(14, 48))
[CROP] Refill densify hop (31, 29) → (30, 32) (ultimate=(14, 48))
[CROP] East-crawl densify (30, 29) → (32, 29) (end=(31, 29), ultimate=(14, 48))
[CROP] Refill densify hop (30, 29) → (32, 29) (ultimate=(14, 48))
[CROP] East-crawl densify (30, 29) → (32, 29) (end=(31, 29), ultimate=(14, 48))
[CROP] East-crawl densify (30, 29) → (32, 29) (end=(31, 29), ultimate=(14, 48))
[CROP] Refill densify recover → (32, 29) from (30, 29) (no path)
[CROP] Past-fence densify south (31, 29) → (30, 32) (end=(30, 29), ultimate=(14, 48))
[CROP] Refill densify hop (31, 29) → (30, 32) (ultimate=(14, 48))
[CROP] East-crawl densify (30, 29) → (32, 29) (end=(31, 29), ultimate=(14, 48))
[CROP] Refill densify hop (30, 29) → (32, 29) (ultimate=(14, 48))
[CROP] East-crawl densify (30, 29) → (32, 29) (end=(31, 29), ultimate=(14, 48))
[CROP] East-crawl densify (30, 29) → (32, 29) (end=(31, 29), ultimate=(14, 48))
[CROP] Refill densify recover → (32, 29) from (30, 29) (no path)
[CROP] Past-fence densify south (31, 29) → (30, 32) (end=(30, 29), ultimate=(14, 48))
[CROP] Refill densify hop (31, 29) → (30, 32) (ultimate=(14, 48))
[CROP] East-crawl densify (30, 29) → (32, 29) (end=(31, 29), ultimate=(14, 48))
[CROP] Refill densify hop (30, 29) → (32, 29) (ultimate=(14, 48))
[CROP] East-crawl densify (30, 29) → (32, 29) (end=(31, 29), ultimate=(14, 48))
[CROP] East-crawl densify (30, 29) → (32, 29) (end=(31, 29), ultimate=(14, 48))
[CROP] Refill densify recover → (32, 29) from (30, 29) (no path)
[CROP] Past-fence densify south (31, 29) → (30, 32) (end=(30, 29), ultimate=(14, 48))
[CROP] Refill densify hop (31, 29) → (30, 32) (ultimate=(14, 48))
[CROP] East-crawl densify (30, 29) → (32, 29) (end=(31, 29), ultimate=(14, 48))
[CROP] Refill densify hop (30, 29) → (32, 29) (ultimate=(14, 48))
[CROP] East-crawl densify (30, 29) → (32, 29) (end=(31, 29), ultimate=(14, 48))
[CROP] East-crawl densify (30, 29) → (32, 29) (end=(31, 29), ultimate=(14, 48))
[CROP] Refill densify recover → (32, 29) from (30, 29) (no path)
[CROP] Past-fence densify south (31, 29) → (30, 32) (end=(30, 29), ultimate=(14, 48))
[CROP] Refill densify hop (31, 29) → (30, 32) (ultimate=(14, 48))
[CROP] East-crawl densify (30, 29) → (32, 29) (end=(31, 29), ultimate=(14, 48))
[CROP] Refill densify hop (30, 29) → (32, 29) (ultimate=(14, 48))
[CROP] East-crawl densify (30, 29) → (32, 29) (end=(31, 29), ultimate=(14, 48))
[CROP] East-crawl densify (30, 29) → (32, 29) (end=(31, 29), ultimate=(14, 48))
[CROP] Refill densify recover → (32, 29) from (30, 29) (no path)
[CROP] Past-fence densify south (31, 29) → (30, 32) (end=(30, 29), ultimate=(14, 48))
[CROP] Refill densify hop (31, 29) → (30, 32) (ultimate=(14, 48))
[CROP] East-crawl densify (30, 29) → (32, 29) (end=(31, 29), ultimate=(14, 48))
[CROP] Refill densify hop (30, 29) → (32, 29) (ultimate=(14, 48))
[CROP] East-crawl densify (30, 29) → (32, 29) (end=(31, 29), ultimate=(14, 48))
[CROP] East-crawl densify (30, 29) → (32, 29) (end=(31, 29), ultimate=(14, 48))
[CROP] Refill densify recover → (32, 29) from (30, 29) (no path)
[CROP] Past-fence densify south (31, 29) → (30, 32) (end=(30, 29), ultimate=(14, 48))
[CROP] Refill densify hop (31, 29) → (30, 32) (ultimate=(14, 48))
[CROP] East-crawl densify (30, 29) → (32, 29) (end=(31, 29), ultimate=(14, 48))
[CROP] Refill densify hop (30, 29) → (32, 29) (ultimate=(14, 48))
[CROP] East-crawl densify (30, 29) → (32, 29) (end=(31, 29), ultimate=(14, 48))
[CROP] East-crawl densify (30, 29) → (32, 29) (end=(31, 29), ultimate=(14, 48))
[CROP] Refill densify recover → (32, 29) from (30, 29) (no path)
[CROP] Past-fence densify south (31, 29) → (30, 32) (end=(30, 29), ultimate=(14, 48))
[CROP] Refill densify hop (31, 29) → (30, 32) (ultimate=(14, 48))
[CROP] East-crawl densify (30, 29) → (32, 29) (end=(31, 29), ultimate=(14, 48))
[CROP] Refill densify hop (30, 29) → (32, 29) (ultimate=(14, 48))
[CROP] East-crawl densify (30, 29) → (32, 29) (end=(31, 29), ultimate=(14, 48))
[CROP] East-crawl densify (30, 29) → (32, 29) (end=(31, 29), ultimate=(14, 48))
[CROP] Refill densify recover → (32, 29) from (30, 29) (no path)
[CROP] Past-fence densify south (31, 29) → (30, 32) (end=(30, 29), ultimate=(14, 48))
[CROP] Refill densify hop (31, 29) → (30, 32) (ultimate=(14, 48))
[CROP] East-crawl densify (30, 29) → (32, 29) (end=(31, 29), ultimate=(14, 48))
[CROP] Refill densify hop (30, 29) → (32, 29) (ultimate=(14, 48))
[CROP] East-crawl densify (30, 29) → (32, 29) (end=(31, 29), ultimate=(14, 48))
[CROP] East-crawl densify (30, 29) → (32, 29) (end=(31, 29), ultimate=(14, 48))
[CROP] Refill densify recover → (32, 29) from (30, 29) (no path)
[CROP] Past-fence densify south (31, 29) → (30, 32) (end=(30, 29), ultimate=(14, 48))
[CROP] Refill densify hop (31, 29) → (30, 32) (ultimate=(14, 48))
[CROP] East-crawl densify (30, 29) → (32, 29) (end=(31, 29), ultimate=(14, 48))
[CROP] Refill densify hop (30, 29) → (32, 29) (ultimate=(14, 48))
[CROP] East-crawl densify (30, 29) → (32, 29) (end=(31, 29), ultimate=(14, 48))
[CROP] East-crawl densify (30, 29) → (32, 29) (end=(31, 29), ultimate=(14, 48))
[CROP] Refill densify recover → (32, 29) from (30, 29) (no path)
[CROP] Past-fence densify south (31, 29) → (30, 32) (end=(30, 29), ultimate=(14, 48))
[CROP] Refill densify hop (31, 29) → (30, 32) (ultimate=(14, 48))
[CROP] East-crawl densify (30, 29) → (32, 29) (end=(31, 29), ultimate=(14, 48))
[CROP] Refill densify hop (30, 29) → (32, 29) (ultimate=(14, 48))
[CROP] East-crawl densify (30, 29) → (32, 29) (end=(31, 29), ultimate=(14, 48))
[CROP] East-crawl densify (30, 29) → (32, 29) (end=(31, 29), ultimate=(14, 48))
[CROP] Refill densify recover → (32, 29) from (30, 29) (no path)
[CROP] Past-fence densify south (31, 29) → (30, 32) (end=(30, 29), ultimate=(14, 48))
[CROP] Refill densify hop (31, 29) → (30, 32) (ultimate=(14, 48))
[CROP] East-crawl densify (30, 29) → (32, 29) (end=(31, 29), ultimate=(14, 48))
[CROP] Refill densify hop (30, 29) → (32, 29) (ultimate=(14, 48))
[CROP] East-crawl densify (30, 29) → (32, 29) (end=(31, 29), ultimate=(14, 48))
[CROP] East-crawl densify (30, 29) → (32, 29) (end=(31, 29), ultimate=(14, 48))
[CROP] Refill densify recover → (32, 29) from (30, 29) (no path)
[CROP] Past-fence densify south (31, 29) → (30, 32) (end=(30, 29), ultimate=(14, 48))
[CROP] Refill densify hop (31, 29) → (30, 32) (ultimate=(14, 48))
[CROP] East-crawl densify (30, 29) → (32, 29) (end=(31, 29), ultimate=(14, 48))
[CROP] Refill densify hop (30, 29) → (32, 29) (ultimate=(14, 48))
[CROP] East-crawl densify (30, 29) → (32, 29) (end=(31, 29), ultimate=(14, 48))
[CROP] East-crawl densify (30, 29) → (32, 29) (end=(31, 29), ultimate=(14, 48))
[CROP] Refill densify recover → (32, 29) from (30, 29) (no path)
[CROP] Past-fence densify south (31, 29) → (30, 32) (end=(30, 29), ultimate=(14, 48))
[CROP] Refill densify hop (31, 29) → (30, 32) (ultimate=(14, 48))
[CROP] East-crawl densify (30, 29) → (32, 29) (end=(31, 29), ultimate=(14, 48))
[CROP] Refill densify hop (30, 29) → (32, 29) (ultimate=(14, 48))
[CROP] East-crawl densify (30, 29) → (32, 29) (end=(31, 29), ultimate=(14, 48))
[CROP] East-crawl densify (30, 29) → (32, 29) (end=(31, 29), ultimate=(14, 48))
[CROP] Refill densify recover → (32, 29) from (30, 29) (no path)
[CROP] Past-fence densify south (31, 29) → (30, 32) (end=(30, 29), ultimate=(14, 48))
[CROP] Refill densify hop (31, 29) → (30, 32) (ultimate=(14, 48))
[CROP] East-crawl densify (30, 29) → (32, 29) (end=(31, 29), ultimate=(14, 48))
[CROP] Refill densify hop (30, 29) → (32, 29) (ultimate=(14, 48))
[CROP] East-crawl densify (30, 29) → (32, 29) (end=(31, 29), ultimate=(14, 48))
[CROP] East-crawl densify (30, 29) → (32, 29) (end=(31, 29), ultimate=(14, 48))
[CROP] Refill densify recover → (32, 29) from (30, 29) (no path)
[CROP] Past-fence densify south (31, 29) → (30, 32) (end=(30, 29), ultimate=(14, 48))
[CROP] Refill densify hop (31, 29) → (30, 32) (ultimate=(14, 48))
[CROP] East-crawl densify (30, 29) → (32, 29) (end=(31, 29), ultimate=(14, 48))
[CROP] Refill densify hop (30, 29) → (32, 29) (ultimate=(14, 48))
[CROP] East-crawl densify (30, 29) → (32, 29) (end=(31, 29), ultimate=(14, 48))
[CROP] East-crawl densify (30, 29) → (32, 29) (end=(31, 29), ultimate=(14, 48))
[CROP] Refill densify recover → (32, 29) from (30, 29) (no path)
[CROP] Past-fence densify south (31, 29) → (30, 32) (end=(30, 29), ultimate=(14, 48))
[CROP] Refill densify hop (31, 29) → (30, 32) (ultimate=(14, 48))
[CROP] East-crawl densify (30, 29) → (32, 29) (end=(31, 29), ultimate=(14, 48))
[CROP] Refill densify hop (30, 29) → (32, 29) (ultimate=(14, 48))
[CROP] East-crawl densify (30, 29) → (32, 29) (end=(31, 29), ultimate=(14, 48))
[CROP] East-crawl densify (30, 29) → (32, 29) (end=(31, 29), ultimate=(14, 48))
[CROP] Refill densify recover → (32, 29) from (30, 29) (no path)
[CROP] Past-fence densify south (31, 29) → (30, 32) (end=(30, 29), ultimate=(14, 48))
[CROP] Refill densify hop (31, 29) → (30, 32) (ultimate=(14, 48))
[CROP] East-crawl densify (30, 29) → (32, 29) (end=(31, 29), ultimate=(14, 48))
[CROP] Refill densify hop (30, 29) → (32, 29) (ultimate=(14, 48))
[CROP] East-crawl densify (30, 29) → (32, 29) (end=(31, 29), ultimate=(14, 48))
[CROP] East-crawl densify (30, 29) → (32, 29) (end=(31, 29), ultimate=(14, 48))
[CROP] Refill densify recover → (32, 29) from (30, 29) (no path)
[CROP] Past-fence densify south (31, 29) → (30, 32) (end=(30, 29), ultimate=(14, 48))
[CROP] Refill densify hop (31, 29) → (30, 32) (ultimate=(14, 48))
[CROP] East-crawl densify (30, 29) → (32, 29) (end=(31, 29), ultimate=(14, 48))
[CROP] Refill densify hop (30, 29) → (32, 29) (ultimate=(14, 48))
[CROP] East-crawl densify (30, 29) → (32, 29) (end=(31, 29), ultimate=(14, 48))
[CROP] East-crawl densify (30, 29) → (32, 29) (end=(31, 29), ultimate=(14, 48))
[CROP] Refill densify recover → (32, 29) from (30, 29) (no path)
[CROP] Past-fence densify south (31, 29) → (30, 32) (end=(30, 29), ultimate=(14, 48))
[CROP] Refill densify hop (31, 29) → (30, 32) (ultimate=(14, 48))
[CROP] East-crawl densify (30, 29) → (32, 29) (end=(31, 29), ultimate=(14, 48))
[CROP] Refill densify hop (30, 29) → (32, 29) (ultimate=(14, 48))
[CROP] East-crawl densify (30, 29) → (32, 29) (end=(31, 29), ultimate=(14, 48))
[CROP] East-crawl densify (30, 29) → (32, 29) (end=(31, 29), ultimate=(14, 48))
[CROP] Refill densify recover → (32, 29) from (30, 29) (no path)
[CROP] Past-fence densify south (31, 29) → (30, 32) (end=(30, 29), ultimate=(14, 48))
[CROP] Refill densify hop (31, 29) → (30, 32) (ultimate=(14, 48))
[CROP] East-crawl densify (30, 29) → (32, 29) (end=(31, 29), ultimate=(14, 48))
[CROP] Refill densify hop (30, 29) → (32, 29) (ultimate=(14, 48))
[CROP] East-crawl densify (30, 29) → (32, 29) (end=(31, 29), ultimate=(14, 48))
[CROP] East-crawl densify (30, 29) → (32, 29) (end=(31, 29), ultimate=(14, 48))
[CROP] Refill densify recover → (32, 29) from (30, 29) (no path)
[CROP] Past-fence densify south (31, 29) → (30, 32) (end=(30, 29), ultimate=(14, 48))
[CROP] Refill densify hop (31, 29) → (30, 32) (ultimate=(14, 48))
[CROP] East-crawl densify (30, 29) → (32, 29) (end=(31, 29), ultimate=(14, 48))
[CROP] Refill densify hop (30, 29) → (32, 29) (ultimate=(14, 48))
[CROP] East-crawl densify (30, 29) → (32, 29) (end=(31, 29), ultimate=(14, 48))
[CROP] East-crawl densify (30, 29) → (32, 29) (end=(31, 29), ultimate=(14, 48))
[CROP] Refill densify recover → (32, 29) from (30, 29) (no path)
[CROP] Past-fence densify south (31, 29) → (30, 32) (end=(30, 29), ultimate=(14, 48))
[CROP] Refill densify hop (31, 29) → (30, 32) (ultimate=(14, 48))
[CROP] East-crawl densify (30, 29) → (32, 29) (end=(31, 29), ultimate=(14, 48))
[CROP] Refill densify hop (30, 29) → (32, 29) (ultimate=(14, 48))
[CROP] East-crawl densify (30, 29) → (32, 29) (end=(31, 29), ultimate=(14, 48))
[CROP] East-crawl densify (30, 29) → (32, 29) (end=(31, 29), ultimate=(14, 48))
[CROP] Refill densify recover → (32, 29) from (30, 29) (no path)
[CROP] Past-fence densify south (31, 29) → (30, 32) (end=(30, 29), ultimate=(14, 48))
[CROP] Refill densify hop (31, 29) → (30, 32) (ultimate=(14, 48))
[CROP] East-crawl densify (30, 29) → (32, 29) (end=(31, 29), ultimate=(14, 48))
[CROP] Refill densify hop (30, 29) → (32, 29) (ultimate=(14, 48))
[CROP] East-crawl densify (30, 29) → (32, 29) (end=(31, 29), ultimate=(14, 48))
[CROP] East-crawl densify (30, 29) → (32, 29) (end=(31, 29), ultimate=(14, 48))
[CROP] Refill densify recover → (32, 29) from (30, 29) (no path)
[CROP] Past-fence densify south (31, 29) → (30, 32) (end=(30, 29), ultimate=(14, 48))
[CROP] Refill densify hop (31, 29) → (30, 32) (ultimate=(14, 48))
[CROP] East-crawl densify (30, 29) → (32, 29) (end=(31, 29), ultimate=(14, 48))
[CROP] Refill densify hop (30, 29) → (32, 29) (ultimate=(14, 48))
[CROP] East-crawl densify (30, 29) → (32, 29) (end=(31, 29), ultimate=(14, 48))
[CROP] East-crawl densify (30, 29) → (32, 29) (end=(31, 29), ultimate=(14, 48))
[CROP] Refill densify recover → (32, 29) from (30, 29) (no path)
[CROP] Past-fence densify south (31, 29) → (30, 32) (end=(30, 29), ultimate=(14, 48))
[CROP] Refill densify hop (31, 29) → (30, 32) (ultimate=(14, 48))
[CROP] East-crawl densify (30, 29) → (32, 29) (end=(31, 29), ultimate=(14, 48))
[CROP] Refill densify hop (30, 29) → (32, 29) (ultimate=(14, 48))
[CROP] East-crawl densify (30, 29) → (32, 29) (end=(31, 29), ultimate=(14, 48))
[CROP] East-crawl densify (30, 29) → (32, 29) (end=(31, 29), ultimate=(14, 48))
[CROP] Refill densify recover → (32, 29) from (30, 29) (no path)
[CROP] Past-fence densify south (31, 29) → (30, 32) (end=(30, 29), ultimate=(14, 48))
[CROP] Refill densify hop (31, 29) → (30, 32) (ultimate=(14, 48))
[CROP] East-crawl densify (30, 29) → (32, 29) (end=(31, 29), ultimate=(14, 48))
[CROP] Refill densify hop (30, 29) → (32, 29) (ultimate=(14, 48))
[CROP] East-crawl densify (30, 29) → (32, 29) (end=(31, 29), ultimate=(14, 48))
[CROP] East-crawl densify (30, 29) → (32, 29) (end=(31, 29), ultimate=(14, 48))
[CROP] Refill densify recover → (32, 29) from (30, 29) (no path)
[CROP] Past-fence densify south (31, 29) → (30, 32) (end=(30, 29), ultimate=(14, 48))
[CROP] Refill densify hop (31, 29) → (30, 32) (ultimate=(14, 48))
[CROP] East-crawl densify (30, 29) → (32, 29) (end=(31, 29), ultimate=(14, 48))
[CROP] Refill densify hop (30, 29) → (32, 29) (ultimate=(14, 48))
[CROP] East-crawl densify (30, 29) → (32, 29) (end=(31, 29), ultimate=(14, 48))
[CROP] East-crawl densify (30, 29) → (32, 29) (end=(31, 29), ultimate=(14, 48))
[CROP] Refill densify recover → (32, 29) from (30, 29) (no path)
[CROP] Past-fence densify south (31, 29) → (30, 32) (end=(30, 29), ultimate=(14, 48))
[CROP] Refill densify hop (31, 29) → (30, 32) (ultimate=(14, 48))
[CROP] East-crawl densify (30, 29) → (32, 29) (end=(31, 29), ultimate=(14, 48))
[CROP] Refill densify hop (30, 29) → (32, 29) (ultimate=(14, 48))
[CROP] East-crawl densify (30, 29) → (32, 29) (end=(31, 29), ultimate=(14, 48))
[CROP] East-crawl densify (30, 29) → (32, 29) (end=(31, 29), ultimate=(14, 48))
[CROP] Refill densify recover → (32, 29) from (30, 29) (no path)
[CROP] Past-fence densify south (31, 29) → (30, 32) (end=(30, 29), ultimate=(14, 48))
[CROP] Refill densify hop (31, 29) → (30, 32) (ultimate=(14, 48))
[CROP] East-crawl densify (30, 29) → (32, 29) (end=(31, 29), ultimate=(14, 48))
[CROP] Refill densify hop (30, 29) → (32, 29) (ultimate=(14, 48))
[CROP] East-crawl densify (30, 29) → (32, 29) (end=(31, 29), ultimate=(14, 48))
[CROP] East-crawl densify (30, 29) → (32, 29) (end=(31, 29), ultimate=(14, 48))
[CROP] Refill densify recover → (32, 29) from (30, 29) (no path)
[CROP] Past-fence densify south (31, 29) → (30, 32) (end=(30, 29), ultimate=(14, 48))
[CROP] Refill densify hop (31, 29) → (30, 32) (ultimate=(14, 48))
[CROP] East-crawl densify (30, 29) → (32, 29) (end=(31, 29), ultimate=(14, 48))
[CROP] Refill densify hop (30, 29) → (32, 29) (ultimate=(14, 48))
[CROP] East-crawl densify (30, 29) → (32, 29) (end=(31, 29), ultimate=(14, 48))
[CROP] East-crawl densify (30, 29) → (32, 29) (end=(31, 29), ultimate=(14, 48))
[CROP] Refill densify recover → (32, 29) from (30, 29) (no path)
[CROP] Past-fence densify south (31, 29) → (30, 32) (end=(30, 29), ultimate=(14, 48))
[CROP] Refill densify hop (31, 29) → (30, 32) (ultimate=(14, 48))
[CROP] East-crawl densify (30, 29) → (32, 29) (end=(31, 29), ultimate=(14, 48))
[CROP] Refill densify hop (30, 29) → (32, 29) (ultimate=(14, 48))
[CROP] East-crawl densify (30, 29) → (32, 29) (end=(31, 29), ultimate=(14, 48))
[CROP] East-crawl densify (30, 29) → (32, 29) (end=(31, 29), ultimate=(14, 48))
[CROP] Refill densify recover → (32, 29) from (30, 29) (no path)
[CROP] Past-fence densify south (31, 29) → (30, 32) (end=(30, 29), ultimate=(14, 48))
[CROP] Refill densify hop (31, 29) → (30, 32) (ultimate=(14, 48))
[CROP] East-crawl densify (30, 29) → (32, 29) (end=(31, 29), ultimate=(14, 48))
[CROP] Refill densify hop (30, 29) → (32, 29) (ultimate=(14, 48))
[CROP] East-crawl densify (30, 29) → (32, 29) (end=(31, 29), ultimate=(14, 48))
[CROP] East-crawl densify (30, 29) → (32, 29) (end=(31, 29), ultimate=(14, 48))
[CROP] Refill densify recover → (32, 29) from (30, 29) (no path)
[CROP] Past-fence densify south (31, 29) → (30, 32) (end=(30, 29), ultimate=(14, 48))
[CROP] Refill densify hop (31, 29) → (30, 32) (ultimate=(14, 48))
[CROP] East-crawl densify (30, 29) → (32, 29) (end=(31, 29), ultimate=(14, 48))
[CROP] Refill densify hop (30, 29) → (32, 29) (ultimate=(14, 48))
[CROP] East-crawl densify (30, 29) → (32, 29) (end=(31, 29), ultimate=(14, 48))
[CROP] East-crawl densify (30, 29) → (32, 29) (end=(31, 29), ultimate=(14, 48))
[CROP] Refill densify recover → (32, 29) from (30, 29) (no path)
[CROP] Past-fence densify south (31, 29) → (30, 32) (end=(30, 29), ultimate=(14, 48))
[CROP] Refill densify hop (31, 29) → (30, 32) (ultimate=(14, 48))
[CROP] East-crawl densify (30, 29) → (32, 29) (end=(31, 29), ultimate=(14, 48))
[CROP] Refill densify hop (30, 29) → (32, 29) (ultimate=(14, 48))
[CROP] East-crawl densify (30, 29) → (32, 29) (end=(31, 29), ultimate=(14, 48))
[CROP] East-crawl densify (30, 29) → (32, 29) (end=(31, 29), ultimate=(14, 48))
[CROP] Refill densify recover → (32, 29) from (30, 29) (no path)
[CROP] Past-fence densify south (31, 29) → (30, 32) (end=(30, 29), ultimate=(14, 48))
[CROP] Refill densify hop (31, 29) → (30, 32) (ultimate=(14, 48))
[CROP] East-crawl densify (30, 29) → (32, 29) (end=(31, 29), ultimate=(14, 48))
[CROP] Refill densify hop (30, 29) → (32, 29) (ultimate=(14, 48))
[CROP] East-crawl densify (30, 29) → (32, 29) (end=(31, 29), ultimate=(14, 48))
[CROP] East-crawl densify (30, 29) → (32, 29) (end=(31, 29), ultimate=(14, 48))
[CROP] Refill densify recover → (32, 29) from (30, 29) (no path)
[CROP] Past-fence densify south (31, 29) → (30, 32) (end=(30, 29), ultimate=(14, 48))
[CROP] Refill densify hop (31, 29) → (30, 32) (ultimate=(14, 48))
[CROP] East-crawl densify (30, 29) → (32, 29) (end=(31, 29), ultimate=(14, 48))
[CROP] Refill densify hop (30, 29) → (32, 29) (ultimate=(14, 48))
[CROP] East-crawl densify (30, 29) → (32, 29) (end=(31, 29), ultimate=(14, 48))
[CROP] East-crawl densify (30, 29) → (32, 29) (end=(31, 29), ultimate=(14, 48))
[CROP] Refill densify recover → (32, 29) from (30, 29) (no path)
[CROP] Past-fence densify south (31, 29) → (30, 32) (end=(30, 29), ultimate=(14, 48))
[CROP] Refill densify hop (31, 29) → (30, 32) (ultimate=(14, 48))
[CROP] East-crawl densify (30, 29) → (32, 29) (end=(31, 29), ultimate=(14, 48))
[CROP] Refill densify hop (30, 29) → (32, 29) (ultimate=(14, 48))
[CROP] East-crawl densify (30, 29) → (32, 29) (end=(31, 29), ultimate=(14, 48))
[CROP] East-crawl densify (30, 29) → (32, 29) (end=(31, 29), ultimate=(14, 48))
[CROP] Refill densify recover → (32, 29) from (30, 29) (no path)
[CROP] Past-fence densify south (31, 29) → (30, 32) (end=(30, 29), ultimate=(14, 48))
[CROP] Refill densify hop (31, 29) → (30, 32) (ultimate=(14, 48))
[CROP] East-crawl densify (30, 29) → (32, 29) (end=(31, 29), ultimate=(14, 48))
[CROP] Refill densify hop (30, 29) → (32, 29) (ultimate=(14, 48))
[CROP] East-crawl densify (30, 29) → (32, 29) (end=(31, 29), ultimate=(14, 48))
[CROP] East-crawl densify (30, 29) → (32, 29) (end=(31, 29), ultimate=(14, 48))
[CROP] Refill densify recover → (32, 29) from (30, 29) (no path)
[CROP] Past-fence densify south (31, 29) → (30, 32) (end=(30, 29), ultimate=(14, 48))
[CROP] Refill densify hop (31, 29) → (30, 32) (ultimate=(14, 48))
[CROP] East-crawl densify (30, 29) → (32, 29) (end=(31, 29), ultimate=(14, 48))
[CROP] Refill densify hop (30, 29) → (32, 29) (ultimate=(14, 48))
[CROP] East-crawl densify (30, 29) → (32, 29) (end=(31, 29), ultimate=(14, 48))
[CROP] East-crawl densify (30, 29) → (32, 29) (end=(31, 29), ultimate=(14, 48))
[CROP] Refill densify recover → (32, 29) from (30, 29) (no path)
[CROP] Past-fence densify south (31, 29) → (30, 32) (end=(30, 29), ultimate=(14, 48))
[CROP] Refill densify hop (31, 29) → (30, 32) (ultimate=(14, 48))
[CROP] East-crawl densify (30, 29) → (32, 29) (end=(31, 29), ultimate=(14, 48))
[CROP] Refill densify hop (30, 29) → (32, 29) (ultimate=(14, 48))
[CROP] East-crawl densify (30, 29) → (32, 29) (end=(31, 29), ultimate=(14, 48))
[CROP] East-crawl densify (30, 29) → (32, 29) (end=(31, 29), ultimate=(14, 48))
[CROP] Refill densify recover → (32, 29) from (30, 29) (no path)
[CROP] Past-fence densify south (31, 29) → (30, 32) (end=(30, 29), ultimate=(14, 48))
[CROP] Refill densify hop (31, 29) → (30, 32) (ultimate=(14, 48))
[CROP] East-crawl densify (30, 29) → (32, 29) (end=(31, 29), ultimate=(14, 48))
[CROP] Refill densify hop (30, 29) → (32, 29) (ultimate=(14, 48))
[CROP] East-crawl densify (30, 29) → (32, 29) (end=(31, 29), ultimate=(14, 48))
[CROP] East-crawl densify (30, 29) → (32, 29) (end=(31, 29), ultimate=(14, 48))
[CROP] Refill densify recover → (32, 29) from (30, 29) (no path)
[CROP] Past-fence densify south (31, 29) → (30, 32) (end=(30, 29), ultimate=(14, 48))
[CROP] Refill densify hop (31, 29) → (30, 32) (ultimate=(14, 48))
[CROP] East-crawl densify (30, 29) → (32, 29) (end=(31, 29), ultimate=(14, 48))
[CROP] Refill densify hop (30, 29) → (32, 29) (ultimate=(14, 48))
[CROP] East-crawl densify (30, 29) → (32, 29) (end=(31, 29), ultimate=(14, 48))
[CROP] East-crawl densify (30, 29) → (32, 29) (end=(31, 29), ultimate=(14, 48))
[CROP] Refill densify recover → (32, 29) from (30, 29) (no path)
[CROP] Past-fence densify south (31, 29) → (30, 32) (end=(30, 29), ultimate=(14, 48))
[CROP] Refill densify hop (31, 29) → (30, 32) (ultimate=(14, 48))
[CROP] East-crawl densify (30, 29) → (32, 29) (end=(31, 29), ultimate=(14, 48))
[CROP] Refill densify hop (30, 29) → (32, 29) (ultimate=(14, 48))
[CROP] East-crawl densify (30, 29) → (32, 29) (end=(31, 29), ultimate=(14, 48))
[CROP] East-crawl densify (30, 29) → (32, 29) (end=(31, 29), ultimate=(14, 48))
[CROP] Refill densify recover → (32, 29) from (30, 29) (no path)
[CROP] Past-fence densify south (31, 29) → (30, 32) (end=(30, 29), ultimate=(14, 48))
[CROP] Refill densify hop (31, 29) → (30, 32) (ultimate=(14, 48))
[CROP] East-crawl densify (30, 29) → (32, 29) (end=(31, 29), ultimate=(14, 48))
[CROP] Refill densify hop (30, 29) → (32, 29) (ultimate=(14, 48))
[CROP] East-crawl densify (30, 29) → (32, 29) (end=(31, 29), ultimate=(14, 48))
[CROP] East-crawl densify (30, 29) → (32, 29) (end=(31, 29), ultimate=(14, 48))
[CROP] Refill densify recover → (32, 29) from (30, 29) (no path)
[CROP] Past-fence densify south (31, 29) → (30, 32) (end=(30, 29), ultimate=(14, 48))
[CROP] Refill densify hop (31, 29) → (30, 32) (ultimate=(14, 48))
[CROP] East-crawl densify (30, 29) → (32, 29) (end=(31, 29), ultimate=(14, 48))
[CROP] Refill densify hop (30, 29) → (32, 29) (ultimate=(14, 48))
[CROP] East-crawl densify (30, 29) → (32, 29) (end=(31, 29), ultimate=(14, 48))
[CROP] East-crawl densify (30, 29) → (32, 29) (end=(31, 29), ultimate=(14, 48))
[CROP] Refill densify recover → (32, 29) from (30, 29) (no path)
[CROP] Past-fence densify south (31, 29) → (30, 32) (end=(30, 29), ultimate=(14, 48))
[CROP] Refill densify hop (31, 29) → (30, 32) (ultimate=(14, 48))
[CROP] East-crawl densify (30, 29) → (32, 29) (end=(31, 29), ultimate=(14, 48))
[CROP] Refill densify hop (30, 29) → (32, 29) (ultimate=(14, 48))
[CROP] East-crawl densify (30, 29) → (32, 29) (end=(31, 29), ultimate=(14, 48))
[CROP] East-crawl densify (30, 29) → (32, 29) (end=(31, 29), ultimate=(14, 48))
[CROP] Refill densify recover → (32, 29) from (30, 29) (no path)
[CROP] Past-fence densify south (31, 29) → (30, 32) (end=(30, 29), ultimate=(14, 48))
[CROP] Refill densify hop (31, 29) → (30, 32) (ultimate=(14, 48))
[CROP] East-crawl densify (30, 29) → (32, 29) (end=(31, 29), ultimate=(14, 48))
[CROP] Refill densify hop (30, 29) → (32, 29) (ultimate=(14, 48))
[CROP] East-crawl densify (30, 29) → (32, 29) (end=(31, 29), ultimate=(14, 48))
[CROP] East-crawl densify (30, 29) → (32, 29) (end=(31, 29), ultimate=(14, 48))
[CROP] Refill densify recover → (32, 29) from (30, 29) (no path)
[CROP] Past-fence densify south (31, 29) → (30, 32) (end=(30, 29), ultimate=(14, 48))
[CROP] Refill densify hop (31, 29) → (30, 32) (ultimate=(14, 48))
[CROP] East-crawl densify (30, 29) → (32, 29) (end=(31, 29), ultimate=(14, 48))
[CROP] Refill densify hop (30, 29) → (32, 29) (ultimate=(14, 48))
[CROP] East-crawl densify (30, 29) → (32, 29) (end=(31, 29), ultimate=(14, 48))
[CROP] East-crawl densify (30, 29) → (32, 29) (end=(31, 29), ultimate=(14, 48))
[CROP] Refill densify recover → (32, 29) from (30, 29) (no path)
[CROP] Past-fence densify south (31, 29) → (30, 32) (end=(30, 29), ultimate=(14, 48))
[CROP] Refill densify hop (31, 29) → (30, 32) (ultimate=(14, 48))
[CROP] East-crawl densify (30, 29) → (32, 29) (end=(31, 29), ultimate=(14, 48))
[CROP] Refill densify hop (30, 29) → (32, 29) (ultimate=(14, 48))
[CROP] East-crawl densify (30, 29) → (32, 29) (end=(31, 29), ultimate=(14, 48))
[CROP] East-crawl densify (30, 29) → (32, 29) (end=(31, 29), ultimate=(14, 48))
[CROP] Refill densify recover → (32, 29) from (30, 29) (no path)
[CROP] Past-fence densify south (31, 29) → (30, 32) (end=(30, 29), ultimate=(14, 48))
[CROP] Refill densify hop (31, 29) → (30, 32) (ultimate=(14, 48))
[CROP] East-crawl densify (30, 29) → (32, 29) (end=(31, 29), ultimate=(14, 48))
[CROP] Refill densify hop (30, 29) → (32, 29) (ultimate=(14, 48))
[CROP] East-crawl densify (30, 29) → (32, 29) (end=(31, 29), ultimate=(14, 48))
[CROP] East-crawl densify (30, 29) → (32, 29) (end=(31, 29), ultimate=(14, 48))
[CROP] Refill densify recover → (32, 29) from (30, 29) (no path)
[CROP] Past-fence densify south (31, 29) → (30, 32) (end=(30, 29), ultimate=(14, 48))
[CROP] Refill densify hop (31, 29) → (30, 32) (ultimate=(14, 48))
[CROP] East-crawl densify (30, 29) → (32, 29) (end=(31, 29), ultimate=(14, 48))
[CROP] Refill densify hop (30, 29) → (32, 29) (ultimate=(14, 48))
[CROP] East-crawl densify (30, 29) → (32, 29) (end=(31, 29), ultimate=(14, 48))
[CROP] East-crawl densify (30, 29) → (32, 29) (end=(31, 29), ultimate=(14, 48))
[CROP] Refill densify recover → (32, 29) from (30, 29) (no path)
[CROP] Past-fence densify south (31, 29) → (30, 32) (end=(30, 29), ultimate=(14, 48))
[CROP] Refill densify hop (31, 29) → (30, 32) (ultimate=(14, 48))
[CROP] East-crawl densify (30, 29) → (32, 29) (end=(31, 29), ultimate=(14, 48))
[CROP] Refill densify hop (30, 29) → (32, 29) (ultimate=(14, 48))
[CROP] East-crawl densify (30, 29) → (32, 29) (end=(31, 29), ultimate=(14, 48))
[CROP] East-crawl densify (30, 29) → (32, 29) (end=(31, 29), ultimate=(14, 48))
[CROP] Refill densify recover → (32, 29) from (30, 29) (no path)
[CROP] Past-fence densify south (31, 29) → (30, 32) (end=(30, 29), ultimate=(14, 48))
[CROP] Refill densify hop (31, 29) → (30, 32) (ultimate=(14, 48))
[CROP] East-crawl densify (30, 29) → (32, 29) (end=(31, 29), ultimate=(14, 48))
[CROP] Refill densify hop (30, 29) → (32, 29) (ultimate=(14, 48))
[CROP] East-crawl densify (30, 29) → (32, 29) (end=(31, 29), ultimate=(14, 48))
[CROP] East-crawl densify (30, 29) → (32, 29) (end=(31, 29), ultimate=(14, 48))
[CROP] Refill densify recover → (32, 29) from (30, 29) (no path)
[CROP] Past-fence densify south (31, 29) → (30, 32) (end=(30, 29), ultimate=(14, 48))
[CROP] Refill densify hop (31, 29) → (30, 32) (ultimate=(14, 48))
[CROP] East-crawl densify (30, 29) → (32, 29) (end=(31, 29), ultimate=(14, 48))
[CROP] Refill densify hop (30, 29) → (32, 29) (ultimate=(14, 48))
[CROP] East-crawl densify (30, 29) → (32, 29) (end=(31, 29), ultimate=(14, 48))
[CROP] East-crawl densify (30, 29) → (32, 29) (end=(31, 29), ultimate=(14, 48))
[CROP] Refill densify recover → (32, 29) from (30, 29) (no path)
[CROP] Past-fence densify south (31, 29) → (30, 32) (end=(30, 29), ultimate=(14, 48))
[CROP] Refill densify hop (31, 29) → (30, 32) (ultimate=(14, 48))
[CROP] Refill timed out at (30, 29) stand=(14, 48) best_dist=23
[DAY_PLAN] Phase CROP_WATER FAILURE: too many target timeouts
[DAY_PLAN] Recovering before aborting required phase CROP_WATER: too many target timeouts
[DAY_PLAN] Recovery complete for CROP_WATER: recovered at normal_map@farm/farm tilemap=0x00 pos=(494,470)
[DAY_PLAN] Starting phase 8/8: CROP_WATER (crop)
[CROP] Detected 1 plots: [(14, 27)] mode=water 
[CROP] Plot 1/1 center=(14,27) phase=WATER can=0 mode=dry-only steps=6
[RUN] f=88000 date=S0D7 18:00 $160 phase=PLAN_DAY date=0:7 completed=5/40
[CROP] Empty can (level=0), need refill before watering
[CROP] Refill at (33,30) facing down water=0xF0 source=main_pond_corridor dist=19 band=0 can=0 multihop=True
[CROP] Refill densify hop (15, 29) → (18, 30) (ultimate=(33, 30))
[CROP] Refill densify hop (18, 30) → (20, 30) (ultimate=(33, 30))
[CROP] Refill densify hop (20, 30) → (22, 30) (ultimate=(33, 30))
[CROP] Refill densify hop (22, 30) → (24, 30) (ultimate=(33, 30))
[CROP] Refill densify hop (24, 30) → (28, 30) (ultimate=(33, 30))
[CROP] Refill densify hop (25, 30) → (28, 30) (ultimate=(33, 30))
[CROP] Densify thrash at (25, 30)→F0 (n=6); east→south corridor charge
[CROP] Queue east→south corridor charge from (25, 30) (past fence end x≥31 then south) n=1
[CROP] Refill densify recover → (28, 30) from (25, 30) (stuck nav)
[CROP] Corridor charge done at (29, 30); multi-hop F0 (y=still_north)
[CROP] Still north at (29, 30); re-queue east→south (need x≥31 past fence end then y≥32)
[CROP] Queue east→south corridor charge from (29, 30) (past fence end x≥31 then south) n=2
[RUN] f=90000 date=S0D7 18:04 $160 phase=PLAN_DAY date=0:7 completed=5/40
[CROP] Corridor charge done at (29, 30); multi-hop F0 (y=still_north)
[CROP] Still north at (29, 30); re-queue east→south (need x≥31 past fence end then y≥32)
[CROP] Queue east→south corridor charge from (29, 30) (past fence end x≥31 then south) n=3
[CROP] Corridor charge done at (29, 30); multi-hop F0 (y=still_north)
[CROP] East stuck at (29, 30) n=3; gap-south fallback via open corridor
[CROP] Queue gap-south fallback from (29, 30) (west to gap then south wiggle) n=4
[CROP] Corridor charge done at (13, 30); multi-hop F0 (y=still_north)
[CROP] Still north at (13, 30); re-queue east→south (need x≥31 past fence end then y≥32)
[CROP] Queue east→south corridor charge from (13, 30) (past fence end x≥31 then south) n=5
[RUN] f=92000 date=S0D7 18:07 $160 phase=PLAN_DAY date=0:7 completed=5/40
[RUN] f=94000 date=S0D7 18:10 $160 phase=PLAN_DAY date=0:7 completed=5/40
[CROP] Corridor charge done at (29, 30); multi-hop F0 (y=still_north)
[CROP] Still north at (29, 30); re-queue east→south (need x≥31 past fence end then y≥32)
[CROP] Queue east→south corridor charge from (29, 30) (past fence end x≥31 then south) n=6
[CROP] Corridor charge done at (29, 30); multi-hop F0 (y=still_north)
[CROP] Refill at (32,34) facing up water=0xF0 source=main_pond_multihop dist=7 band=0 can=0 multihop=True
[CROP] East-crawl densify (29, 30) → (32, 30) (end=(31, 29), ultimate=(32, 34))
[CROP] Refill densify hop (29, 30) → (32, 30) (ultimate=(32, 34))
[CROP] Past-fence densify force south (31, 29) → (31, 31)
[CROP] Refill densify hop (31, 29) → (31, 31) (ultimate=(32, 34))
[CROP] Past-fence densify force south (31, 29) → (31, 31)
[CROP] Refill repath 1/8 after no path (stand=(32, 34) pos=(31, 29))
[CROP] Refill at (32,34) facing up water=0xF0 source=main_pond_multihop dist=6 band=0 can=0 multihop=True
[CROP] Past-fence densify force south (31, 29) → (31, 31)
[CROP] Refill densify hop (31, 29) → (31, 31) (ultimate=(32, 34))
[CROP] Past-fence densify force south (31, 29) → (31, 31)
[CROP] Refill repath 2/8 after no path (stand=(32, 34) pos=(31, 29))
[CROP] Refill at (32,34) facing up water=0xF0 source=main_pond_multihop dist=6 band=0 can=0 multihop=True
[CROP] Past-fence densify force south (31, 29) → (31, 31)
[CROP] Refill densify hop (31, 29) → (31, 31) (ultimate=(32, 34))
[CROP] Past-fence densify force south (31, 29) → (31, 31)
[CROP] Refill repath 3/8 after no path (stand=(32, 34) pos=(31, 29))
[CROP] Refill at (32,34) facing up water=0xF0 source=main_pond_multihop dist=6 band=0 can=0 multihop=True
[CROP] Past-fence densify force south (31, 29) → (31, 31)
[CROP] Refill densify hop (31, 29) → (31, 31) (ultimate=(32, 34))
[CROP] Past-fence densify force south (31, 29) → (31, 31)
[CROP] Refill repath 4/8 after no path (stand=(32, 34) pos=(31, 29))
[CROP] Refill at (33,34) facing up water=0xF0 source=main_pond_multihop dist=7 band=0 can=0 multihop=True
[CROP] Past-fence densify force south (31, 29) → (31, 31)
[CROP] Refill densify hop (31, 29) → (31, 31) (ultimate=(33, 34))
[CROP] Past-fence densify force south (31, 29) → (31, 31)
[CROP] Refill repath 5/8 after no path (stand=(33, 34) pos=(31, 29))
[CROP] Refill at (33,30) facing down water=0xF0 source=main_pond_multihop dist=3 band=0 can=0 multihop=True
[CROP] Refill repath 6/8 after no path (stand=(33, 30) pos=(31, 29))
[CROP] Refill at (34,30) facing down water=0xF0 source=main_pond_multihop dist=4 band=0 can=0 multihop=True
[CROP] Refill repath 7/8 after no path (stand=(34, 30) pos=(31, 29))
[CROP] Refill at (32,30) facing down water=0xF0 source=main_pond_multihop dist=2 band=0 can=0 multihop=True
[CROP] Refill nav failed 8x (no path); exhausting
[RUN] f=96000 date=S0D7 18:14 $160 phase=PLAN_DAY date=0:7 completed=5/40
[CROP] Empty can, no refill, skipping 6 remaining tiles
[CROP] Plot 1/1 WATER DONE: 0/6 watered (used 0 water, can=0)
[CROP]   3x3 tiles: [0x54 0x54 0xA1] [0x54 0x02 0xA1] [0x54 0x54 0x54]
[CROP] WARNING: Plot 1 incomplete (6 skipped)
[CROP] Pass 1 complete (12 skipped), starting pass 2...
[CROP] Detected 1 plots: [(14, 27)] mode=water (pass 2)
[CROP] Plot 1/1 center=(14,27) phase=WATER can=0 mode=dry-only steps=6
[CROP] Empty can (level=0), need refill before watering
[CROP] Refill at (14,48) facing down water=0xFC source=preferred_edge dist=20 band=1 can=0 multihop=True
[CROP] East-crawl densify (15, 29) → (19, 29) (end=(19, 30), ultimate=(14, 48))
[CROP] Refill densify hop (15, 29) → (19, 29) (ultimate=(14, 48))
[CROP] East-crawl densify (15, 29) → (19, 29) (end=(19, 30), ultimate=(14, 48))
[CROP] East-crawl densify (15, 29) → (19, 29) (end=(19, 30), ultimate=(14, 48))
[CROP] Refill densify recover → (19, 29) from (15, 29) (no path)
[CROP] East-crawl densify (19, 30) → (23, 30) (end=(23, 30), ultimate=(14, 48))
[CROP] Refill densify hop (19, 30) → (23, 30) (ultimate=(14, 48))
[CROP] East-crawl densify (19, 30) → (23, 30) (end=(23, 30), ultimate=(14, 48))
[CROP] East-crawl densify (19, 30) → (23, 30) (end=(23, 30), ultimate=(14, 48))
[CROP] Refill densify recover → (23, 30) from (19, 30) (no path)
[CROP] East-crawl densify (23, 30) → (27, 30) (end=(27, 30), ultimate=(14, 48))
[CROP] Refill densify hop (23, 30) → (27, 30) (ultimate=(14, 48))
[CROP] East-crawl densify (23, 30) → (27, 30) (end=(27, 30), ultimate=(14, 48))
[CROP] East-crawl densify (23, 30) → (27, 30) (end=(27, 30), ultimate=(14, 48))
[CROP] Refill densify recover → (27, 30) from (23, 30) (no path)
[CROP] East-crawl densify (25, 30) → (29, 30) (end=(29, 30), ultimate=(14, 48))
[CROP] Refill densify hop (25, 30) → (29, 30) (ultimate=(14, 48))
[CROP] East-crawl densify (25, 30) → (29, 30) (end=(29, 30), ultimate=(14, 48))
[CROP] East-crawl densify (25, 30) → (29, 30) (end=(29, 30), ultimate=(14, 48))
[CROP] Refill densify recover → (29, 30) from (25, 30) (stuck nav)
[CROP] East-crawl densify (25, 30) → (29, 30) (end=(29, 30), ultimate=(14, 48))
[CROP] Refill densify hop (25, 30) → (29, 30) (ultimate=(14, 48))
[CROP] East-crawl densify (25, 30) → (29, 30) (end=(29, 30), ultimate=(14, 48))
[CROP] East-crawl densify (25, 30) → (29, 30) (end=(29, 30), ultimate=(14, 48))
[CROP] Refill densify recover → (29, 30) from (25, 30) (stuck nav)
[CROP] East-crawl densify (25, 30) → (29, 30) (end=(29, 30), ultimate=(14, 48))
[CROP] Refill densify hop (25, 30) → (29, 30) (ultimate=(14, 48))
[CROP] East-crawl densify (25, 30) → (29, 30) (end=(29, 30), ultimate=(14, 48))
[CROP] East-crawl densify (25, 30) → (29, 30) (end=(29, 30), ultimate=(14, 48))
[CROP] Refill densify recover → (29, 30) from (25, 30) (stuck nav)
[CROP] East-crawl densify (25, 30) → (29, 30) (end=(29, 30), ultimate=(14, 48))
[CROP] Refill densify hop (25, 30) → (29, 30) (ultimate=(14, 48))
[CROP] East-crawl densify (25, 30) → (29, 30) (end=(29, 30), ultimate=(14, 48))
[CROP] East-crawl densify (25, 30) → (29, 30) (end=(29, 30), ultimate=(14, 48))
[CROP] Refill densify recover → (29, 30) from (25, 30) (stuck nav)
[CROP] East-crawl densify (25, 30) → (29, 30) (end=(29, 30), ultimate=(14, 48))
[CROP] Refill densify hop (25, 30) → (29, 30) (ultimate=(14, 48))
[CROP] East-crawl densify (25, 30) → (29, 30) (end=(29, 30), ultimate=(14, 48))
[CROP] East-crawl densify (25, 30) → (29, 30) (end=(29, 30), ultimate=(14, 48))
[CROP] Refill densify recover → (29, 30) from (25, 30) (stuck nav)
[CROP] East-crawl densify (25, 30) → (29, 30) (end=(29, 30), ultimate=(14, 48))
[CROP] Refill densify hop (25, 30) → (29, 30) (ultimate=(14, 48))
[CROP] East-crawl densify (25, 30) → (29, 30) (end=(29, 30), ultimate=(14, 48))
[CROP] East-crawl densify (25, 30) → (29, 30) (end=(29, 30), ultimate=(14, 48))
[CROP] Refill densify recover → (29, 30) from (25, 30) (stuck nav)
[CROP] East-crawl densify (25, 30) → (29, 30) (end=(29, 30), ultimate=(14, 48))
[CROP] Refill densify hop (25, 30) → (29, 30) (ultimate=(14, 48))
[CROP] East-crawl densify (25, 30) → (29, 30) (end=(29, 30), ultimate=(14, 48))
[CROP] East-crawl densify (25, 30) → (29, 30) (end=(29, 30), ultimate=(14, 48))
[CROP] Refill densify recover → (29, 30) from (25, 30) (stuck nav)
[RUN] f=98000 date=S0D7 18:02 $160 phase=PLAN_DAY date=0:7 completed=5/40
[CROP] East-crawl densify (25, 30) → (29, 30) (end=(29, 30), ultimate=(14, 48))
[CROP] Refill densify hop (25, 30) → (29, 30) (ultimate=(14, 48))
[CROP] East-crawl densify (25, 30) → (29, 30) (end=(29, 30), ultimate=(14, 48))
[CROP] East-crawl densify (25, 30) → (29, 30) (end=(29, 30), ultimate=(14, 48))
[CROP] Refill densify recover → (29, 30) from (25, 30) (stuck nav)
[CROP] East-crawl densify (25, 30) → (29, 30) (end=(29, 30), ultimate=(14, 48))
[CROP] Refill densify hop (25, 30) → (29, 30) (ultimate=(14, 48))
[CROP] East-crawl densify (25, 30) → (29, 30) (end=(29, 30), ultimate=(14, 48))
[CROP] East-crawl densify (25, 30) → (29, 30) (end=(29, 30), ultimate=(14, 48))
[CROP] Refill densify recover → (29, 30) from (25, 30) (stuck nav)
[CROP] East-crawl densify (25, 30) → (29, 30) (end=(29, 30), ultimate=(14, 48))
[CROP] Refill densify hop (25, 30) → (29, 30) (ultimate=(14, 48))
[CROP] East-crawl densify (25, 30) → (29, 30) (end=(29, 30), ultimate=(14, 48))
[CROP] East-crawl densify (25, 30) → (29, 30) (end=(29, 30), ultimate=(14, 48))
[CROP] Refill densify recover → (29, 30) from (25, 30) (stuck nav)
[CROP] East-crawl densify (25, 30) → (29, 30) (end=(29, 30), ultimate=(14, 48))
[CROP] Refill densify hop (25, 30) → (29, 30) (ultimate=(14, 48))
[CROP] East-crawl densify (25, 30) → (29, 30) (end=(29, 30), ultimate=(14, 48))
[CROP] East-crawl densify (25, 30) → (29, 30) (end=(29, 30), ultimate=(14, 48))
[CROP] Refill densify recover → (29, 30) from (25, 30) (stuck nav)
[CROP] East-crawl densify (25, 30) → (29, 30) (end=(29, 30), ultimate=(14, 48))
[CROP] Refill densify hop (25, 30) → (29, 30) (ultimate=(14, 48))
[CROP] East-crawl densify (25, 30) → (29, 30) (end=(29, 30), ultimate=(14, 48))
[CROP] East-crawl densify (25, 30) → (29, 30) (end=(29, 30), ultimate=(14, 48))
[CROP] Refill densify recover → (29, 30) from (25, 30) (stuck nav)
[CROP] East-crawl densify (25, 30) → (29, 30) (end=(29, 30), ultimate=(14, 48))
[CROP] Refill densify hop (25, 30) → (29, 30) (ultimate=(14, 48))
[CROP] East-crawl densify (25, 30) → (29, 30) (end=(29, 30), ultimate=(14, 48))
[CROP] East-crawl densify (25, 30) → (29, 30) (end=(29, 30), ultimate=(14, 48))
[CROP] Refill densify recover → (29, 30) from (25, 30) (stuck nav)
[CROP] East-crawl densify (25, 30) → (29, 30) (end=(29, 30), ultimate=(14, 48))
[CROP] Refill densify hop (25, 30) → (29, 30) (ultimate=(14, 48))
[CROP] East-crawl densify (25, 30) → (29, 30) (end=(29, 30), ultimate=(14, 48))
[CROP] East-crawl densify (25, 30) → (29, 30) (end=(29, 30), ultimate=(14, 48))
[CROP] Refill densify recover → (29, 30) from (25, 30) (stuck nav)
[CROP] East-crawl densify (25, 30) → (29, 30) (end=(29, 30), ultimate=(14, 48))
[CROP] Refill densify hop (25, 30) → (29, 30) (ultimate=(14, 48))
[CROP] East-crawl densify (25, 30) → (29, 30) (end=(29, 30), ultimate=(14, 48))
[CROP] East-crawl densify (25, 30) → (29, 30) (end=(29, 30), ultimate=(14, 48))
[CROP] Refill densify recover → (29, 30) from (25, 30) (stuck nav)
[CROP] East-crawl densify (25, 30) → (29, 30) (end=(29, 30), ultimate=(14, 48))
[CROP] Refill densify hop (25, 30) → (29, 30) (ultimate=(14, 48))
[CROP] East-crawl densify (25, 30) → (29, 30) (end=(29, 30), ultimate=(14, 48))
[CROP] East-crawl densify (25, 30) → (29, 30) (end=(29, 30), ultimate=(14, 48))
[CROP] Refill densify recover → (29, 30) from (25, 30) (stuck nav)
[CROP] East-crawl densify (25, 30) → (29, 30) (end=(29, 30), ultimate=(14, 48))
[CROP] Refill densify hop (25, 30) → (29, 30) (ultimate=(14, 48))
[CROP] East-crawl densify (25, 30) → (29, 30) (end=(29, 30), ultimate=(14, 48))
[CROP] East-crawl densify (25, 30) → (29, 30) (end=(29, 30), ultimate=(14, 48))
[CROP] Refill densify recover → (29, 30) from (25, 30) (stuck nav)
[CROP] East-crawl densify (25, 30) → (29, 30) (end=(29, 30), ultimate=(14, 48))
[CROP] Refill densify hop (25, 30) → (29, 30) (ultimate=(14, 48))
[CROP] East-crawl densify (25, 30) → (29, 30) (end=(29, 30), ultimate=(14, 48))
[CROP] East-crawl densify (25, 30) → (29, 30) (end=(29, 30), ultimate=(14, 48))
[CROP] Refill densify recover → (29, 30) from (25, 30) (stuck nav)
[RUN] f=100000 date=S0D7 18:05 $160 phase=PLAN_DAY date=0:7 completed=5/40
[CROP] East-crawl densify (25, 30) → (29, 30) (end=(29, 30), ultimate=(14, 48))
[CROP] Refill densify hop (25, 30) → (29, 30) (ultimate=(14, 48))
[CROP] East-crawl densify (25, 30) → (29, 30) (end=(29, 30), ultimate=(14, 48))
[CROP] East-crawl densify (25, 30) → (29, 30) (end=(29, 30), ultimate=(14, 48))
[CROP] Refill densify recover → (29, 30) from (25, 30) (stuck nav)
[CROP] Refill timed out at (25, 30) stand=(14, 48) best_dist=20
[CROP] SKIP water tile 1/6 (timeout) target=(15, 28)
[CROP] Empty can (level=0), need refill before watering
[CROP] Refill at (13,49) facing right water=0xFC source=preferred_edge dist=21 band=1 can=0 multihop=True
[CROP] East-crawl densify (14, 29) → (18, 29) (end=(17, 29), ultimate=(13, 49))
[CROP] Refill densify hop (14, 29) → (18, 29) (ultimate=(13, 49))
[CROP] East-crawl densify (14, 29) → (18, 29) (end=(17, 29), ultimate=(13, 49))
[CROP] East-crawl densify (14, 29) → (18, 29) (end=(17, 29), ultimate=(13, 49))
[CROP] Refill densify recover → (18, 29) from (14, 29) (no path)
[CROP] East-crawl densify (17, 29) → (21, 29) (end=(21, 29), ultimate=(13, 49))
[CROP] Refill densify hop (17, 29) → (21, 29) (ultimate=(13, 49))
[CROP] East-crawl densify (17, 29) → (21, 29) (end=(21, 29), ultimate=(13, 49))
[CROP] East-crawl densify (17, 29) → (21, 29) (end=(21, 29), ultimate=(13, 49))
[CROP] Refill densify recover → (21, 29) from (17, 29) (no path)
[CROP] East-crawl densify (21, 29) → (25, 29) (end=(25, 29), ultimate=(13, 49))
[CROP] Refill densify hop (21, 29) → (25, 29) (ultimate=(13, 49))
[CROP] East-crawl densify (21, 29) → (25, 29) (end=(25, 29), ultimate=(13, 49))
[CROP] East-crawl densify (21, 29) → (25, 29) (end=(25, 29), ultimate=(13, 49))
[CROP] Refill densify recover → (25, 29) from (21, 29) (no path)
[CROP] East-crawl densify (24, 30) → (28, 30) (end=(28, 30), ultimate=(13, 49))
[CROP] Refill densify hop (24, 30) → (28, 30) (ultimate=(13, 49))
[CROP] East-crawl densify (24, 30) → (28, 30) (end=(28, 30), ultimate=(13, 49))
[CROP] East-crawl densify (24, 30) → (28, 30) (end=(28, 30), ultimate=(13, 49))
[CROP] Refill densify recover → (28, 30) from (24, 30) (stuck nav)
[CROP] East-crawl densify (25, 30) → (29, 30) (end=(29, 30), ultimate=(13, 49))
[CROP] Refill densify hop (25, 30) → (29, 30) (ultimate=(13, 49))
[CROP] East-crawl densify (25, 30) → (29, 30) (end=(29, 30), ultimate=(13, 49))
[CROP] East-crawl densify (25, 30) → (29, 30) (end=(29, 30), ultimate=(13, 49))
[CROP] Refill densify recover → (29, 30) from (25, 30) (stuck nav)
[CROP] East-crawl densify (25, 30) → (29, 30) (end=(29, 30), ultimate=(13, 49))
[CROP] Refill densify hop (25, 30) → (29, 30) (ultimate=(13, 49))
[CROP] East-crawl densify (25, 30) → (29, 30) (end=(29, 30), ultimate=(13, 49))
[CROP] East-crawl densify (25, 30) → (29, 30) (end=(29, 30), ultimate=(13, 49))
[CROP] Refill densify recover → (29, 30) from (25, 30) (stuck nav)
[CROP] East-crawl densify (25, 30) → (29, 30) (end=(29, 30), ultimate=(13, 49))
[CROP] Refill densify hop (25, 30) → (29, 30) (ultimate=(13, 49))
[CROP] East-crawl densify (25, 30) → (29, 30) (end=(29, 30), ultimate=(13, 49))
[CROP] East-crawl densify (25, 30) → (29, 30) (end=(29, 30), ultimate=(13, 49))
[CROP] Refill densify recover → (29, 30) from (25, 30) (stuck nav)
[CROP] East-crawl densify (25, 30) → (29, 30) (end=(29, 30), ultimate=(13, 49))
[CROP] Refill densify hop (25, 30) → (29, 30) (ultimate=(13, 49))
[CROP] East-crawl densify (25, 30) → (29, 30) (end=(29, 30), ultimate=(13, 49))
[CROP] East-crawl densify (25, 30) → (29, 30) (end=(29, 30), ultimate=(13, 49))
[CROP] Refill densify recover → (29, 30) from (25, 30) (stuck nav)
[CROP] East-crawl densify (25, 30) → (29, 30) (end=(29, 30), ultimate=(13, 49))
[CROP] Refill densify hop (25, 30) → (29, 30) (ultimate=(13, 49))
[CROP] East-crawl densify (25, 30) → (29, 30) (end=(29, 30), ultimate=(13, 49))
[CROP] East-crawl densify (25, 30) → (29, 30) (end=(29, 30), ultimate=(13, 49))
[CROP] Refill densify recover → (29, 30) from (25, 30) (stuck nav)
[CROP] East-crawl densify (25, 30) → (29, 30) (end=(29, 30), ultimate=(13, 49))
[CROP] Refill densify hop (25, 30) → (29, 30) (ultimate=(13, 49))
[CROP] East-crawl densify (25, 30) → (29, 30) (end=(29, 30), ultimate=(13, 49))
[CROP] East-crawl densify (25, 30) → (29, 30) (end=(29, 30), ultimate=(13, 49))
[CROP] Refill densify recover → (29, 30) from (25, 30) (stuck nav)
[CROP] East-crawl densify (25, 30) → (29, 30) (end=(29, 30), ultimate=(13, 49))
[CROP] Refill densify hop (25, 30) → (29, 30) (ultimate=(13, 49))
[CROP] East-crawl densify (25, 30) → (29, 30) (end=(29, 30), ultimate=(13, 49))
[CROP] East-crawl densify (25, 30) → (29, 30) (end=(29, 30), ultimate=(13, 49))
[CROP] Refill densify recover → (29, 30) from (25, 30) (stuck nav)
[RUN] f=102000 date=S0D7 18:09 $160 phase=PLAN_DAY date=0:7 completed=5/40
[CROP] East-crawl densify (25, 30) → (29, 30) (end=(29, 30), ultimate=(13, 49))
[CROP] Refill densify hop (25, 30) → (29, 30) (ultimate=(13, 49))
[CROP] East-crawl densify (25, 30) → (29, 30) (end=(29, 30), ultimate=(13, 49))
[CROP] East-crawl densify (25, 30) → (29, 30) (end=(29, 30), ultimate=(13, 49))
[CROP] Refill densify recover → (29, 30) from (25, 30) (stuck nav)
[CROP] East-crawl densify (25, 30) → (29, 30) (end=(29, 30), ultimate=(13, 49))
[CROP] Refill densify hop (25, 30) → (29, 30) (ultimate=(13, 49))
[CROP] East-crawl densify (25, 30) → (29, 30) (end=(29, 30), ultimate=(13, 49))
[CROP] East-crawl densify (25, 30) → (29, 30) (end=(29, 30), ultimate=(13, 49))
[CROP] Refill densify recover → (29, 30) from (25, 30) (stuck nav)
[CROP] East-crawl densify (25, 30) → (29, 30) (end=(29, 30), ultimate=(13, 49))
[CROP] Refill densify hop (25, 30) → (29, 30) (ultimate=(13, 49))
[CROP] East-crawl densify (25, 30) → (29, 30) (end=(29, 30), ultimate=(13, 49))
[CROP] East-crawl densify (25, 30) → (29, 30) (end=(29, 30), ultimate=(13, 49))
[CROP] Refill densify recover → (29, 30) from (25, 30) (stuck nav)
[CROP] East-crawl densify (25, 30) → (29, 30) (end=(29, 30), ultimate=(13, 49))
[CROP] Refill densify hop (25, 30) → (29, 30) (ultimate=(13, 49))
[CROP] East-crawl densify (25, 30) → (29, 30) (end=(29, 30), ultimate=(13, 49))
[CROP] East-crawl densify (25, 30) → (29, 30) (end=(29, 30), ultimate=(13, 49))
[CROP] Refill densify recover → (29, 30) from (25, 30) (stuck nav)
[CROP] East-crawl densify (25, 30) → (29, 30) (end=(29, 30), ultimate=(13, 49))
[CROP] Refill densify hop (25, 30) → (29, 30) (ultimate=(13, 49))
[CROP] East-crawl densify (25, 30) → (29, 30) (end=(29, 30), ultimate=(13, 49))
[CROP] East-crawl densify (25, 30) → (29, 30) (end=(29, 30), ultimate=(13, 49))
[CROP] Refill densify recover → (29, 30) from (25, 30) (stuck nav)
[CROP] East-crawl densify (25, 30) → (29, 30) (end=(29, 30), ultimate=(13, 49))
[CROP] Refill densify hop (25, 30) → (29, 30) (ultimate=(13, 49))
[CROP] East-crawl densify (25, 30) → (29, 30) (end=(29, 30), ultimate=(13, 49))
[CROP] East-crawl densify (25, 30) → (29, 30) (end=(29, 30), ultimate=(13, 49))
[CROP] Refill densify recover → (29, 30) from (25, 30) (stuck nav)
[DAY_PLAN] Phase CROP_WATER FAILURE: too many nav failures
[MULTI_DAY] Failed day checkpoint date=0:7 phase=plan_day status=failure: required phase CROP_WATER failed after recovery: too many nav failures
[MULTI_DAY] Forcing return_home after failed day work
[MULTI_DAY] Start return_home date=0:7
[RETURN_HOME] House approach from (406,486) → (136,424) wps=1 deep_south=False south_of_fence=False
[MULTI_NAV] Start: 1 waypoints, tilemap=0x00
[RETURN_HOME] Nav finished off-stand pos=(137,413); correcting to (136,424) (1/6)
[MULTI_DAY] Start sleep date=0:7
[SLEEP] Attempt 1/12 at bed pos=(70,87) tm=0x15
[RUN] day change S0D7 -> S0D8 at frame=103911
[RUN] f=104000 date=S0D8 06:00 $160 phase=SLEEP date=0:7 completed=5/40
[MULTI_DAY] Day journal 0:7 -> 0:8 ok=['EXIT_TO_FARM', 'CLEAR_FIELD', 'ENSURE_CROP_SEEDS', 'NAV_CROP', 'CROP_ESTABLISH', 'ENSURE_WATERING_CAN', 'NAV_CROP'] skipped=['(none)'] no_work=['(none)'] money=160
[MULTI_DAY] Completed sleep 6: now date=0:8 (day advanced; morning house ready)
[MULTI_DAY] Settling morning scene before next day plan
[MULTI_DAY] Morning settled: normal_map@house/base/size22 tilemap=0x15 pos=(136,120)
[MULTI_DAY] Plan 0:8 seed=potato phases=EXIT_TO_FARM, DYNAMIC_OUTDOOR_PLAN
[MULTI_DAY] Start plan_day date=0:8
[DAY_PLAN] Starting phase 1/2: EXIT_TO_FARM (farm_building_exit)
[DAY_PLAN] EXIT_TO_FARM -> tilemap=0x00
[DAY_PLAN] DYNAMIC_OUTDOOR_PLAN expanded to: BUY_SEEDS_WINDOW, NAV_FARM_EXIT, BUY_SEEDS, CLEAR_FIELD
[DAY_PLAN] Starting phase 2/5: BUY_SEEDS_WINDOW (deadline)
[DAY_PLAN] BUY_SEEDS_WINDOW -> before cutoff at 06:00
[DAY_PLAN] Starting phase 3/5: NAV_FARM_EXIT (farm_exit)
[DAY_PLAN] NAV_FARM_EXIT -> arrived
[DAY_PLAN] Starting phase 4/5: BUY_SEEDS (cross_map)
[CROSS_MAP] Exited to tilemap 0x0C
[RUN] f=106000 date=S0D8 08:01 $160 phase=PLAN_DAY date=0:8 completed=6/40
[DAY_PLAN] BUY_SEEDS -> returned to origin map
[DAY_PLAN] Ready to go home (from BUY_SEEDS)
[DAY_PLAN] Starting phase 5/5: CLEAR_FIELD (clear_field)
[CLEARER] Tool inventory: 0x02
[CLEARER] Startup missing tools: 0x03, 0x04; continuing with lift-only weeds/stones
[CLEARER] Startup complete
[CLEARER] Phase: WEED
[CLEARER] Target: WEED at (8, 32) (SICKLE)
[CLEARER] Debug @ 300f pos=Point(x=198, y=463) tool=0x10 stamina=100 state=navigating targets=855 cleared=0 failed=0
[NAV] Stuck at (14, 32), trying alternate path
[CLEARER] Lifting WEED
[CLEARER] Debug @ 600f pos=Point(x=121, y=521) tool=0x10 stamina=100 state=clearing targets=854 cleared=0 failed=0
[CLEARER] Target: WEED at (13, 32) (SICKLE)
[CLEARER] Adjacent WEED at (13, 32) -> clear now
[CLEARER] Lifting WEED
[CLEARER] Target: WEED at (21, 32) (SICKLE)
[CLEARER] Debug @ 900f pos=Point(x=313, y=534) tool=0x10 stamina=100 state=navigating targets=853 cleared=2 failed=0
[NAV] Stuck at (19, 33), trying alternate path
[CLEARER] Adjacent WEED at (21, 32) -> clear now
[CLEARER] Lifting WEED
[RUN] f=108000 date=S0D8 10:11 $160 phase=PLAN_DAY date=0:8 completed=6/40
[CLEARER] Adjacent WEED at (20, 33) -> clear now
[CLEARER] Adjacent WEED at (20, 33) -> clear now
[CLEARER] Lifting WEED
[CLEARER] Target: WEED at (22, 32) (SICKLE)
[CLEARER] Adjacent WEED at (22, 32) -> clear now
[CLEARER] Lifting WEED
[CLEARER] Debug @ 1200f pos=Point(x=345, y=521) tool=0x10 stamina=100 state=clearing targets=850 cleared=4 failed=0
[CLEARER] Target: WEED at (23, 32) (SICKLE)
[CLEARER] Adjacent WEED at (23, 32) -> clear now
[CLEARER] Lifting WEED
[CLEARER] Target: WEED at (29, 32) (SICKLE)
[CLEARER] Adjacent WEED at (29, 32) -> clear now
[CLEARER] Lifting WEED
[CLEARER] Adjacent WEED at (28, 33) -> clear now
[CLEARER] Adjacent WEED at (28, 33) -> clear now
[CLEARER] Lifting WEED
[CLEARER] Debug @ 1500f pos=Point(x=457, y=521) tool=0x10 stamina=100 state=clearing targets=847 cleared=7 failed=0
[CLEARER] Target: WEED at (39, 32) (SICKLE)
[NAV] Stuck at (29, 32), trying alternate path
[NAV] Stuck at (28, 34), trying alternate path
[CLEARER] Debug @ 1800f pos=Point(x=470, y=566) tool=0x10 stamina=100 state=navigating targets=847 cleared=8 failed=0
[NAV] Stuck at (38, 34), trying alternate path
[CLEARER] Debug @ 2100f pos=Point(x=630, y=534) tool=0x10 stamina=100 state=navigating targets=847 cleared=8 failed=0
[NAV] Stuck at (39, 33), trying alternate path
[NAV] Stuck at (39, 33), trying alternate path
[CLEARER] Debug @ 2400f pos=Point(x=602, y=550) tool=0x10 stamina=100 state=navigating targets=847 cleared=8 failed=0
[NAV] Stuck at (37, 34), trying alternate path
[CLEARER] Adjacent WEED at (39, 32) -> clear now
[CLEARER] Lifting WEED
[CLEARER] Adjacent WEED at (38, 33) -> clear now
[CLEARER] Adjacent WEED at (38, 33) -> clear now
[CLEARER] Lifting WEED
[CLEARER] Target: WEED at (40, 32) (SICKLE)
[CLEARER] Debug @ 2700f pos=Point(x=662, y=505) tool=0x10 stamina=100 state=navigating targets=845 cleared=10 failed=0
[NAV] Stuck at (41, 31), trying alternate path
[CLEARER] Adjacent WEED at (41, 32) -> clear now
[CLEARER] Adjacent WEED at (41, 32) -> clear now
[CLEARER] Lifting WEED
[CLEARER] Target: WEED at (44, 29) (SICKLE)
[CLEARER] Target: WEED at (44, 29) (SICKLE)
[CLEARER] Lifting WEED
[CLEARER] Target: WEED at (44, 28) (SICKLE)
[CLEARER] Debug @ 3000f pos=Point(x=703, y=473) tool=0x10 stamina=100 state=navigating targets=843 cleared=12 failed=1
[RUN] f=110000 date=S0D8 13:00 $160 phase=PLAN_DAY date=0:8 completed=6/40
[CLEARER] Adjacent WEED at (45, 29) -> clear now
[CLEARER] Lifting WEED
[CLEARER] Adjacent WEED at (44, 28) -> clear now
[CLEARER] Adjacent WEED at (44, 28) -> clear now
[CLEARER] Lifting WEED
[CLEARER] Target: WEED at (46, 27) (SICKLE)
[CLEARER] Target: WEED at (46, 27) (SICKLE)
[CLEARER] Lifting WEED
[CLEARER] Target: WEED at (47, 27) (SICKLE)
[CLEARER] Debug @ 3300f pos=Point(x=737, y=443) tool=0x10 stamina=100 state=scanning targets=840 cleared=15 failed=1
[CLEARER] Adjacent WEED at (47, 27) -> clear now
[CLEARER] Lifting WEED
[CLEARER] Target: WEED at (49, 25) (SICKLE)
[CLEARER] Target: WEED at (49, 25) (SICKLE)
[CLEARER] Lifting WEED
[CLEARER] Target: WEED at (50, 25) (SICKLE)
[CLEAR] Dropping held item before done (1/6 held=0x09)
[DAY_PLAN] CLEAR_FIELD -> clear_budget cleared=17 remaining=759 lift_only
[MULTI_DAY] Start return_home date=0:8
[RETURN_HOME] House approach from (779,433) → (136,424) wps=1 deep_south=False south_of_fence=False
[MULTI_NAV] Start: 1 waypoints, tilemap=0x00
[RETURN_HOME] Nav finished off-stand pos=(137,413); correcting to (136,424) (1/6)
[MULTI_DAY] Start sleep date=0:8
[RUN] f=112000 date=S0D8 15:01 $160 phase=SLEEP date=0:8 completed=6/40
[SLEEP] Attempt 1/12 at bed pos=(70,87) tm=0x15
[RUN] day change S0D8 -> S0D9 at frame=112499
[MULTI_DAY] Day journal 0:8 -> 0:9 ok=['EXIT_TO_FARM', 'BUY_SEEDS_WINDOW', 'NAV_FARM_EXIT', 'BUY_SEEDS', 'CLEAR_FIELD'] skipped=['(none)'] no_work=['(none)'] money=160
[MULTI_DAY] Completed sleep 7: now date=0:9 (day advanced; morning house ready)
[MULTI_DAY] Settling morning scene before next day plan
[MULTI_DAY] Morning settled: normal_map@house/base/size22 tilemap=0x15 pos=(136,120)
[MULTI_DAY] Plan 0:9 seed=potato phases=EXIT_TO_FARM, DYNAMIC_OUTDOOR_PLAN
[MULTI_DAY] Start plan_day date=0:9
[DAY_PLAN] Starting phase 1/2: EXIT_TO_FARM (farm_building_exit)
[DAY_PLAN] EXIT_TO_FARM -> tilemap=0x00
[DAY_PLAN] DYNAMIC_OUTDOOR_PLAN expanded to: BUY_SEEDS_WINDOW, NAV_FARM_EXIT, BUY_SEEDS, ENSURE_WATERING_CAN, NAV_CROP, CROP_WATER, CLEAR_FIELD
[DAY_PLAN] Starting phase 2/8: BUY_SEEDS_WINDOW (deadline)
[DAY_PLAN] BUY_SEEDS_WINDOW -> before cutoff at 06:00
[DAY_PLAN] Starting phase 3/8: NAV_FARM_EXIT (farm_exit)
[DAY_PLAN] NAV_FARM_EXIT -> arrived
[DAY_PLAN] Starting phase 4/8: BUY_SEEDS (cross_map)
[CROSS_MAP] Exited to tilemap 0x0C
[RUN] f=114000 date=S0D9 07:06 $160 phase=PLAN_DAY date=0:9 completed=7/40
[DAY_PLAN] BUY_SEEDS -> returned to origin map
[DAY_PLAN] Ready to go home (from BUY_SEEDS)
[DAY_PLAN] Starting phase 5/8: ENSURE_WATERING_CAN (ensure_tool)
[DAY_PLAN] ENSURE_WATERING_CAN -> tool 0x10 ready
[DAY_PLAN] Starting phase 6/8: NAV_CROP (nav)
[DAY_PLAN] NAV_CROP -> arrived
[DAY_PLAN] Starting phase 7/8: CROP_WATER (crop)
[CROP] Detected 1 plots: [(14, 27)] mode=water 
[CROP] Plot 1/1 center=(14,27) phase=WATER can=0 mode=dry-only steps=6
[CROP] Empty can (level=0), need refill before watering
[CROP] Refill at (33,30) facing down water=0xF0 source=main_pond_corridor dist=24 band=0 can=0 multihop=True
[CROP] Refill densify hop (14, 25) → (15, 29) (ultimate=(33, 30))
[RUN] f=116000 date=S0D9 10:01 $160 phase=PLAN_DAY date=0:9 completed=7/40
[CROP] Refill densify hop (15, 29) → (18, 30) (ultimate=(33, 30))
[CROP] Refill densify hop (18, 30) → (20, 30) (ultimate=(33, 30))
[CROP] Refill densify hop (20, 30) → (22, 30) (ultimate=(33, 30))
[CROP] Refill densify hop (22, 30) → (24, 30) (ultimate=(33, 30))
[CROP] Refill densify hop (24, 30) → (28, 30) (ultimate=(33, 30))
[CROP] Refill densify hop (25, 30) → (28, 30) (ultimate=(33, 30))
[CROP] Densify thrash at (25, 30)→F0 (n=6); east→south corridor charge
[CROP] Queue east→south corridor charge from (25, 30) (past fence end x≥31 then south) n=1
[CROP] Refill densify recover → (28, 30) from (25, 30) (stuck nav)
[CROP] Corridor charge done at (29, 32); multi-hop F0 (y=ok)
[CROP] South-of-wall at (29, 32); queue west→south-lip to F0
[CROP] Queue west→south-lip charge from (29, 32) toward F0 stand (band=soft) n=1
[CROP] South-lip charge done at (25, 34); multi-hop/act F0
[CROP] South-lip short of F0 at (25, 34); re-queue lip charge
[CROP] Queue west→south-lip charge from (25, 34) toward F0 stand (band=south_far) n=2
[RUN] f=118000 date=S0D9 12:04 $160 phase=PLAN_DAY date=0:9 completed=7/40
[CROP] South-lip charge done at (29, 32); multi-hop/act F0
[CROP] South-lip short of F0 at (29, 32); re-queue lip charge
[CROP] Queue west→south-lip charge from (29, 32) toward F0 stand (band=soft) n=3
[CROP] South-lip charge done at (25, 34); multi-hop/act F0
[CROP] South-lip short of F0 at (25, 34); re-queue lip charge
[CROP] Queue west→south-lip charge from (25, 34) toward F0 stand (band=south_far) n=4
[CROP] South-lip charge done at (29, 32); multi-hop/act F0
[CROP] South-lip short of F0 at (29, 32); re-queue lip charge
[CROP] Queue west→south-lip charge from (29, 32) toward F0 stand (band=soft) n=5
[CROP] South-lip charge done at (25, 34); multi-hop/act F0
[CROP] South-lip short of F0 at (25, 34); re-queue lip charge
[CROP] Queue west→south-lip charge from (25, 34) toward F0 stand (band=south_far) n=6
[RUN] f=120000 date=S0D9 14:07 $160 phase=PLAN_DAY date=0:9 completed=7/40
[CROP] South-lip charge done at (29, 32); multi-hop/act F0
[CROP] South-lip short of F0 at (29, 32); re-queue lip charge
[CROP] Queue west→south-lip charge from (29, 32) toward F0 stand (band=soft) n=7
[CROP] South-lip charge done at (25, 34); multi-hop/act F0
[CROP] Refill at (32,34) facing up water=0xF0 source=main_pond_multihop dist=7 band=0 can=0 multihop=True
[CROP] South-lip densify (25, 34) → (32, 34) (east-prefer, ultimate=(32, 34))
[CROP] Densify thrash at (25, 34)→F0 (n=2); west→south-lip charge
[CROP] Queue west→south-lip charge from (25, 34) toward F0 stand (band=south_far) n=8
[CROP] South-lip densify (25, 34) → (32, 34) (east-prefer, ultimate=(32, 34))
[CROP] Refill repath 1/8 after stuck nav (stand=(32, 34) pos=(25, 34))
[CROP] Refill at (32,34) facing up water=0xF0 source=main_pond_multihop dist=7 band=0 can=0 multihop=True
[CROP] South-lip charge done at (29, 35); multi-hop/act F0
[CROP] Refill at (32,34) facing up water=0xF0 source=main_pond_multihop dist=4 band=0 can=0 multihop=True
[CROP] REFILL facing up can=0
[CROP] REFILL OK can=20 (was 0) refills=1
[CROP] WATER tile 1/6 target=(14, 26) face=down can=20
[RUN] f=122000 date=S0D9 16:10 $160 phase=PLAN_DAY date=0:9 completed=7/40
[CROP] Plot 1/1 WATER DONE: 6/6 watered (used 6 water, can=14)
[CROP]   3x3 tiles: [0x57 0x57 0xA1] [0x57 0x02 0xA1] [0x57 0x57 0x57]
[CROP] Complete (success): planted=0 watered=6 refills=1 passes=1
[DAY_PLAN] CROP_WATER -> planted=0 watered=6 refills=1 passes=1
[DAY_PLAN] Starting phase 8/8: CLEAR_FIELD (clear_field)
[CLEARER] Tool inventory: 0x02, 0x10
[CLEARER] Startup missing tools: 0x03, 0x04; continuing with lift-only weeds/stones
[CLEARER] Startup complete
[CLEARER] Phase: WEED
[CLEARER] Target: WEED at (15, 14) (SICKLE)
[CLEARER] Debug @ 300f pos=Point(x=266, y=310) tool=0x02 stamina=86 state=navigating targets=838 cleared=0 failed=0
[NAV] Stuck at (16, 19), trying alternate path
[NAV] Stuck at (17, 19), trying alternate path
[CLEARER] Debug @ 600f pos=Point(x=281, y=310) tool=0x02 stamina=86 state=navigating targets=838 cleared=0 failed=0
[NAV] Stuck at (17, 19), trying alternate path
[NAV] Stuck at (16, 15), trying alternate path
[CLEARER] Adjacent WEED at (16, 14) -> clear now
[CLEARER] Lifting WEED
[CLEARER] Adjacent STONE at (17, 15) -> clear now
[CLEARER] Debug @ 900f pos=Point(x=263, y=248) tool=0x02 stamina=86 state=scanning targets=837 cleared=1 failed=1
[CLEARER] Adjacent STONE at (17, 15) -> clear now
[CLEARER] Lifting STONE
[CLEARER] Lift did not clear (17, 15)
[CLEARER] Target: WEED at (18, 15) (SICKLE)
[CLEARER] Target: WEED at (19, 15) (SICKLE)
[CLEARER] Target: WEED at (20, 15) (SICKLE)
[CLEARER] Target: WEED at (16, 12) (SICKLE)
[NAV] Stuck at (21, 17), trying alternate path
[CLEARER] Debug @ 1200f pos=Point(x=358, y=281) tool=0x02 stamina=86 state=navigating targets=837 cleared=1 failed=5
[RUN] f=124000 date=S0D9 18:10 $160 phase=PLAN_DAY date=0:9 completed=7/40
[NAV] Stuck at (22, 17), trying alternate path
[NAV] Stuck at (23, 18), trying alternate path
[CLEARER] Debug @ 1500f pos=Point(x=390, y=297) tool=0x02 stamina=86 state=navigating targets=837 cleared=1 failed=5
[NAV] Stuck at (24, 18), trying alternate path
[NAV] Stuck at (25, 18), trying alternate path
[CLEARER] Debug @ 1800f pos=Point(x=422, y=297) tool=0x02 stamina=86 state=navigating targets=837 cleared=1 failed=5
[NAV] Stuck at (26, 18), trying alternate path
[NAV] Stuck at (26, 18), trying alternate path
[CLEARER] Debug @ 2100f pos=Point(x=330, y=281) tool=0x02 stamina=86 state=navigating targets=837 cleared=1 failed=5
[NAV] Stuck at (20, 17), trying alternate path
[NAV] Stuck at (19, 17), trying alternate path
[CLEARER] Debug @ 2400f pos=Point(x=204, y=470) tool=0x02 stamina=86 state=navigating targets=837 cleared=1 failed=5
[NAV] Stuck at (28, 33), trying alternate path
[CLEARER] Debug @ 2700f pos=Point(x=457, y=548) tool=0x02 stamina=86 state=navigating targets=837 cleared=1 failed=5
[NAV] Stuck at (28, 34), trying alternate path
[CLEARER] Debug @ 3000f pos=Point(x=633, y=538) tool=0x02 stamina=86 state=navigating targets=837 cleared=1 failed=5
[NAV] Stuck at (39, 33), trying alternate path
[NAV] Stuck at (39, 32), trying alternate path
[RUN] f=126000 date=S0D9 18:13 $160 phase=PLAN_DAY date=0:9 completed=7/40
[CLEARER] Debug @ 3300f pos=Point(x=588, y=441) tool=0x02 stamina=86 state=navigating targets=837 cleared=1 failed=5
[DAY_PLAN] CLEAR_FIELD -> clear_budget cleared=1 remaining=758 lift_only
[MULTI_DAY] Start return_home date=0:9
[RETURN_HOME] House approach from (454,217) → (136,424) wps=1 deep_south=False south_of_fence=False
[MULTI_NAV] Start: 1 waypoints, tilemap=0x00
[RETURN_HOME] Nav finished off-stand pos=(137,413); correcting to (136,424) (1/6)
[MULTI_DAY] Start sleep date=0:9
[RUN] f=128000 date=S0D9 18:01 $160 phase=SLEEP date=0:9 completed=7/40
[SLEEP] Attempt 1/12 at bed pos=(70,87) tm=0x15
[RUN] day change S0D9 -> S0D10 at frame=128555
[MULTI_DAY] Day journal 0:9 -> 0:10 ok=['EXIT_TO_FARM', 'BUY_SEEDS_WINDOW', 'NAV_FARM_EXIT', 'BUY_SEEDS', 'ENSURE_WATERING_CAN', 'NAV_CROP', 'CROP_WATER', 'CLEAR_FIELD'] skipped=['(none)'] no_work=['(none)'] money=160
[MULTI_DAY] Completed sleep 8: now date=0:10 (day advanced; morning house ready)
[MULTI_DAY] Settling morning scene before next day plan
[MULTI_DAY] Morning settled: normal_map@house/base/size22 tilemap=0x15 pos=(136,120)
[MULTI_DAY] Plan 0:10 seed=potato phases=EXIT_TO_FARM, DYNAMIC_OUTDOOR_PLAN
[MULTI_DAY] Start plan_day date=0:10
[DAY_PLAN] Starting phase 1/2: EXIT_TO_FARM (farm_building_exit)
[DAY_PLAN] EXIT_TO_FARM -> tilemap=0x00
[DAY_PLAN] DYNAMIC_OUTDOOR_PLAN expanded to: BUY_SEEDS_WINDOW, NAV_FARM_EXIT, BUY_SEEDS, ENSURE_WATERING_CAN, NAV_CROP, CROP_WATER, CLEAR_FIELD
[DAY_PLAN] Starting phase 2/8: BUY_SEEDS_WINDOW (deadline)
[DAY_PLAN] BUY_SEEDS_WINDOW -> before cutoff at 06:00
[DAY_PLAN] Starting phase 3/8: NAV_FARM_EXIT (farm_exit)
[RUN] f=130000 date=S0D10 06:12 $160 phase=PLAN_DAY date=0:10 completed=8/40
[DAY_PLAN] NAV_FARM_EXIT -> arrived
[DAY_PLAN] Starting phase 4/8: BUY_SEEDS (cross_map)
[CROSS_MAP] Exited to tilemap 0x0C
[RUN] f=132000 date=S0D10 08:13 $160 phase=PLAN_DAY date=0:10 completed=8/40
[RUN] f=134000 date=S0D10 11:06 $160 phase=PLAN_DAY date=0:10 completed=8/40
[DAY_PLAN] BUY_SEEDS -> returned to origin map
[DAY_PLAN] Ready to go home (from BUY_SEEDS)
[DAY_PLAN] Starting phase 5/8: ENSURE_WATERING_CAN (ensure_tool)
[DAY_PLAN] ENSURE_WATERING_CAN -> tool 0x10 ready
[DAY_PLAN] Starting phase 6/8: NAV_CROP (nav)
[DAY_PLAN] NAV_CROP -> arrived
[DAY_PLAN] Starting phase 7/8: CROP_WATER (crop)
[CROP] Detected 1 plots: [(14, 27)] mode=water 
[CROP] Plot 1/1 center=(14,27) phase=WATER can=14 mode=dry-only steps=6
[CROP] WATER tile 1/6 target=(14, 26) face=down can=14
[CROP] Plot 1/1 WATER DONE: 6/6 watered (used 6 water, can=8)
[CROP]   3x3 tiles: [0x59 0x59 0xA1] [0x59 0x02 0xA1] [0x59 0x59 0x59]
[CROP] Complete (success): planted=0 watered=6 passes=1
[DAY_PLAN] CROP_WATER -> planted=0 watered=6 passes=1
[DAY_PLAN] Starting phase 8/8: CLEAR_FIELD (clear_field)
[CLEARER] Tool inventory: 0x02, 0x10
[CLEARER] Startup missing tools: 0x03, 0x04; continuing with lift-only weeds/stones
[CLEARER] Startup complete
[CLEARER] Phase: WEED
[CLEARER] Target: WEED at (15, 14) (SICKLE)
[CLEARER] Debug @ 300f pos=Point(x=266, y=310) tool=0x02 stamina=88 state=navigating targets=837 cleared=0 failed=0
[NAV] Stuck at (16, 19), trying alternate path
[NAV] Stuck at (17, 19), trying alternate path
[CLEARER] Debug @ 600f pos=Point(x=281, y=310) tool=0x02 stamina=88 state=navigating targets=837 cleared=0 failed=0
[NAV] Stuck at (17, 19), trying alternate path
[RUN] f=136000 date=S0D10 14:05 $160 phase=PLAN_DAY date=0:10 completed=8/40
[CLEARER] Lifting WEED
[CLEARER] Target: WEED at (16, 12) (SICKLE)
[CLEARER] Debug @ 900f pos=Point(x=202, y=390) tool=0x02 stamina=88 state=navigating targets=836 cleared=1 failed=0
[CLEARER] Debug @ 1200f pos=Point(x=457, y=534) tool=0x02 stamina=88 state=navigating targets=836 cleared=1 failed=0
[NAV] Stuck at (28, 33), trying alternate path
[NAV] Stuck at (28, 34), trying alternate path
[CLEARER] Debug @ 1500f pos=Point(x=620, y=553) tool=0x02 stamina=88 state=navigating targets=836 cleared=1 failed=0
[NAV] Stuck at (39, 33), trying alternate path
[NAV] Stuck at (39, 32), trying alternate path
[CLEARER] Debug @ 1800f pos=Point(x=646, y=477) tool=0x02 stamina=88 state=navigating targets=836 cleared=1 failed=0
[CLEARER] Debug @ 2100f pos=Point(x=454, y=217) tool=0x02 stamina=88 state=navigating targets=836 cleared=1 failed=0
[NAV] Stuck at (28, 13), trying alternate path
[NAV] Stuck at (28, 12), trying alternate path
[CLEARER] Debug @ 2400f pos=Point(x=422, y=153) tool=0x02 stamina=88 state=navigating targets=836 cleared=1 failed=0
[NAV] Stuck at (26, 9), trying alternate path
[CLEARER] Debug @ 2700f pos=Point(x=250, y=169) tool=0x02 stamina=88 state=navigating targets=836 cleared=1 failed=0
[NAV] Stuck at (15, 10), trying alternate path
[RUN] f=138000 date=S0D10 16:08 $160 phase=PLAN_DAY date=0:10 completed=8/40
[NAV] Stuck at (16, 11), trying alternate path
[CLEARER] Adjacent WEED at (16, 12) -> clear now
[CLEARER] Lifting WEED
[CLEARER] Adjacent WEED at (15, 11) -> clear now
[CLEARER] Debug @ 3000f pos=Point(x=249, y=201) tool=0x02 stamina=88 state=scanning targets=835 cleared=2 failed=0
[CLEARER] Adjacent WEED at (15, 11) -> clear now
[CLEARER] Lifting WEED
[CLEARER] Target: WEED at (15, 8) (SICKLE)
[CLEARER] Target: WEED at (14, 9) (SICKLE)
[CLEARER] Debug @ 3300f pos=Point(x=246, y=158) tool=0x02 stamina=88 state=clearing targets=834 cleared=3 failed=0
[CLEARER] Lifting WEED
[CLEARER] Adjacent WEED at (15, 8) -> clear now
[CLEARER] Adjacent WEED at (15, 8) -> clear now
[CLEARER] Lifting WEED
[CLEARER] Target: WEED at (14, 8) (SICKLE)
[CLEARER] Target: WEED at (14, 8) (SICKLE)
[DAY_PLAN] CLEAR_FIELD -> clear_budget cleared=5 remaining=753 lift_only
[MULTI_DAY] Start return_home date=0:10
[RETURN_HOME] House approach from (247,138) → (136,424) wps=1 deep_south=False south_of_fence=False
[MULTI_NAV] Start: 1 waypoints, tilemap=0x00
[RUN] f=140000 date=S0D10 18:07 $160 phase=RETURN_HOME date=0:10 completed=8/40
[RETURN_HOME] Nav finished off-stand pos=(137,413); correcting to (136,424) (1/6)
[MULTI_DAY] Start sleep date=0:10
[SLEEP] Attempt 1/12 at bed pos=(70,87) tm=0x15
[RUN] day change S0D10 -> S0D11 at frame=141842
[MULTI_DAY] Day journal 0:10 -> 0:11 ok=['EXIT_TO_FARM', 'BUY_SEEDS_WINDOW', 'NAV_FARM_EXIT', 'BUY_SEEDS', 'ENSURE_WATERING_CAN', 'NAV_CROP', 'CROP_WATER', 'CLEAR_FIELD'] skipped=['(none)'] no_work=['(none)'] money=160
[MULTI_DAY] Completed sleep 9: now date=0:11 (day advanced; morning house ready)
[MULTI_DAY] Settling morning scene before next day plan
[RUN] f=142000 date=S0D11 06:00 $160 phase=SETTLE_MORNING date=0:11 completed=9/40
[MULTI_DAY] Morning settled: normal_map@house/base/size22 tilemap=0x15 pos=(136,120)
[MULTI_DAY] Plan 0:11 seed=potato phases=EXIT_TO_FARM, DYNAMIC_OUTDOOR_PLAN
[MULTI_DAY] Start plan_day date=0:11
[DAY_PLAN] Starting phase 1/2: EXIT_TO_FARM (farm_building_exit)
[DAY_PLAN] EXIT_TO_FARM -> tilemap=0x00
[DAY_PLAN] DYNAMIC_OUTDOOR_PLAN expanded to: BUY_SEEDS_WINDOW, NAV_FARM_EXIT, BUY_SEEDS, ENSURE_WATERING_CAN, NAV_CROP, CROP_WATER, CLEAR_FIELD
[DAY_PLAN] Starting phase 2/8: BUY_SEEDS_WINDOW (deadline)
[DAY_PLAN] BUY_SEEDS_WINDOW -> before cutoff at 06:00
[DAY_PLAN] Starting phase 3/8: NAV_FARM_EXIT (farm_exit)
[DAY_PLAN] NAV_FARM_EXIT -> arrived
[DAY_PLAN] Starting phase 4/8: BUY_SEEDS (cross_map)
[CROSS_MAP] Exited to tilemap 0x0C
[RUN] f=144000 date=S0D11 07:14 $160 phase=PLAN_DAY date=0:11 completed=9/40
[DAY_PLAN] BUY_SEEDS -> returned to origin map
[DAY_PLAN] Ready to go home (from BUY_SEEDS)
[DAY_PLAN] Starting phase 5/8: ENSURE_WATERING_CAN (ensure_tool)
[DAY_PLAN] ENSURE_WATERING_CAN -> tool 0x10 ready
[DAY_PLAN] Starting phase 6/8: NAV_CROP (nav)
[RUN] f=146000 date=S0D11 10:09 $160 phase=PLAN_DAY date=0:11 completed=9/40
[DAY_PLAN] NAV_CROP -> soft arrived dist=31 stasis=90
[DAY_PLAN] Starting phase 7/8: CROP_WATER (crop)
[CROP] Detected 1 plots: [(14, 27)] mode=water 
[CROP] Plot 1/1 center=(14,27) phase=WATER can=8 mode=dry-only steps=6
[CROP] WATER tile 1/6 target=(13, 28) face=up can=8
[CROP] Plot 1/1 WATER DONE: 6/6 watered (used 6 water, can=2)
[CROP]   3x3 tiles: [0x5B 0x5B 0xA1] [0x5B 0x02 0xA1] [0x5B 0x5B 0x5B]
[CROP] Complete (success): planted=0 watered=6 passes=1
[DAY_PLAN] CROP_WATER -> planted=0 watered=6 passes=1
[DAY_PLAN] Starting phase 8/8: CLEAR_FIELD (clear_field)
[RUN] f=148000 date=S0D11 12:13 $160 phase=PLAN_DAY date=0:11 completed=9/40
[CLEARER] Tool inventory: 0x02, 0x10
[CLEARER] Startup missing tools: 0x03, 0x04; continuing with lift-only weeds/stones
[CLEARER] Startup complete
[CLEARER] Phase: WEED
[CLEARER] Target: WEED at (18, 15) (SICKLE)
[NAV] Stuck at (21, 22), trying alternate path
[CLEARER] Debug @ 300f pos=Point(x=338, y=374) tool=0x02 stamina=88 state=navigating targets=832 cleared=0 failed=0
[NAV] Stuck at (18, 22), trying alternate path
[CLEARER] Debug @ 600f pos=Point(x=281, y=342) tool=0x02 stamina=88 state=navigating targets=832 cleared=0 failed=0
[NAV] Stuck at (17, 21), trying alternate path
[CLEARER] Debug @ 900f pos=Point(x=278, y=342) tool=0x02 stamina=88 state=navigating targets=832 cleared=0 failed=0
[CLEARER] Debug @ 1200f pos=Point(x=273, y=336) tool=0x02 stamina=88 state=navigating targets=832 cleared=0 failed=0
[CLEARER] Debug @ 1500f pos=Point(x=277, y=342) tool=0x02 stamina=88 state=navigating targets=832 cleared=0 failed=0
[CLEARER] Debug @ 1800f pos=Point(x=278, y=342) tool=0x02 stamina=88 state=navigating targets=832 cleared=0 failed=0
[RUN] f=150000 date=S0D11 15:00 $160 phase=PLAN_DAY date=0:11 completed=9/40
[CLEARER] Debug @ 2100f pos=Point(x=273, y=334) tool=0x02 stamina=88 state=navigating targets=832 cleared=0 failed=0
[CLEARER] Debug @ 2400f pos=Point(x=277, y=342) tool=0x02 stamina=88 state=navigating targets=832 cleared=0 failed=0
[CLEARER] Debug @ 2700f pos=Point(x=276, y=342) tool=0x02 stamina=88 state=navigating targets=832 cleared=0 failed=0
[CLEARER] Debug @ 3000f pos=Point(x=273, y=339) tool=0x02 stamina=88 state=navigating targets=832 cleared=0 failed=0
[CLEARER] Debug @ 3300f pos=Point(x=277, y=342) tool=0x02 stamina=88 state=navigating targets=832 cleared=0 failed=0
[DAY_PLAN] CLEAR_FIELD -> clear_budget cleared=0 remaining=753 lift_only
[MULTI_DAY] Start return_home date=0:11
[RETURN_HOME] House approach from (277,342) → (136,424) wps=1 deep_south=False south_of_fence=False
[MULTI_NAV] Start: 1 waypoints, tilemap=0x00
[RETURN_HOME] Nav finished off-stand pos=(137,413); correcting to (136,424) (1/6)
[MULTI_DAY] Start sleep date=0:11
[RUN] f=152000 date=S0D11 16:14 $160 phase=SLEEP date=0:11 completed=9/40
[SLEEP] Attempt 1/12 at bed pos=(70,87) tm=0x15
[RUN] day change S0D11 -> S0D12 at frame=152358
[MULTI_DAY] Day journal 0:11 -> 0:12 ok=['EXIT_TO_FARM', 'BUY_SEEDS_WINDOW', 'NAV_FARM_EXIT', 'BUY_SEEDS', 'ENSURE_WATERING_CAN', 'NAV_CROP', 'CROP_WATER', 'CLEAR_FIELD'] skipped=['(none)'] no_work=['(none)'] money=160
[MULTI_DAY] Completed sleep 10: now date=0:12 (day advanced; morning house ready)
[MULTI_DAY] Settling morning scene before next day plan
[MULTI_DAY] Morning settled: normal_map@house/base/size22 tilemap=0x15 pos=(136,120)
[MULTI_DAY] Plan 0:12 seed=potato phases=EXIT_TO_FARM, DYNAMIC_OUTDOOR_PLAN
[MULTI_DAY] Start plan_day date=0:12
[DAY_PLAN] Starting phase 1/2: EXIT_TO_FARM (farm_building_exit)
[DAY_PLAN] EXIT_TO_FARM -> tilemap=0x00
[DAY_PLAN] DYNAMIC_OUTDOOR_PLAN expanded to: BUY_SEEDS_WINDOW, NAV_FARM_EXIT, BUY_SEEDS, ENSURE_WATERING_CAN, NAV_CROP, CROP_WATER, CLEAR_FIELD
[DAY_PLAN] Starting phase 2/8: BUY_SEEDS_WINDOW (deadline)
[DAY_PLAN] BUY_SEEDS_WINDOW -> before cutoff at 06:00
[DAY_PLAN] Starting phase 3/8: NAV_FARM_EXIT (farm_exit)
[DAY_PLAN] NAV_FARM_EXIT -> arrived
[DAY_PLAN] Starting phase 4/8: BUY_SEEDS (cross_map)
[CROSS_MAP] Exited to tilemap 0x0C
[RUN] f=154000 date=S0D12 07:07 $160 phase=PLAN_DAY date=0:12 completed=10/40
[DAY_PLAN] BUY_SEEDS -> returned to origin map
[DAY_PLAN] Ready to go home (from BUY_SEEDS)
[DAY_PLAN] Starting phase 5/8: ENSURE_WATERING_CAN (ensure_tool)
[DAY_PLAN] ENSURE_WATERING_CAN -> tool 0x10 ready
[DAY_PLAN] Starting phase 6/8: NAV_CROP (nav)
[RUN] f=156000 date=S0D12 10:02 $160 phase=PLAN_DAY date=0:12 completed=10/40
[DAY_PLAN] NAV_CROP -> soft arrived dist=31 stasis=90
[DAY_PLAN] Starting phase 7/8: CROP_WATER (crop)
[CROP] Detected 1 plots: [(14, 27)] mode=water 
[CROP] Plot 1/1 center=(14,27) phase=WATER can=2 mode=dry-only steps=6
[CROP] Water level=2 < 6 waterable remaining, need refill
[CROP] Refill at (33,30) facing down water=0xF0 source=main_pond_corridor dist=24 band=0 can=2 multihop=True
[CROP] Refill densify hop (14, 25) → (15, 29) (ultimate=(33, 30))
[CROP] Refill densify hop (15, 29) → (18, 30) (ultimate=(33, 30))
[CROP] Refill densify hop (18, 30) → (20, 30) (ultimate=(33, 30))
[CROP] Refill densify hop (20, 30) → (22, 30) (ultimate=(33, 30))
[CROP] Refill densify hop (22, 30) → (24, 30) (ultimate=(33, 30))
[CROP] Refill densify hop (24, 30) → (28, 30) (ultimate=(33, 30))
[RUN] f=158000 date=S0D12 12:05 $160 phase=PLAN_DAY date=0:12 completed=10/40
[CROP] Refill densify hop (25, 30) → (28, 30) (ultimate=(33, 30))
[CROP] Densify thrash at (25, 30)→F0 (n=6); east→south corridor charge
[CROP] Queue east→south corridor charge from (25, 30) (past fence end x≥31 then south) n=1
[CROP] Refill densify recover → (28, 30) from (25, 30) (stuck nav)
[CROP] Corridor charge done at (29, 32); multi-hop F0 (y=ok)
[CROP] South-of-wall at (29, 32); queue west→south-lip to F0
[CROP] Queue west→south-lip charge from (29, 32) toward F0 stand (band=soft) n=1
[CROP] South-lip charge done at (25, 34); multi-hop/act F0
[CROP] South-lip short of F0 at (25, 34); re-queue lip charge
[CROP] Queue west→south-lip charge from (25, 34) toward F0 stand (band=south_far) n=2
[RUN] f=160000 date=S0D12 14:08 $160 phase=PLAN_DAY date=0:12 completed=10/40
[CROP] South-lip charge done at (29, 32); multi-hop/act F0
[CROP] South-lip short of F0 at (29, 32); re-queue lip charge
[CROP] Queue west→south-lip charge from (29, 32) toward F0 stand (band=soft) n=3
[CROP] South-lip charge done at (25, 34); multi-hop/act F0
[CROP] South-lip short of F0 at (25, 34); re-queue lip charge
[CROP] Queue west→south-lip charge from (25, 34) toward F0 stand (band=south_far) n=4
[CROP] South-lip charge done at (29, 32); multi-hop/act F0
[CROP] South-lip short of F0 at (29, 32); re-queue lip charge
[CROP] Queue west→south-lip charge from (29, 32) toward F0 stand (band=soft) n=5
[CROP] South-lip charge done at (25, 34); multi-hop/act F0
[CROP] South-lip short of F0 at (25, 34); re-queue lip charge
[CROP] Queue west→south-lip charge from (25, 34) toward F0 stand (band=south_far) n=6
[RUN] f=162000 date=S0D12 16:11 $160 phase=PLAN_DAY date=0:12 completed=10/40
[CROP] South-lip charge done at (29, 32); multi-hop/act F0
[CROP] South-lip short of F0 at (29, 32); re-queue lip charge
[CROP] Queue west→south-lip charge from (29, 32) toward F0 stand (band=soft) n=7
[CROP] South-lip charge done at (28, 32); multi-hop/act F0
[CROP] Refill at (32,34) facing up water=0xF0 source=main_pond_multihop dist=6 band=0 can=2 multihop=True
[CROP] Densify thrash at (29, 32)→F0 (n=3); west→south-lip charge
[CROP] Queue west→south-lip charge from (29, 32) toward F0 stand (band=soft) n=8
[CROP] Refill repath 1/8 after stuck nav (stand=(32, 34) pos=(29, 32))
[CROP] Refill at (32,34) facing up water=0xF0 source=main_pond_multihop dist=5 band=0 can=2 multihop=True
[CROP] South-lip charge done at (25, 34); multi-hop/act F0
[CROP] Refill at (32,34) facing up water=0xF0 source=main_pond_multihop dist=7 band=0 can=2 multihop=True
[CROP] South-lip densify (25, 34) → (32, 34) (east-prefer, ultimate=(32, 34))
[CROP] South-lip densify (25, 34) → (32, 34) (east-prefer, ultimate=(32, 34))
[CROP] South-lip densify (25, 34) → (32, 34) (east-prefer, ultimate=(32, 34))
[RUN] f=164000 date=S0D12 18:07 $160 phase=PLAN_DAY date=0:12 completed=10/40
[CROP] South-lip densify (25, 34) → (32, 34) (east-prefer, ultimate=(32, 34))
[CROP] South-lip densify (25, 34) → (32, 34) (east-prefer, ultimate=(32, 34))
[CROP] South-lip densify (25, 34) → (32, 34) (east-prefer, ultimate=(32, 34))
[CROP] South-lip densify (25, 34) → (32, 34) (east-prefer, ultimate=(32, 34))
[CROP] South-lip densify (25, 34) → (32, 34) (east-prefer, ultimate=(32, 34))
[CROP] South-lip densify (25, 34) → (32, 34) (east-prefer, ultimate=(32, 34))
[CROP] South-lip densify (25, 34) → (32, 34) (east-prefer, ultimate=(32, 34))
[CROP] South-lip densify (25, 34) → (32, 34) (east-prefer, ultimate=(32, 34))
[CROP] South-lip densify (25, 34) → (32, 34) (east-prefer, ultimate=(32, 34))
[CROP] South-lip densify (25, 34) → (32, 34) (east-prefer, ultimate=(32, 34))
[CROP] South-lip densify (25, 34) → (32, 34) (east-prefer, ultimate=(32, 34))
[RUN] f=166000 date=S0D12 18:10 $160 phase=PLAN_DAY date=0:12 completed=10/40
[CROP] South-lip densify (25, 34) → (32, 34) (east-prefer, ultimate=(32, 34))
[CROP] South-lip densify (25, 34) → (32, 34) (east-prefer, ultimate=(32, 34))
[CROP] South-lip densify (25, 34) → (32, 34) (east-prefer, ultimate=(32, 34))
[CROP] South-lip densify (25, 34) → (32, 34) (east-prefer, ultimate=(32, 34))
[CROP] South-lip densify (25, 34) → (32, 34) (east-prefer, ultimate=(32, 34))
[CROP] South-lip densify (25, 34) → (32, 34) (east-prefer, ultimate=(32, 34))
[CROP] Refill timed out at (25, 34) stand=(32, 34) best_dist=7
[CROP] Refill at (32,34) facing up water=0xF0 source=main_pond_multihop dist=7 band=0 can=2 multihop=True
[CROP] South-lip densify (25, 34) → (32, 34) (east-prefer, ultimate=(32, 34))
[CROP] South-lip densify (25, 34) → (32, 34) (east-prefer, ultimate=(32, 34))
[CROP] South-lip densify (25, 34) → (32, 34) (east-prefer, ultimate=(32, 34))
[CROP] South-lip densify (25, 34) → (32, 34) (east-prefer, ultimate=(32, 34))
[CROP] South-lip densify (25, 34) → (32, 34) (east-prefer, ultimate=(32, 34))
[RUN] f=168000 date=S0D12 18:14 $160 phase=PLAN_DAY date=0:12 completed=10/40
[CROP] South-lip densify (25, 34) → (32, 34) (east-prefer, ultimate=(32, 34))
[CROP] South-lip densify (25, 34) → (32, 34) (east-prefer, ultimate=(32, 34))
[CROP] South-lip densify (25, 34) → (32, 34) (east-prefer, ultimate=(32, 34))
[CROP] South-lip densify (25, 34) → (32, 34) (east-prefer, ultimate=(32, 34))
[CROP] South-lip densify (25, 34) → (32, 34) (east-prefer, ultimate=(32, 34))
[CROP] South-lip densify (25, 34) → (32, 34) (east-prefer, ultimate=(32, 34))
[CROP] South-lip densify (25, 34) → (32, 34) (east-prefer, ultimate=(32, 34))
[CROP] South-lip densify (25, 34) → (32, 34) (east-prefer, ultimate=(32, 34))
[CROP] South-lip densify (25, 34) → (32, 34) (east-prefer, ultimate=(32, 34))
[CROP] South-lip densify (25, 34) → (32, 34) (east-prefer, ultimate=(32, 34))
[CROP] South-lip densify (25, 34) → (32, 34) (east-prefer, ultimate=(32, 34))
[CROP] South-lip densify (25, 34) → (32, 34) (east-prefer, ultimate=(32, 34))
[RUN] f=170000 date=S0D12 18:02 $160 phase=PLAN_DAY date=0:12 completed=10/40
[CROP] South-lip densify (25, 34) → (32, 34) (east-prefer, ultimate=(32, 34))
[CROP] South-lip densify (25, 34) → (32, 34) (east-prefer, ultimate=(32, 34))
[CROP] South-lip densify (25, 34) → (32, 34) (east-prefer, ultimate=(32, 34))
[CROP] Refill timed out at (25, 34) stand=(32, 34) best_dist=7
[CROP] Refill at (32,34) facing up water=0xF0 source=main_pond_multihop dist=7 band=0 can=2 multihop=True
[CROP] South-lip densify (25, 34) → (32, 34) (east-prefer, ultimate=(32, 34))
[CROP] South-lip densify (25, 34) → (32, 34) (east-prefer, ultimate=(32, 34))
[CROP] South-lip densify (25, 34) → (32, 34) (east-prefer, ultimate=(32, 34))
[CROP] South-lip densify (25, 34) → (32, 34) (east-prefer, ultimate=(32, 34))
[CROP] South-lip densify (25, 34) → (32, 34) (east-prefer, ultimate=(32, 34))
[CROP] South-lip densify (25, 34) → (32, 34) (east-prefer, ultimate=(32, 34))
[CROP] South-lip densify (25, 34) → (32, 34) (east-prefer, ultimate=(32, 34))
[CROP] South-lip densify (25, 34) → (32, 34) (east-prefer, ultimate=(32, 34))
[RUN] f=172000 date=S0D12 18:05 $160 phase=PLAN_DAY date=0:12 completed=10/40
[CROP] South-lip densify (25, 34) → (32, 34) (east-prefer, ultimate=(32, 34))
[CROP] South-lip densify (25, 34) → (32, 34) (east-prefer, ultimate=(32, 34))
[CROP] South-lip densify (25, 34) → (32, 34) (east-prefer, ultimate=(32, 34))
[CROP] South-lip densify (25, 34) → (32, 34) (east-prefer, ultimate=(32, 34))
[CROP] South-lip densify (25, 34) → (32, 34) (east-prefer, ultimate=(32, 34))
[CROP] South-lip densify (25, 34) → (32, 34) (east-prefer, ultimate=(32, 34))
[CROP] South-lip densify (25, 34) → (32, 34) (east-prefer, ultimate=(32, 34))
[CROP] South-lip densify (25, 34) → (32, 34) (east-prefer, ultimate=(32, 34))
[CROP] South-lip densify (25, 34) → (32, 34) (east-prefer, ultimate=(32, 34))
[CROP] South-lip densify (25, 34) → (32, 34) (east-prefer, ultimate=(32, 34))
[CROP] South-lip densify (25, 34) → (32, 34) (east-prefer, ultimate=(32, 34))
[RUN] f=174000 date=S0D12 18:09 $160 phase=PLAN_DAY date=0:12 completed=10/40
[CROP] South-lip densify (25, 34) → (32, 34) (east-prefer, ultimate=(32, 34))
[CROP] Refill timed out at (25, 34) stand=(32, 34) best_dist=7
[CROP] Refill at (32,34) facing up water=0xF0 source=main_pond_multihop dist=7 band=0 can=2 multihop=True
[CROP] South-lip densify (25, 34) → (32, 34) (east-prefer, ultimate=(32, 34))
[CROP] South-lip densify (25, 34) → (32, 34) (east-prefer, ultimate=(32, 34))
[CROP] South-lip densify (25, 34) → (32, 34) (east-prefer, ultimate=(32, 34))
[CROP] South-lip densify (25, 34) → (32, 34) (east-prefer, ultimate=(32, 34))
[CROP] South-lip densify (25, 34) → (32, 34) (east-prefer, ultimate=(32, 34))
[CROP] South-lip densify (25, 34) → (32, 34) (east-prefer, ultimate=(32, 34))
[CROP] South-lip densify (25, 34) → (32, 34) (east-prefer, ultimate=(32, 34))
[CROP] South-lip densify (25, 34) → (32, 34) (east-prefer, ultimate=(32, 34))
[CROP] South-lip densify (25, 34) → (32, 34) (east-prefer, ultimate=(32, 34))
[CROP] South-lip densify (25, 34) → (32, 34) (east-prefer, ultimate=(32, 34))
[RUN] f=176000 date=S0D12 18:12 $160 phase=PLAN_DAY date=0:12 completed=10/40
[CROP] South-lip densify (25, 34) → (32, 34) (east-prefer, ultimate=(32, 34))
[CROP] South-lip densify (25, 34) → (32, 34) (east-prefer, ultimate=(32, 34))
[CROP] South-lip densify (25, 34) → (32, 34) (east-prefer, ultimate=(32, 34))
[CROP] South-lip densify (25, 34) → (32, 34) (east-prefer, ultimate=(32, 34))
[CROP] South-lip densify (25, 34) → (32, 34) (east-prefer, ultimate=(32, 34))
[CROP] South-lip densify (25, 34) → (32, 34) (east-prefer, ultimate=(32, 34))
[CROP] South-lip densify (25, 34) → (32, 34) (east-prefer, ultimate=(32, 34))
[CROP] South-lip densify (25, 34) → (32, 34) (east-prefer, ultimate=(32, 34))
[CROP] South-lip densify (25, 34) → (32, 34) (east-prefer, ultimate=(32, 34))
[CROP] South-lip densify (25, 34) → (32, 34) (east-prefer, ultimate=(32, 34))
[CROP] Refill timed out at (25, 34) stand=(32, 34) best_dist=7
[CROP] Refill at (32,34) facing up water=0xF0 source=main_pond_multihop dist=7 band=0 can=2 multihop=True
[CROP] South-lip densify (25, 34) → (32, 34) (east-prefer, ultimate=(32, 34))
[RUN] f=178000 date=S0D12 18:00 $160 phase=PLAN_DAY date=0:12 completed=10/40
[CROP] South-lip densify (25, 34) → (32, 34) (east-prefer, ultimate=(32, 34))
[CROP] South-lip densify (25, 34) → (32, 34) (east-prefer, ultimate=(32, 34))
[CROP] South-lip densify (25, 34) → (32, 34) (east-prefer, ultimate=(32, 34))
[CROP] South-lip densify (25, 34) → (32, 34) (east-prefer, ultimate=(32, 34))
[CROP] South-lip densify (25, 34) → (32, 34) (east-prefer, ultimate=(32, 34))
[CROP] South-lip densify (25, 34) → (32, 34) (east-prefer, ultimate=(32, 34))
[CROP] South-lip densify (25, 34) → (32, 34) (east-prefer, ultimate=(32, 34))
[CROP] South-lip densify (25, 34) → (32, 34) (east-prefer, ultimate=(32, 34))
[CROP] South-lip densify (25, 34) → (32, 34) (east-prefer, ultimate=(32, 34))
[CROP] South-lip densify (25, 34) → (32, 34) (east-prefer, ultimate=(32, 34))
[CROP] South-lip densify (25, 34) → (32, 34) (east-prefer, ultimate=(32, 34))
[RUN] f=180000 date=S0D12 18:04 $160 phase=PLAN_DAY date=0:12 completed=10/40
[CROP] South-lip densify (25, 34) → (32, 34) (east-prefer, ultimate=(32, 34))
[CROP] South-lip densify (25, 34) → (32, 34) (east-prefer, ultimate=(32, 34))
[CROP] South-lip densify (25, 34) → (32, 34) (east-prefer, ultimate=(32, 34))
[CROP] South-lip densify (25, 34) → (32, 34) (east-prefer, ultimate=(32, 34))
[CROP] South-lip densify (25, 34) → (32, 34) (east-prefer, ultimate=(32, 34))
[CROP] South-lip densify (25, 34) → (32, 34) (east-prefer, ultimate=(32, 34))
[CROP] South-lip densify (25, 34) → (32, 34) (east-prefer, ultimate=(32, 34))
[CROP] South-lip densify (25, 34) → (32, 34) (east-prefer, ultimate=(32, 34))
[CROP] Refill timed out at (25, 34) stand=(32, 34) best_dist=7
[CROP] Refill at (32,34) facing up water=0xF0 source=main_pond_multihop dist=7 band=0 can=2 multihop=True
[CROP] South-lip densify (25, 34) → (32, 34) (east-prefer, ultimate=(32, 34))
[CROP] South-lip densify (25, 34) → (32, 34) (east-prefer, ultimate=(32, 34))
[CROP] South-lip densify (25, 34) → (32, 34) (east-prefer, ultimate=(32, 34))
[RUN] f=182000 date=S0D12 18:07 $160 phase=PLAN_DAY date=0:12 completed=10/40
[CROP] South-lip densify (25, 34) → (32, 34) (east-prefer, ultimate=(32, 34))
[CROP] South-lip densify (25, 34) → (32, 34) (east-prefer, ultimate=(32, 34))
[CROP] South-lip densify (25, 34) → (32, 34) (east-prefer, ultimate=(32, 34))
[CROP] South-lip densify (25, 34) → (32, 34) (east-prefer, ultimate=(32, 34))
[CROP] South-lip densify (25, 34) → (32, 34) (east-prefer, ultimate=(32, 34))
[CROP] South-lip densify (25, 34) → (32, 34) (east-prefer, ultimate=(32, 34))
[CROP] South-lip densify (25, 34) → (32, 34) (east-prefer, ultimate=(32, 34))
[CROP] South-lip densify (25, 34) → (32, 34) (east-prefer, ultimate=(32, 34))
[CROP] South-lip densify (25, 34) → (32, 34) (east-prefer, ultimate=(32, 34))
[CROP] South-lip densify (25, 34) → (32, 34) (east-prefer, ultimate=(32, 34))
[CROP] South-lip densify (25, 34) → (32, 34) (east-prefer, ultimate=(32, 34))
[RUN] f=184000 date=S0D12 18:10 $160 phase=PLAN_DAY date=0:12 completed=10/40
[CROP] South-lip densify (25, 34) → (32, 34) (east-prefer, ultimate=(32, 34))
[CROP] South-lip densify (25, 34) → (32, 34) (east-prefer, ultimate=(32, 34))
[CROP] South-lip densify (25, 34) → (32, 34) (east-prefer, ultimate=(32, 34))
[CROP] South-lip densify (25, 34) → (32, 34) (east-prefer, ultimate=(32, 34))
[CROP] South-lip densify (25, 34) → (32, 34) (east-prefer, ultimate=(32, 34))
[CROP] South-lip densify (25, 34) → (32, 34) (east-prefer, ultimate=(32, 34))
[CROP] Refill timed out at (25, 34) stand=(32, 34) best_dist=7
[CROP] REORDER water tiles (timeout) target=(15, 28) stand=(15, 29) face=up retry=1/3
[CROP] Water level=2 < 6 waterable remaining, need refill
[CROP] Refill at (33,30) facing down water=0xF0 source=main_pond_corridor dist=19 band=0 can=2 multihop=True
[CROP] Refill densify hop (15, 29) → (18, 30) (ultimate=(33, 30))
[CROP] Refill densify hop (18, 30) → (20, 30) (ultimate=(33, 30))
[CROP] Refill densify hop (20, 30) → (22, 30) (ultimate=(33, 30))
[CROP] Refill densify hop (22, 30) → (24, 30) (ultimate=(33, 30))
[CROP] Refill densify hop (24, 30) → (28, 30) (ultimate=(33, 30))
[CROP] Refill densify hop (25, 30) → (28, 30) (ultimate=(33, 30))
[CROP] Densify thrash at (25, 30)→F0 (n=6); east→south corridor charge
[CROP] Queue east→south corridor charge from (25, 30) (past fence end x≥31 then south) n=2
[CROP] Refill densify recover → (28, 30) from (25, 30) (stuck nav)
[RUN] f=186000 date=S0D12 18:14 $160 phase=PLAN_DAY date=0:12 completed=10/40
[CROP] Corridor charge done at (29, 32); multi-hop F0 (y=ok)
[CROP] Refill at (32,34) facing up water=0xF0 source=main_pond_multihop dist=5 band=0 can=2 multihop=True
[RUN] f=188000 date=S0D12 18:02 $160 phase=PLAN_DAY date=0:12 completed=10/40
[RUN] f=190000 date=S0D12 18:05 $160 phase=PLAN_DAY date=0:12 completed=10/40
[CROP] Refill timed out at (29, 32) stand=(32, 34) best_dist=5
[CROP] SKIP water tile 1/6 (timeout) target=(15, 28)
[CROP] Water level=2 < 5 waterable remaining, need refill
[CROP] Refill at (33,30) facing down water=0xF0 source=main_pond_corridor dist=20 band=0 can=2 multihop=True
[CROP] Refill densify hop (14, 29) → (15, 29) (ultimate=(33, 30))
[CROP] Refill densify hop (15, 29) → (18, 30) (ultimate=(33, 30))
[CROP] Refill densify hop (18, 30) → (20, 30) (ultimate=(33, 30))
[CROP] Refill densify hop (20, 30) → (22, 30) (ultimate=(33, 30))
[CROP] Refill densify hop (22, 30) → (24, 30) (ultimate=(33, 30))
[CROP] Refill densify hop (24, 30) → (28, 30) (ultimate=(33, 30))
[CROP] Refill densify hop (25, 30) → (28, 30) (ultimate=(33, 30))
[CROP] Densify thrash at (25, 30)→F0 (n=6); east→south corridor charge
[CROP] Queue east→south corridor charge from (25, 30) (past fence end x≥31 then south) n=3
[CROP] Refill densify recover → (28, 30) from (25, 30) (stuck nav)
[CROP] Corridor charge done at (29, 32); multi-hop F0 (y=ok)
[CROP] Refill at (32,34) facing up water=0xF0 source=main_pond_multihop dist=5 band=0 can=2 multihop=True
[RUN] f=192000 date=S0D12 18:09 $160 phase=PLAN_DAY date=0:12 completed=10/40
[RUN] f=194000 date=S0D12 18:12 $160 phase=PLAN_DAY date=0:12 completed=10/40
[CROP] Refill timed out at (29, 32) stand=(32, 34) best_dist=5
[CROP] SKIP water tile 2/6 (timeout) target=(14, 28)
[CROP] Water level=2 < 4 waterable remaining, need refill
[CROP] Refill at (33,30) facing down water=0xF0 source=main_pond_corridor dist=21 band=0 can=2 multihop=True
[CROP] Refill densify hop (13, 29) → (15, 29) (ultimate=(33, 30))
[CROP] Refill densify hop (15, 29) → (18, 30) (ultimate=(33, 30))
[CROP] Refill densify hop (18, 30) → (20, 30) (ultimate=(33, 30))
[CROP] Refill densify hop (20, 30) → (22, 30) (ultimate=(33, 30))
[CROP] Refill densify hop (22, 30) → (24, 30) (ultimate=(33, 30))
[CROP] Refill densify hop (24, 30) → (28, 30) (ultimate=(33, 30))
[RUN] f=196000 date=S0D12 18:00 $160 phase=PLAN_DAY date=0:12 completed=10/40
[CROP] Refill densify hop (25, 30) → (28, 30) (ultimate=(33, 30))
[CROP] Densify thrash at (25, 30)→F0 (n=6); east→south corridor charge
[CROP] Queue east→south corridor charge from (25, 30) (past fence end x≥31 then south) n=4
[CROP] Refill densify recover → (28, 30) from (25, 30) (stuck nav)
[CROP] Corridor charge done at (29, 32); multi-hop F0 (y=ok)
[CROP] Refill at (32,34) facing up water=0xF0 source=main_pond_multihop dist=5 band=0 can=2 multihop=True
[RUN] f=198000 date=S0D12 18:04 $160 phase=PLAN_DAY date=0:12 completed=10/40
[RUN] f=200000 date=S0D12 18:07 $160 phase=PLAN_DAY date=0:12 completed=10/40
[CROP] Refill timed out at (29, 32) stand=(32, 34) best_dist=5
[CROP] SKIP water tile 3/6 (timeout) target=(13, 28)
[CROP] Water level=2 < 3 waterable remaining, need refill
[CROP] Refill at (33,30) facing down water=0xF0 source=main_pond_corridor dist=24 band=0 can=2 multihop=True
[CROP] Refill densify hop (14, 25) → (15, 29) (ultimate=(33, 30))
[CROP] Refill densify hop (15, 29) → (18, 30) (ultimate=(33, 30))
[CROP] Refill densify hop (18, 30) → (20, 30) (ultimate=(33, 30))
[CROP] Refill densify hop (20, 30) → (22, 30) (ultimate=(33, 30))
[CROP] Refill densify hop (22, 30) → (24, 30) (ultimate=(33, 30))
[CROP] Refill densify hop (24, 30) → (28, 30) (ultimate=(33, 30))
[CROP] Refill densify hop (25, 30) → (28, 30) (ultimate=(33, 30))
[CROP] Densify thrash at (25, 30)→F0 (n=6); east→south corridor charge
[CROP] Queue east→south corridor charge from (25, 30) (past fence end x≥31 then south) n=5
[CROP] Refill densify recover → (28, 30) from (25, 30) (stuck nav)
[RUN] f=202000 date=S0D12 18:10 $160 phase=PLAN_DAY date=0:12 completed=10/40
[CROP] Corridor charge done at (29, 32); multi-hop F0 (y=ok)
[CROP] Refill at (32,34) facing up water=0xF0 source=main_pond_multihop dist=5 band=0 can=2 multihop=True
[RUN] f=204000 date=S0D12 18:14 $160 phase=PLAN_DAY date=0:12 completed=10/40
[RUN] f=206000 date=S0D12 18:02 $160 phase=PLAN_DAY date=0:12 completed=10/40
[CROP] Refill timed out at (29, 32) stand=(32, 34) best_dist=5
[CROP] SKIP water tile 4/6 (timeout) target=(14, 26)
[CROP] Plot 1/1 WATER DONE: 2/6 watered (used 2 water, can=0)
[CROP]   3x3 tiles: [0x5D 0x5C 0xA1] [0x5D 0x02 0xA1] [0x5C 0x5C 0x5C]
[CROP] WARNING: Plot 1 incomplete (4 skipped)
[CROP] Pass 1 complete (8 skipped), starting pass 2...
[CROP] Detected 1 plots: [(14, 27)] mode=water (pass 2)
[CROP] Plot 1/1 center=(14,27) phase=WATER can=0 mode=dry-only steps=4
[CROP] Empty can (level=0), need refill before watering
[CROP] Refill search leaked 2 water (was 2, now 0)
[CROP] Refill at (33,30) facing down water=0xF0 source=main_pond_corridor dist=23 band=0 can=0 multihop=True
[CROP] Refill densify hop (12, 28) → (15, 29) (ultimate=(33, 30))
[CROP] Refill densify hop (15, 29) → (18, 30) (ultimate=(33, 30))
[CROP] Refill densify hop (18, 30) → (20, 30) (ultimate=(33, 30))
[CROP] Refill densify hop (20, 30) → (22, 30) (ultimate=(33, 30))
[CROP] Refill densify hop (22, 30) → (24, 30) (ultimate=(33, 30))
[CROP] Refill densify hop (24, 30) → (28, 30) (ultimate=(33, 30))
[CROP] Refill densify hop (25, 30) → (28, 30) (ultimate=(33, 30))
[CROP] Densify thrash at (25, 30)→F0 (n=6); east→south corridor charge
[CROP] Queue east→south corridor charge from (25, 30) (past fence end x≥31 then south) n=6
[CROP] Refill densify recover → (28, 30) from (25, 30) (stuck nav)
[RUN] f=208000 date=S0D12 18:05 $160 phase=PLAN_DAY date=0:12 completed=10/40
[CROP] Corridor charge done at (29, 32); multi-hop F0 (y=ok)
[CROP] Refill at (32,34) facing up water=0xF0 source=main_pond_multihop dist=5 band=0 can=0 multihop=True
[RUN] f=210000 date=S0D12 18:09 $160 phase=PLAN_DAY date=0:12 completed=10/40
[CROP] Refill timed out at (29, 32) stand=(32, 34) best_dist=5
[CROP] REORDER water tiles (timeout) target=(15, 28) stand=(15, 29) face=up retry=1/3
[CROP] Empty can (level=0), need refill before watering
[CROP] Refill at (33,30) facing down water=0xF0 source=main_pond_corridor dist=19 band=0 can=0 multihop=True
[CROP] Refill densify hop (15, 29) → (18, 30) (ultimate=(33, 30))
[CROP] Refill densify hop (18, 30) → (20, 30) (ultimate=(33, 30))
[CROP] Refill densify hop (20, 30) → (22, 30) (ultimate=(33, 30))
[CROP] Refill densify hop (22, 30) → (24, 30) (ultimate=(33, 30))
[CROP] Refill densify hop (24, 30) → (28, 30) (ultimate=(33, 30))
[RUN] f=212000 date=S0D12 18:12 $160 phase=PLAN_DAY date=0:12 completed=10/40
[CROP] Refill densify hop (25, 30) → (28, 30) (ultimate=(33, 30))
[CROP] Refill densify hop (25, 30) → (28, 30) (ultimate=(33, 30))
[CROP] Refill densify hop (25, 30) → (28, 30) (ultimate=(33, 30))
[CROP] Refill densify hop (25, 30) → (28, 30) (ultimate=(33, 30))
[CROP] Refill densify hop (25, 30) → (28, 30) (ultimate=(33, 30))
[CROP] Refill densify hop (25, 30) → (28, 30) (ultimate=(33, 30))
[CROP] Refill densify hop (25, 30) → (28, 30) (ultimate=(33, 30))
[CROP] Refill densify hop (25, 30) → (28, 30) (ultimate=(33, 30))
[CROP] Refill densify hop (25, 30) → (28, 30) (ultimate=(33, 30))
[CROP] Refill densify hop (25, 30) → (28, 30) (ultimate=(33, 30))
[CROP] Refill densify hop (25, 30) → (28, 30) (ultimate=(33, 30))
[RUN] f=214000 date=S0D12 18:00 $160 phase=PLAN_DAY date=0:12 completed=10/40
[CROP] Refill densify hop (25, 30) → (28, 30) (ultimate=(33, 30))
[CROP] Refill densify hop (25, 30) → (28, 30) (ultimate=(33, 30))
[CROP] Refill densify hop (25, 30) → (28, 30) (ultimate=(33, 30))
[CROP] Refill densify hop (25, 30) → (28, 30) (ultimate=(33, 30))
[CROP] Refill densify hop (25, 30) → (28, 30) (ultimate=(33, 30))
[CROP] Refill densify hop (25, 30) → (28, 30) (ultimate=(33, 30))
[CROP] Refill densify hop (25, 30) → (28, 30) (ultimate=(33, 30))
[CROP] Refill densify hop (25, 30) → (28, 30) (ultimate=(33, 30))
[CROP] Refill timed out at (25, 30) stand=(33, 30) best_dist=8
[CROP] SKIP water tile 1/4 (timeout) target=(15, 28)
[CROP] Empty can (level=0), need refill before watering
[CROP] Refill at (33,30) facing down water=0xF0 source=main_pond_corridor dist=20 band=0 can=0 multihop=True
[CROP] Refill densify hop (14, 29) → (15, 29) (ultimate=(33, 30))
[CROP] Refill densify hop (15, 29) → (18, 30) (ultimate=(33, 30))
[CROP] Refill densify hop (18, 30) → (20, 30) (ultimate=(33, 30))
[CROP] Refill densify hop (20, 30) → (22, 30) (ultimate=(33, 30))
[CROP] Refill densify hop (22, 30) → (24, 30) (ultimate=(33, 30))
[CROP] Refill densify hop (24, 30) → (28, 30) (ultimate=(33, 30))
[CROP] Refill densify hop (25, 30) → (28, 30) (ultimate=(33, 30))
[RUN] f=216000 date=S0D12 18:04 $160 phase=PLAN_DAY date=0:12 completed=10/40
[CROP] Refill densify hop (25, 30) → (28, 30) (ultimate=(33, 30))
[CROP] Refill densify hop (25, 30) → (28, 30) (ultimate=(33, 30))
[CROP] Refill densify hop (25, 30) → (28, 30) (ultimate=(33, 30))
[CROP] Refill densify hop (25, 30) → (28, 30) (ultimate=(33, 30))
[CROP] Refill densify hop (25, 30) → (28, 30) (ultimate=(33, 30))
[CROP] Refill densify hop (25, 30) → (28, 30) (ultimate=(33, 30))
[CROP] Refill densify hop (25, 30) → (28, 30) (ultimate=(33, 30))
[CROP] Refill densify hop (25, 30) → (28, 30) (ultimate=(33, 30))
[CROP] Refill densify hop (25, 30) → (28, 30) (ultimate=(33, 30))
[CROP] Refill densify hop (25, 30) → (28, 30) (ultimate=(33, 30))
[CROP] Refill densify hop (25, 30) → (28, 30) (ultimate=(33, 30))
[RUN] f=218000 date=S0D12 18:07 $160 phase=PLAN_DAY date=0:12 completed=10/40
[CROP] Refill densify hop (25, 30) → (28, 30) (ultimate=(33, 30))
[CROP] Refill densify hop (25, 30) → (28, 30) (ultimate=(33, 30))
[CROP] Refill densify hop (25, 30) → (28, 30) (ultimate=(33, 30))
[CROP] Refill densify hop (25, 30) → (28, 30) (ultimate=(33, 30))
[CROP] Refill densify hop (25, 30) → (28, 30) (ultimate=(33, 30))
[CROP] Refill densify hop (25, 30) → (28, 30) (ultimate=(33, 30))
[CROP] Refill densify hop (25, 30) → (28, 30) (ultimate=(33, 30))
[CROP] Refill timed out at (25, 30) stand=(33, 30) best_dist=8
[CROP] SKIP water tile 2/4 (timeout) target=(14, 28)
[CROP] Empty can (level=0), need refill before watering
[CROP] Refill at (33,30) facing down water=0xF0 source=main_pond_corridor dist=21 band=0 can=0 multihop=True
[CROP] Refill densify hop (13, 29) → (15, 29) (ultimate=(33, 30))
[CROP] Refill densify hop (15, 29) → (18, 30) (ultimate=(33, 30))
[CROP] Refill densify hop (18, 30) → (20, 30) (ultimate=(33, 30))
[CROP] Refill densify hop (20, 30) → (22, 30) (ultimate=(33, 30))
[CROP] Refill densify hop (22, 30) → (24, 30) (ultimate=(33, 30))
[CROP] Refill densify hop (24, 30) → (28, 30) (ultimate=(33, 30))
[CROP] Refill densify hop (25, 30) → (28, 30) (ultimate=(33, 30))
[CROP] Refill densify hop (25, 30) → (28, 30) (ultimate=(33, 30))
[RUN] f=220000 date=S0D12 18:10 $160 phase=PLAN_DAY date=0:12 completed=10/40
[CROP] Refill densify hop (25, 30) → (28, 30) (ultimate=(33, 30))
[CROP] Refill densify hop (25, 30) → (28, 30) (ultimate=(33, 30))
[CROP] Refill densify hop (25, 30) → (28, 30) (ultimate=(33, 30))
[CROP] Refill densify hop (25, 30) → (28, 30) (ultimate=(33, 30))
[CROP] Refill densify hop (25, 30) → (28, 30) (ultimate=(33, 30))
[CROP] Refill densify hop (25, 30) → (28, 30) (ultimate=(33, 30))
[CROP] Refill densify hop (25, 30) → (28, 30) (ultimate=(33, 30))
[CROP] Refill densify hop (25, 30) → (28, 30) (ultimate=(33, 30))
[CROP] Refill densify hop (25, 30) → (28, 30) (ultimate=(33, 30))
[CROP] Refill densify hop (25, 30) → (28, 30) (ultimate=(33, 30))
[CROP] Refill densify hop (25, 30) → (28, 30) (ultimate=(33, 30))
[RUN] f=222000 date=S0D12 18:14 $160 phase=PLAN_DAY date=0:12 completed=10/40
[CROP] Refill densify hop (25, 30) → (28, 30) (ultimate=(33, 30))
[CROP] Refill densify hop (25, 30) → (28, 30) (ultimate=(33, 30))
[CROP] Refill densify hop (25, 30) → (28, 30) (ultimate=(33, 30))
[CROP] Refill densify hop (25, 30) → (28, 30) (ultimate=(33, 30))
[CROP] Refill densify hop (25, 30) → (28, 30) (ultimate=(33, 30))
[CROP] Refill densify hop (25, 30) → (28, 30) (ultimate=(33, 30))
[CROP] Refill timed out at (25, 30) stand=(33, 30) best_dist=8
[CROP] SKIP water tile 3/4 (timeout) target=(13, 28)
[CROP] Empty can (level=0), need refill before watering
[CROP] Refill at (33,30) facing down water=0xF0 source=main_pond_corridor dist=24 band=0 can=0 multihop=True
[CROP] Refill densify hop (14, 25) → (15, 29) (ultimate=(33, 30))
[CROP] Refill densify hop (15, 29) → (18, 30) (ultimate=(33, 30))
[CROP] Refill densify hop (18, 30) → (20, 30) (ultimate=(33, 30))
[CROP] Refill densify hop (20, 30) → (22, 30) (ultimate=(33, 30))
[CROP] Refill densify hop (22, 30) → (24, 30) (ultimate=(33, 30))
[CROP] Refill densify hop (24, 30) → (28, 30) (ultimate=(33, 30))
[CROP] Refill densify hop (25, 30) → (28, 30) (ultimate=(33, 30))
[CROP] Refill densify hop (25, 30) → (28, 30) (ultimate=(33, 30))
[RUN] f=224000 date=S0D12 18:02 $160 phase=PLAN_DAY date=0:12 completed=10/40
[CROP] Refill densify hop (25, 30) → (28, 30) (ultimate=(33, 30))
[CROP] Refill densify hop (25, 30) → (28, 30) (ultimate=(33, 30))
[CROP] Refill densify hop (25, 30) → (28, 30) (ultimate=(33, 30))
[CROP] Refill densify hop (25, 30) → (28, 30) (ultimate=(33, 30))
[CROP] Refill densify hop (25, 30) → (28, 30) (ultimate=(33, 30))
[CROP] Refill densify hop (25, 30) → (28, 30) (ultimate=(33, 30))
[CROP] Refill densify hop (25, 30) → (28, 30) (ultimate=(33, 30))
[CROP] Refill densify hop (25, 30) → (28, 30) (ultimate=(33, 30))
[CROP] Refill densify hop (25, 30) → (28, 30) (ultimate=(33, 30))
[CROP] Refill densify hop (25, 30) → (28, 30) (ultimate=(33, 30))
[CROP] Refill densify hop (25, 30) → (28, 30) (ultimate=(33, 30))
[RUN] f=226000 date=S0D12 18:05 $160 phase=PLAN_DAY date=0:12 completed=10/40
[CROP] Refill densify hop (25, 30) → (28, 30) (ultimate=(33, 30))
[CROP] Refill densify hop (25, 30) → (28, 30) (ultimate=(33, 30))
[CROP] Refill densify hop (25, 30) → (28, 30) (ultimate=(33, 30))
[CROP] Refill densify hop (25, 30) → (28, 30) (ultimate=(33, 30))
[CROP] Refill densify hop (25, 30) → (28, 30) (ultimate=(33, 30))
[CROP] Refill densify hop (25, 30) → (28, 30) (ultimate=(33, 30))
[CROP] Refill timed out at (25, 30) stand=(33, 30) best_dist=8
[CROP] SKIP water tile 4/4 (timeout) target=(14, 26)
[CROP] Plot 1/1 WATER DONE: 0/4 watered (used 0 water, can=0)
[CROP]   3x3 tiles: [0x5D 0x5C 0xA1] [0x5D 0x02 0xA1] [0x5C 0x5C 0x5C]
[CROP] WARNING: Plot 1 incomplete (4 skipped)
[CROP] Pass 2 complete (16 skipped), starting pass 3...
[CROP] Detected 1 plots: [(14, 27)] mode=water (pass 3)
[CROP] Plot 1/1 center=(14,27) phase=WATER can=0 mode=dry-only steps=4
[CROP] Empty can (level=0), need refill before watering
[CROP] Refill at (33,30) facing down water=0xF0 source=main_pond_corridor dist=19 band=0 can=0 multihop=True
[CROP] Refill densify hop (15, 29) → (18, 30) (ultimate=(33, 30))
[CROP] Refill densify hop (18, 30) → (20, 30) (ultimate=(33, 30))
[CROP] Refill densify hop (20, 30) → (22, 30) (ultimate=(33, 30))
[CROP] Refill densify hop (22, 30) → (24, 30) (ultimate=(33, 30))
[CROP] Refill densify hop (24, 30) → (28, 30) (ultimate=(33, 30))
[CROP] Refill densify hop (25, 30) → (28, 30) (ultimate=(33, 30))
[CROP] Refill densify hop (25, 30) → (28, 30) (ultimate=(33, 30))
[CROP] Refill densify hop (25, 30) → (28, 30) (ultimate=(33, 30))
[RUN] f=228000 date=S0D12 18:09 $160 phase=PLAN_DAY date=0:12 completed=10/40
[CROP] Refill densify hop (25, 30) → (28, 30) (ultimate=(33, 30))
[CROP] Refill densify hop (25, 30) → (28, 30) (ultimate=(33, 30))
[CROP] Refill densify hop (25, 30) → (28, 30) (ultimate=(33, 30))
[CROP] Refill densify hop (25, 30) → (28, 30) (ultimate=(33, 30))
[CROP] Refill densify hop (25, 30) → (28, 30) (ultimate=(33, 30))
[CROP] Refill densify hop (25, 30) → (28, 30) (ultimate=(33, 30))
[CROP] Refill densify hop (25, 30) → (28, 30) (ultimate=(33, 30))
[CROP] Refill densify hop (25, 30) → (28, 30) (ultimate=(33, 30))
[CROP] Refill densify hop (25, 30) → (28, 30) (ultimate=(33, 30))
[CROP] Refill densify hop (25, 30) → (28, 30) (ultimate=(33, 30))
[CROP] Refill densify hop (25, 30) → (28, 30) (ultimate=(33, 30))
[RUN] f=230000 date=S0D12 18:12 $160 phase=PLAN_DAY date=0:12 completed=10/40
[CROP] Refill densify hop (25, 30) → (28, 30) (ultimate=(33, 30))
[CROP] Refill densify hop (25, 30) → (28, 30) (ultimate=(33, 30))
[CROP] Refill densify hop (25, 30) → (28, 30) (ultimate=(33, 30))
[CROP] Refill densify hop (25, 30) → (28, 30) (ultimate=(33, 30))
[CROP] Refill densify hop (25, 30) → (28, 30) (ultimate=(33, 30))
[CROP] Refill timed out at (25, 30) stand=(33, 30) best_dist=8
[CROP] SKIP water tile 1/4 (timeout) target=(15, 28)
[CROP] Empty can (level=0), need refill before watering
[CROP] Refill at (33,30) facing down water=0xF0 source=main_pond_corridor dist=20 band=0 can=0 multihop=True
[CROP] Refill densify hop (14, 29) → (15, 29) (ultimate=(33, 30))
[CROP] Refill densify hop (15, 29) → (18, 30) (ultimate=(33, 30))
[CROP] Refill densify hop (18, 30) → (20, 30) (ultimate=(33, 30))
[CROP] Refill densify hop (20, 30) → (22, 30) (ultimate=(33, 30))
[CROP] Refill densify hop (22, 30) → (24, 30) (ultimate=(33, 30))
[CROP] Refill densify hop (24, 30) → (28, 30) (ultimate=(33, 30))
[CROP] Refill densify hop (25, 30) → (28, 30) (ultimate=(33, 30))
[CROP] Refill densify hop (25, 30) → (28, 30) (ultimate=(33, 30))
[CROP] Refill densify hop (25, 30) → (28, 30) (ultimate=(33, 30))
[CROP] Refill densify hop (25, 30) → (28, 30) (ultimate=(33, 30))
[RUN] f=232000 date=S0D12 18:00 $160 phase=PLAN_DAY date=0:12 completed=10/40
[CROP] Refill densify hop (25, 30) → (28, 30) (ultimate=(33, 30))
[CROP] Refill densify hop (25, 30) → (28, 30) (ultimate=(33, 30))
[CROP] Refill densify hop (25, 30) → (28, 30) (ultimate=(33, 30))
[CROP] Refill densify hop (25, 30) → (28, 30) (ultimate=(33, 30))
[CROP] Refill densify hop (25, 30) → (28, 30) (ultimate=(33, 30))
[CROP] Refill densify hop (25, 30) → (28, 30) (ultimate=(33, 30))
[CROP] Refill densify hop (25, 30) → (28, 30) (ultimate=(33, 30))
[CROP] Refill densify hop (25, 30) → (28, 30) (ultimate=(33, 30))
[CROP] Refill densify hop (25, 30) → (28, 30) (ultimate=(33, 30))
[CROP] Refill densify hop (25, 30) → (28, 30) (ultimate=(33, 30))
[CROP] Refill densify hop (25, 30) → (28, 30) (ultimate=(33, 30))
[RUN] f=234000 date=S0D12 18:04 $160 phase=PLAN_DAY date=0:12 completed=10/40
[CROP] Refill densify hop (25, 30) → (28, 30) (ultimate=(33, 30))
[CROP] Refill densify hop (25, 30) → (28, 30) (ultimate=(33, 30))
[CROP] Refill densify hop (25, 30) → (28, 30) (ultimate=(33, 30))
[CROP] Refill densify hop (25, 30) → (28, 30) (ultimate=(33, 30))
[CROP] Refill timed out at (25, 30) stand=(33, 30) best_dist=8
[CROP] SKIP water tile 2/4 (timeout) target=(14, 28)
[CROP] Empty can (level=0), need refill before watering
[CROP] Refill at (33,30) facing down water=0xF0 source=main_pond_corridor dist=21 band=0 can=0 multihop=True
[CROP] Refill densify hop (13, 29) → (15, 29) (ultimate=(33, 30))
[CROP] Refill densify hop (15, 29) → (18, 30) (ultimate=(33, 30))
[CROP] Refill densify hop (18, 30) → (20, 30) (ultimate=(33, 30))
[CROP] Refill densify hop (20, 30) → (22, 30) (ultimate=(33, 30))
[CROP] Refill densify hop (22, 30) → (24, 30) (ultimate=(33, 30))
[CROP] Refill densify hop (24, 30) → (28, 30) (ultimate=(33, 30))
[CROP] Refill densify hop (25, 30) → (28, 30) (ultimate=(33, 30))
[CROP] Refill densify hop (25, 30) → (28, 30) (ultimate=(33, 30))
[CROP] Refill densify hop (25, 30) → (28, 30) (ultimate=(33, 30))
[CROP] Refill densify hop (25, 30) → (28, 30) (ultimate=(33, 30))
[CROP] Refill densify hop (25, 30) → (28, 30) (ultimate=(33, 30))
[RUN] f=236000 date=S0D12 18:07 $160 phase=PLAN_DAY date=0:12 completed=10/40
[CROP] Refill densify hop (25, 30) → (28, 30) (ultimate=(33, 30))
[CROP] Refill densify hop (25, 30) → (28, 30) (ultimate=(33, 30))
[CROP] Refill densify hop (25, 30) → (28, 30) (ultimate=(33, 30))
[CROP] Refill densify hop (25, 30) → (28, 30) (ultimate=(33, 30))
[CROP] Refill densify hop (25, 30) → (28, 30) (ultimate=(33, 30))
[CROP] Refill densify hop (25, 30) → (28, 30) (ultimate=(33, 30))
[CROP] Refill densify hop (25, 30) → (28, 30) (ultimate=(33, 30))
[CROP] Refill densify hop (25, 30) → (28, 30) (ultimate=(33, 30))
[CROP] Refill densify hop (25, 30) → (28, 30) (ultimate=(33, 30))
[CROP] Refill densify hop (25, 30) → (28, 30) (ultimate=(33, 30))
[CROP] Refill densify hop (25, 30) → (28, 30) (ultimate=(33, 30))
[RUN] f=238000 date=S0D12 18:10 $160 phase=PLAN_DAY date=0:12 completed=10/40
[CROP] Refill densify hop (25, 30) → (28, 30) (ultimate=(33, 30))
[CROP] Refill densify hop (25, 30) → (28, 30) (ultimate=(33, 30))
[CROP] Refill densify hop (25, 30) → (28, 30) (ultimate=(33, 30))
[CROP] Refill timed out at (25, 30) stand=(33, 30) best_dist=8
[CROP] SKIP water tile 3/4 (timeout) target=(13, 28)
[CROP] Empty can (level=0), need refill before watering
[CROP] Refill at (33,30) facing down water=0xF0 source=main_pond_corridor dist=24 band=0 can=0 multihop=True
[CROP] Refill densify hop (14, 25) → (15, 29) (ultimate=(33, 30))
[CROP] Refill densify hop (15, 29) → (18, 30) (ultimate=(33, 30))
[CROP] Refill densify hop (18, 30) → (20, 30) (ultimate=(33, 30))
[CROP] Refill densify hop (20, 30) → (22, 30) (ultimate=(33, 30))
[CROP] Refill densify hop (22, 30) → (24, 30) (ultimate=(33, 30))
[CROP] Refill densify hop (24, 30) → (28, 30) (ultimate=(33, 30))
[CROP] Refill densify hop (25, 30) → (28, 30) (ultimate=(33, 30))
[CROP] Refill densify hop (25, 30) → (28, 30) (ultimate=(33, 30))
[CROP] Refill densify hop (25, 30) → (28, 30) (ultimate=(33, 30))
[CROP] Refill densify hop (25, 30) → (28, 30) (ultimate=(33, 30))
[CROP] Refill densify hop (25, 30) → (28, 30) (ultimate=(33, 30))
[CROP] Refill densify hop (25, 30) → (28, 30) (ultimate=(33, 30))
[RUN] f=240000 date=S0D12 18:14 $160 phase=PLAN_DAY date=0:12 completed=10/40
[CROP] Refill densify hop (25, 30) → (28, 30) (ultimate=(33, 30))
[CROP] Refill densify hop (25, 30) → (28, 30) (ultimate=(33, 30))
[CROP] Refill densify hop (25, 30) → (28, 30) (ultimate=(33, 30))
[CROP] Refill densify hop (25, 30) → (28, 30) (ultimate=(33, 30))
[CROP] Refill densify hop (25, 30) → (28, 30) (ultimate=(33, 30))
[CROP] Refill densify hop (25, 30) → (28, 30) (ultimate=(33, 30))
[CROP] Refill densify hop (25, 30) → (28, 30) (ultimate=(33, 30))
[CROP] Refill densify hop (25, 30) → (28, 30) (ultimate=(33, 30))
[CROP] Refill densify hop (25, 30) → (28, 30) (ultimate=(33, 30))
[CROP] Refill densify hop (25, 30) → (28, 30) (ultimate=(33, 30))
[CROP] Refill densify hop (25, 30) → (28, 30) (ultimate=(33, 30))
[RUN] f=242000 date=S0D12 18:02 $160 phase=PLAN_DAY date=0:12 completed=10/40
[CROP] Refill densify hop (25, 30) → (28, 30) (ultimate=(33, 30))
[CROP] Refill densify hop (25, 30) → (28, 30) (ultimate=(33, 30))
[CROP] Refill timed out at (25, 30) stand=(33, 30) best_dist=8
[CROP] SKIP water tile 4/4 (timeout) target=(14, 26)
[CROP] Plot 1/1 WATER DONE: 0/4 watered (used 0 water, can=0)
[CROP]   3x3 tiles: [0x5D 0x5C 0xA1] [0x5D 0x02 0xA1] [0x5C 0x5C 0x5C]
[CROP] WARNING: Plot 1 incomplete (4 skipped)
[CROP] Complete (success): planted=0 watered=2 skipped=24 passes=3
[DAY_PLAN] CROP_WATER -> planted=0 watered=2 skipped=24 passes=3
[DAY_PLAN] Starting phase 8/8: CLEAR_FIELD (clear_field)
[CLEARER] Tool inventory: 0x02, 0x10
[CLEARER] Startup missing tools: 0x03, 0x04; continuing with lift-only weeds/stones
[CLEARER] Startup complete
[CLEARER] Phase: WEED
[CLEARER] Target: WEED at (34, 23) (SICKLE)
[CLEARER] Debug @ 300f pos=Point(x=457, y=534) tool=0x02 stamina=96 state=navigating targets=836 cleared=0 failed=0
[NAV] Stuck at (28, 33), trying alternate path
[NAV] Stuck at (28, 34), trying alternate path
[CLEARER] Debug @ 600f pos=Point(x=457, y=566) tool=0x02 stamina=96 state=navigating targets=836 cleared=0 failed=0
[NAV] Stuck at (28, 35), trying alternate path
[NAV] Stuck at (39, 33), trying alternate path
[CLEARER] Debug @ 900f pos=Point(x=633, y=532) tool=0x02 stamina=96 state=navigating targets=836 cleared=0 failed=0
[NAV] Stuck at (39, 32), trying alternate path
[CLEARER] Lifting WEED
[CLEARER] Debug @ 1200f pos=Point(x=537, y=377) tool=0x02 stamina=96 state=clearing targets=835 cleared=0 failed=0
[CLEARER] Target: WEED at (35, 22) (SICKLE)
[CLEARER] Target: WEED at (35, 22) (SICKLE)
[CLEARER] Lifting WEED
[CLEARER] Target: WEED at (35, 21) (SICKLE)
[CLEARER] Adjacent WEED at (36, 22) -> clear now
[CLEARER] Lifting WEED
[CLEARER] Adjacent WEED at (35, 21) -> clear now
[CLEARER] Adjacent WEED at (35, 21) -> clear now
[CLEARER] Lifting WEED
[RUN] f=244000 date=S0D12 18:05 $160 phase=PLAN_DAY date=0:12 completed=10/40
[CLEARER] Debug @ 1500f pos=Point(x=569, y=358) tool=0x02 stamina=96 state=clearing targets=832 cleared=3 failed=0
[CLEARER] Target: WEED at (36, 20) (SICKLE)
[CLEARER] Target: WEED at (36, 20) (SICKLE)
[CLEARER] Lifting WEED
[CLEARER] Adjacent WEED at (37, 21) -> clear now
[CLEARER] Adjacent WEED at (37, 21) -> clear now
[CLEARER] Lifting WEED
[CLEARER] Target: WEED at (37, 24) (SICKLE)
[CLEARER] Adjacent WEED at (37, 24) -> clear now
[CLEARER] Lifting WEED
[CLEARER] Debug @ 1800f pos=Point(x=599, y=377) tool=0x02 stamina=96 state=clearing targets=829 cleared=6 failed=0
[CLEARER] Target: WEED at (38, 24) (SICKLE)
[CLEARER] Adjacent WEED at (38, 24) -> clear now
[CLEARER] Lifting WEED
[CLEARER] Adjacent WEED at (37, 25) -> clear now
[CLEARER] Adjacent WEED at (37, 25) -> clear now
[CLEARER] Lifting WEED
[CLEARER] Target: WEED at (38, 25) (SICKLE)
[CLEARER] Adjacent WEED at (38, 25) -> clear now
[CLEARER] Lifting WEED
[CLEARER] Adjacent WEED at (36, 25) -> clear now
[CLEARER] Adjacent WEED at (36, 25) -> clear now
[CLEARER] Lifting WEED
[CLEARER] Debug @ 2100f pos=Point(x=598, y=409) tool=0x02 stamina=96 state=clearing targets=826 cleared=10 failed=0
[CLEARER] Adjacent WEED at (37, 26) -> clear now
[CLEARER] Adjacent WEED at (37, 26) -> clear now
[CLEARER] Lifting WEED
[CLEARER] Target: WEED at (38, 26) (SICKLE)
[CLEARER] Adjacent WEED at (38, 26) -> clear now
[CLEARER] Lifting WEED
[CLEARER] Target: WEED at (39, 25) (SICKLE)
[CLEARER] Target: WEED at (39, 25) (SICKLE)
[CLEARER] Lifting WEED
[CLEARER] Debug @ 2400f pos=Point(x=617, y=409) tool=0x02 stamina=96 state=clearing targets=822 cleared=13 failed=0
[CLEARER] Target: WEED at (44, 24) (SICKLE)
[CLEARER] Target: WEED at (44, 24) (SICKLE)
[CLEARER] Lifting WEED
[CLEARER] Target: WEED at (46, 21) (SICKLE)
[CLEARER] Target: WEED at (46, 21) (SICKLE)
[CLEARER] Lifting WEED
[CLEARER] Debug @ 2700f pos=Point(x=743, y=358) tool=0x02 stamina=96 state=clearing targets=820 cleared=15 failed=0
[CLEARER] Adjacent STONE at (47, 22) -> clear now
[CLEARER] Adjacent STONE at (47, 22) -> clear now
[CLEARER] Lifting STONE
[CLEARER] Target: WEED at (51, 24) (SICKLE)
[CLEARER] Adjacent WEED at (51, 24) -> clear now
[CLEARER] Lifting WEED
[CLEARER] Lift did not clear (51, 24)
[CLEARER] Adjacent WEED at (50, 25) -> clear now
[CLEARER] Lifting WEED
[CLEARER] Lift did not clear (50, 25)
[CLEARER] Adjacent STONE at (50, 23) -> clear now
[CLEARER] Lifting STONE
[CLEARER] Debug @ 3000f pos=Point(x=809, y=390) tool=0x02 stamina=96 state=clearing targets=819 cleared=17 failed=2
[CLEARER] Lift did not clear (50, 23)
[CLEARER] Target: WEED at (52, 24) (SICKLE)
[NAV] Stuck at (50, 24), trying alternate path
[CLEARER] Target: WEED at (54, 27) (SICKLE)
[CLEARER] Debug @ 3300f pos=Point(x=825, y=470) tool=0x02 stamina=96 state=navigating targets=819 cleared=17 failed=4
[NAV] Stuck at (51, 29), trying alternate path
[NAV] Stuck at (52, 31), trying alternate path
[RUN] f=246000 date=S0D12 18:09 $160 phase=PLAN_DAY date=0:12 completed=10/40
[CLEAR] Dropping held item before done (1/6 held=0x0D)
[DAY_PLAN] CLEAR_FIELD -> clear_budget cleared=17 remaining=740 lift_only
[MULTI_DAY] Start return_home date=0:12
[RETURN_HOME] House approach from (854,527) → (136,424) wps=5 deep_south=False south_of_fence=True
[MULTI_NAV] Start: 5 waypoints, tilemap=0x00
[RUN] f=248000 date=S0D12 18:12 $160 phase=RETURN_HOME date=0:12 completed=10/40
[RUN] f=250000 date=S0D12 18:00 $160 phase=RETURN_HOME date=0:12 completed=10/40
{
  "state": null,
  "power_on": {
    "completed": true,
    "frames": 5756,
    "phase": "POWER_ON_SETTLE",
    "reason": "Spring day 1 controllable after power-on",
    "date": {
      "year": 0,
      "season": 0,
      "day": 1,
      "weekday": 1,
      "hour": 7,
      "minute": 0
    },
    "scene": {
      "mode": "normal_map",
      "location": "town",
      "variant": "",
      "tilemap": 4,
      "tilemap_hex": "0x04",
      "tilemap_name": "town",
      "player": {
        "pixel": [
          712,
          424
        ],
        "tile": [
          44,
          26
        ]
      },
      "input_lock": 1,
      "reason": "",
      "event_code": 0,
      "dialogue": {
        "text_id": 243,
        "text_id_hex": "0x00F3",
        "text_mode": 2,
        "menu_cursor": 0
      },
      "ending": {
        "scene_index": 0,
        "aux_scene_index": 0
      }
    },
    "player_name": "AAAA",
    "initial_state_loads": 0,
    "ram_writes": 0
  },
  "d1_handoff": {
    "mask": 0,
    "mask_hex": "0x00",
    "mask_complete": false,
    "day": 2,
    "season": 0,
    "hour": 6,
    "tilemap": 0,
    "x": 424,
    "y": 488,
    "tool_selected": 16,
    "tool_backpack": 12,
    "has_watering_can": true,
    "has_grass_seeds": true,
    "grass_seeds_stock": 1,
    "house_size": 2,
    "house_size_at_start": 0,
    "require_starter_tools": true,
    "frames": 20074,
    "phase": "done",
    "status": "success"
  },
  "d1_handoff_frames": 20073,
  "boot_frames": 5755,
  "planner_frames": 225479,
  "day_plan": "d1_handoff+end_of_spring",
  "days": null,
  "until_day": null,
  "until_season": null,
  "end_of_spring": true,
  "frames": 251307,
  "wall_seconds": 758.2,
  "start": {
    "season": 0,
    "day": 1,
    "hour": 7,
    "minute": 0,
    "tilemap": 4,
    "money": 300,
    "stamina": 100
  },
  "end": {
    "season": 0,
    "day": 12,
    "hour": 18,
    "minute": 7,
    "tilemap": 0,
    "money": 160,
    "stamina": 96
  },
  "scene": "normal_map@farm/farm tilemap=0x00 pos=(774,521)",
  "morning_ready": true,
  "days_completed": 10,
  "day_failures": [
    {
      "season": 0,
      "day": 4,
      "phase": "plan_day",
      "status": "failure",
      "reason": "required phase CROP_ESTABLISH failed after recovery: establish fail: planted=0 with seed stock passes=1",
      "step": 27640
    },
    {
      "season": 0,
      "day": 5,
      "phase": "plan_day",
      "status": "failure",
      "reason": "required phase CROP_ESTABLISH failed after recovery: establish fail: planted=0 with seed stock passes=1",
      "step": 34174
    },
    {
      "season": 0,
      "day": 6,
      "phase": "plan_day",
      "status": "failure",
      "reason": "required phase CROP_ESTABLISH failed after recovery: establish fail: planted=0 with seed stock passes=2",
      "step": 40773
    },
    {
      "season": 0,
      "day": 7,
      "phase": "plan_day",
      "status": "failure",
      "reason": "required phase CROP_WATER failed after recovery: too many nav failures",
      "step": 77150
    }
  ],
  "day_journal": [
    {
      "plan_season": 0,
      "plan_day": 2,
      "end_season": 0,
      "end_day": 3,
      "overnights_completed": 1,
      "sleep_reason": "day advanced; morning house ready",
      "money": 300,
      "shipping_money": 0,
      "shipped_count": 0,
      "harvested_count": 0,
      "establish_planted": 0,
      "planned_phases": [
        "BUY_SEEDS_WINDOW",
        "NAV_FARM_EXIT",
        "BUY_SEEDS",
        "CLEAR_FIELD"
      ],
      "phase_results": [
        {
          "phase": "BUY_SEEDS_WINDOW",
          "kind": "deadline",
          "status": "success",
          "reason": "before cutoff at 06:08",
          "step": 1
        },
        {
          "phase": "CLEAR_FIELD",
          "kind": "clear_field",
          "status": "success",
          "reason": "clear_budget cleared=15 remaining=765 lift_only",
          "step": 7035
        }
      ],
      "deferred": [
        {
          "phase": "NAV_FARM_EXIT",
          "reason": "farm_exit timeout",
          "retry": "tomorrow"
        },
        {
          "phase": "BUY_SEEDS",
          "reason": "farm_exit timeout",
          "retry": "tomorrow"
        }
      ],
      "step": 10300
    },
    {
      "plan_season": 0,
      "plan_day": 3,
      "end_season": 0,
      "end_day": 4,
      "overnights_completed": 2,
      "sleep_reason": "day advanced; morning house ready",
      "money": 100,
      "shipping_money": 0,
      "shipped_count": 0,
      "harvested_count": 0,
      "establish_planted": 0,
      "planned_phases": [
        "EXIT_TO_FARM",
        "DYNAMIC_OUTDOOR_PLAN"
      ],
      "phase_results": [
        {
          "phase": "EXIT_TO_FARM",
          "kind": "farm_building_exit",
          "status": "success",
          "reason": "tilemap=0x00",
          "step": 482
        },
        {
          "phase": "BUY_SEEDS_WINDOW",
          "kind": "deadline",
          "status": "success",
          "reason": "before cutoff at 06:00",
          "step": 484
        },
        {
          "phase": "NAV_FARM_EXIT",
          "kind": "farm_exit",
          "status": "success",
          "reason": "arrived",
          "step": 614
        },
        {
          "phase": "BUY_SEEDS",
          "kind": "cross_map",
          "status": "success",
          "reason": "returned to origin map",
          "step": 3047
        },
        {
          "phase": "CLEAR_FIELD",
          "kind": "clear_field",
          "status": "success",
          "reason": "clear_budget cleared=3 remaining=762 lift_only",
          "step": 6848
        }
      ],
      "deferred": [],
      "step": 18621
    },
    {
      "plan_season": 0,
      "plan_day": 4,
      "end_season": 0,
      "end_day": 5,
      "overnights_completed": 3,
      "sleep_reason": "day advanced; morning house ready",
      "money": 100,
      "shipping_money": 0,
      "shipped_count": 0,
      "harvested_count": 0,
      "establish_planted": 0,
      "planned_phases": [
        "EXIT_TO_FARM",
        "DYNAMIC_OUTDOOR_PLAN"
      ],
      "phase_results": [
        {
          "phase": "EXIT_TO_FARM",
          "kind": "farm_building_exit",
          "status": "success",
          "reason": "tilemap=0x00",
          "step": 483
        },
        {
          "phase": "CLEAR_FIELD",
          "kind": "clear_field",
          "status": "success",
          "reason": "clear_budget cleared=3 remaining=766 lift_only",
          "step": 4285
        },
        {
          "phase": "ENSURE_CROP_SEEDS",
          "kind": "ensure_seed",
          "status": "skipped",
          "reason": "ensure_hoe failed: route failed: multi_nav timeout",
          "step": 8286
        },
        {
          "phase": "NAV_CROP",
          "kind": "nav",
          "status": "success",
          "reason": "arrived",
          "step": 8655
        }
      ],
      "deferred": [
        {
          "phase": "ENSURE_CROP_SEEDS",
          "reason": "ensure_hoe failed: route failed: multi_nav timeout",
          "retry": "tomorrow"
        }
      ],
      "step": 28613
    },
    {
      "plan_season": 0,
      "plan_day": 5,
      "end_season": 0,
      "end_day": 6,
      "overnights_completed": 4,
      "sleep_reason": "day advanced; morning house ready",
      "money": 110,
      "shipping_money": 0,
      "shipped_count": 0,
      "harvested_count": 0,
      "establish_planted": 0,
      "planned_phases": [
        "EXIT_TO_FARM",
        "DYNAMIC_OUTDOOR_PLAN"
      ],
      "phase_results": [
        {
          "phase": "EXIT_TO_FARM",
          "kind": "farm_building_exit",
          "status": "success",
          "reason": "tilemap=0x00",
          "step": 483
        },
        {
          "phase": "CLEAR_FIELD",
          "kind": "clear_field",
          "status": "success",
          "reason": "clear_budget cleared=0 remaining=767 lift_only",
          "step": 3985
        },
        {
          "phase": "ENSURE_CROP_SEEDS",
          "kind": "ensure_seed",
          "status": "skipped",
          "reason": "swap_preserve_hoe failed: carry slot swap timeout",
          "step": 4863
        },
        {
          "phase": "NAV_CROP",
          "kind": "nav",
          "status": "success",
          "reason": "arrived",
          "step": 4938
        }
      ],
      "deferred": [
        {
          "phase": "ENSURE_CROP_SEEDS",
          "reason": "swap_preserve_hoe failed: carry slot swap timeout",
          "retry": "tomorrow"
        }
      ],
      "step": 35183
    },
    {
      "plan_season": 0,
      "plan_day": 6,
      "end_season": 0,
      "end_day": 7,
      "overnights_completed": 5,
      "sleep_reason": "day advanced; morning house ready",
      "money": 110,
      "shipping_money": 0,
      "shipped_count": 0,
      "harvested_count": 0,
      "establish_planted": 0,
      "planned_phases": [
        "EXIT_TO_FARM",
        "DYNAMIC_OUTDOOR_PLAN"
      ],
      "phase_results": [
        {
          "phase": "EXIT_TO_FARM",
          "kind": "farm_building_exit",
          "status": "success",
          "reason": "tilemap=0x00",
          "step": 467
        },
        {
          "phase": "CLEAR_FIELD",
          "kind": "clear_field",
          "status": "success",
          "reason": "clear_budget cleared=0 remaining=768 lift_only",
          "step": 3969
        },
        {
          "phase": "ENSURE_CROP_SEEDS",
          "kind": "ensure_seed",
          "status": "success",
          "reason": "seed tool 0x07 ready",
          "step": 5359
        },
        {
          "phase": "NAV_CROP",
          "kind": "nav",
          "status": "success",
          "reason": "arrived",
          "step": 5482
        }
      ],
      "deferred": [
        {
          "phase": "CROP_WATER",
          "kind": "crop",
          "reason": "rainy_day_seed_planting",
          "retry": "tomorrow",
          "params": {
            "work_mode": "water",
            "refill_bounds": [
              3,
              10,
              62,
              60
            ]
          }
        }
      ],
      "step": 41730
    },
    {
      "plan_season": 0,
      "plan_day": 7,
      "end_season": 0,
      "end_day": 8,
      "overnights_completed": 6,
      "sleep_reason": "day advanced; morning house ready",
      "money": 160,
      "shipping_money": 0,
      "shipped_count": 0,
      "harvested_count": 0,
      "establish_planted": 1,
      "planned_phases": [
        "EXIT_TO_FARM",
        "DYNAMIC_OUTDOOR_PLAN"
      ],
      "phase_results": [
        {
          "phase": "EXIT_TO_FARM",
          "kind": "farm_building_exit",
          "status": "success",
          "reason": "tilemap=0x00",
          "step": 504
        },
        {
          "phase": "CLEAR_FIELD",
          "kind": "clear_field",
          "status": "success",
          "reason": "clear_budget cleared=0 remaining=768 lift_only",
          "step": 4006
        },
        {
          "phase": "ENSURE_CROP_SEEDS",
          "kind": "ensure_seed",
          "status": "success",
          "reason": "seed tool 0x07 ready",
          "step": 4007
        },
        {
          "phase": "NAV_CROP",
          "kind": "nav",
          "status": "success",
          "reason": "arrived",
          "step": 4122
        },
        {
          "phase": "CROP_ESTABLISH",
          "kind": "crop",
          "status": "success",
          "reason": "planted=1 watered=0 passes=1",
          "step": 4921
        },
        {
          "phase": "ENSURE_WATERING_CAN",
          "kind": "ensure_tool",
          "status": "success",
          "reason": "tool 0x10 ready",
          "step": 5812
        },
        {
          "phase": "NAV_CROP",
          "kind": "nav",
          "status": "success",
          "reason": "arrived",
          "step": 6098
        }
      ],
      "deferred": [],
      "step": 78207
    },
    {
      "plan_season": 0,
      "plan_day": 8,
      "end_season": 0,
      "end_day": 9,
      "overnights_completed": 7,
      "sleep_reason": "day advanced; morning house ready",
      "money": 160,
      "shipping_money": 0,
      "shipped_count": 0,
      "harvested_count": 0,
      "establish_planted": 0,
      "planned_phases": [
        "EXIT_TO_FARM",
        "DYNAMIC_OUTDOOR_PLAN"
      ],
      "phase_results": [
        {
          "phase": "EXIT_TO_FARM",
          "kind": "farm_building_exit",
          "status": "success",
          "reason": "tilemap=0x00",
          "step": 482
        },
        {
          "phase": "BUY_SEEDS_WINDOW",
          "kind": "deadline",
          "status": "success",
          "reason": "before cutoff at 06:00",
          "step": 484
        },
        {
          "phase": "NAV_FARM_EXIT",
          "kind": "farm_exit",
          "status": "success",
          "reason": "arrived",
          "step": 621
        },
        {
          "phase": "BUY_SEEDS",
          "kind": "cross_map",
          "status": "success",
          "reason": "returned to origin map",
          "step": 2940
        },
        {
          "phase": "CLEAR_FIELD",
          "kind": "clear_field",
          "status": "success",
          "reason": "clear_budget cleared=17 remaining=759 lift_only",
          "step": 6741
        }
      ],
      "deferred": [],
      "step": 86775
    },
    {
      "plan_season": 0,
      "plan_day": 9,
      "end_season": 0,
      "end_day": 10,
      "overnights_completed": 8,
      "sleep_reason": "day advanced; morning house ready",
      "money": 160,
      "shipping_money": 0,
      "shipped_count": 0,
      "harvested_count": 0,
      "establish_planted": 0,
      "planned_phases": [
        "EXIT_TO_FARM",
        "DYNAMIC_OUTDOOR_PLAN"
      ],
      "phase_results": [
        {
          "phase": "EXIT_TO_FARM",
          "kind": "farm_building_exit",
          "status": "success",
          "reason": "tilemap=0x00",
          "step": 504
        },
        {
          "phase": "BUY_SEEDS_WINDOW",
          "kind": "deadline",
          "status": "success",
          "reason": "before cutoff at 06:00",
          "step": 506
        },
        {
          "phase": "NAV_FARM_EXIT",
          "kind": "farm_exit",
          "status": "success",
          "reason": "arrived",
          "step": 654
        },
        {
          "phase": "BUY_SEEDS",
          "kind": "cross_map",
          "status": "success",
          "reason": "returned to origin map",
          "step": 3005
        },
        {
          "phase": "ENSURE_WATERING_CAN",
          "kind": "ensure_tool",
          "status": "success",
          "reason": "tool 0x10 ready",
          "step": 3006
        },
        {
          "phase": "NAV_CROP",
          "kind": "nav",
          "status": "success",
          "reason": "arrived",
          "step": 3242
        },
        {
          "phase": "CROP_WATER",
          "kind": "crop",
          "status": "success",
          "reason": "planted=0 watered=6 refills=1 passes=1",
          "step": 10152
        },
        {
          "phase": "CLEAR_FIELD",
          "kind": "clear_field",
          "status": "success",
          "reason": "clear_budget cleared=1 remaining=758 lift_only",
          "step": 13653
        }
      ],
      "deferred": [],
      "step": 102831
    },
    {
      "plan_season": 0,
      "plan_day": 10,
      "end_season": 0,
      "end_day": 11,
      "overnights_completed": 9,
      "sleep_reason": "day advanced; morning house ready",
      "money": 160,
      "shipping_money": 0,
      "shipped_count": 0,
      "harvested_count": 0,
      "establish_planted": 0,
      "planned_phases": [
        "EXIT_TO_FARM",
        "DYNAMIC_OUTDOOR_PLAN"
      ],
      "phase_results": [
        {
          "phase": "EXIT_TO_FARM",
          "kind": "farm_building_exit",
          "status": "success",
          "reason": "tilemap=0x00",
          "step": 527
        },
        {
          "phase": "BUY_SEEDS_WINDOW",
          "kind": "deadline",
          "status": "success",
          "reason": "before cutoff at 06:00",
          "step": 529
        },
        {
          "phase": "NAV_FARM_EXIT",
          "kind": "farm_exit",
          "status": "success",
          "reason": "arrived",
          "step": 3248
        },
        {
          "phase": "BUY_SEEDS",
          "kind": "cross_map",
          "status": "success",
          "reason": "returned to origin map",
          "step": 5621
        },
        {
          "phase": "ENSURE_WATERING_CAN",
          "kind": "ensure_tool",
          "status": "success",
          "reason": "tool 0x10 ready",
          "step": 5622
        },
        {
          "phase": "NAV_CROP",
          "kind": "nav",
          "status": "success",
          "reason": "arrived",
          "step": 5973
        },
        {
          "phase": "CROP_WATER",
          "kind": "crop",
          "status": "success",
          "reason": "planted=0 watered=6 passes=1",
          "step": 6627
        },
        {
          "phase": "CLEAR_FIELD",
          "kind": "clear_field",
          "status": "success",
          "reason": "clear_budget cleared=5 remaining=753 lift_only",
          "step": 10128
        }
      ],
      "deferred": [],
      "step": 116118
    },
    {
      "plan_season": 0,
      "plan_day": 11,
      "end_season": 0,
      "end_day": 12,
      "overnights_completed": 10,
      "sleep_reason": "day advanced; morning house ready",
      "money": 160,
      "shipping_money": 0,
      "shipped_count": 0,
      "harvested_count": 0,
      "establish_planted": 0,
      "planned_phases": [
        "EXIT_TO_FARM",
        "DYNAMIC_OUTDOOR_PLAN"
      ],
      "phase_results": [
        {
          "phase": "EXIT_TO_FARM",
          "kind": "farm_building_exit",
          "status": "success",
          "reason": "tilemap=0x00",
          "step": 528
        },
        {
          "phase": "BUY_SEEDS_WINDOW",
          "kind": "deadline",
          "status": "success",
          "reason": "before cutoff at 06:00",
          "step": 530
        },
        {
          "phase": "NAV_FARM_EXIT",
          "kind": "farm_exit",
          "status": "success",
          "reason": "arrived",
          "step": 698
        },
        {
          "phase": "BUY_SEEDS",
          "kind": "cross_map",
          "status": "success",
          "reason": "returned to origin map",
          "step": 3071
        },
        {
          "phase": "ENSURE_WATERING_CAN",
          "kind": "ensure_tool",
          "status": "success",
          "reason": "tool 0x10 ready",
          "step": 3072
        },
        {
          "phase": "NAV_CROP",
          "kind": "nav",
          "status": "success",
          "reason": "soft arrived dist=31 stasis=90",
          "step": 5280
        },
        {
          "phase": "CROP_WATER",
          "kind": "crop",
          "status": "success",
          "reason": "planted=0 watered=6 passes=1",
          "step": 5965
        },
        {
          "phase": "CLEAR_FIELD",
          "kind": "clear_field",
          "status": "success",
          "reason": "clear_budget cleared=0 remaining=753 lift_only",
          "step": 9466
        }
      ],
      "deferred": [],
      "step": 126638
    }
  ],
  "journal_summary": {
    "overnights": 10,
    "phase_success_counts": {
      "BUY_SEEDS_WINDOW": 6,
      "CLEAR_FIELD": 10,
      "EXIT_TO_FARM": 9,
      "NAV_FARM_EXIT": 5,
      "BUY_SEEDS": 5,
      "NAV_CROP": 8,
      "ENSURE_CROP_SEEDS": 2,
      "CROP_ESTABLISH": 1,
      "ENSURE_WATERING_CAN": 4,
      "CROP_WATER": 3
    },
    "phase_skip_counts": {
      "ENSURE_CROP_SEEDS": 2
    },
    "phase_no_work_counts": {},
    "phase_failure_counts": {},
    "crop_water_deltas": [
      {
        "plan_day": 9,
        "status": "success",
        "reason": "planted=0 watered=6 refills=1 passes=1"
      },
      {
        "plan_day": 10,
        "status": "success",
        "reason": "planted=0 watered=6 passes=1"
      },
      {
        "plan_day": 11,
        "status": "success",
        "reason": "planted=0 watered=6 passes=1"
      }
    ],
    "crop_establish_deltas": [
      {
        "plan_day": 7,
        "status": "success",
        "reason": "planted=1 watered=0 passes=1"
      }
    ],
    "harvest_deltas": [],
    "total_shipped": 0,
    "total_harvested": 0,
    "total_planted": 1,
    "final_money": 160,
    "harvest_phases_present": false,
    "crop_establish_nonzero": true,
    "gate_a_economy_ok": false
  },
  "crop_survival": {
    "farm_map_loaded": true,
    "tilemap": 0,
    "crop": 6,
    "mature": 0,
    "dry": 4,
    "wet": 2,
    "samples": [
      [
        13,
        26,
        93
      ],
      [
        14,
        26,
        92
      ],
      [
        13,
        27,
        93
      ],
      [
        13,
        28,
        92
      ],
      [
        14,
        28,
        92
      ],
      [
        15,
        28,
        92
      ]
    ],
    "alive": true
  },
  "success": false,
  "advanced": true,
  "goal_reached": false,
  "money_gt_100": true,
  "gate_b_full_ok": false,
  "reason": "return_home failed: nav_house_front failed: multi_nav timeout",
  "terminal": true,
  "mid_run_state_load": false,
  "clean_run": {
    "intervention_class": "Clean",
    "initial_state_loads": 0,
    "mid_run_state_loads": 0,
    "ram_writes": 0,
    "infinite_stamina": false,
    "source_state": null,
    "source_state_sha256": null
  },
  "video": null
}
